sexe,prenom,annee,naissances
1,_TOTAL,1943,290910
1,_TOTAL,1945,297095
1,_TOTAL,1946,443135
1,_TOTAL,1947,456945
1,_TOTAL,1950,451305
1,_TOTAL,1951,433485
1,_TOTAL,1952,432120
1,_TOTAL,1953,423365
1,_TOTAL,1954,427190
1,_TOTAL,1955,423585
1,_TOTAL,1957,429540
1,_TOTAL,1958,427140
1,_TOTAL,1960,432355
1,_TOTAL,1961,441235
1,_TOTAL,1962,438665
1,_TOTAL,1963,456990
1,_TOTAL,1964,462415
1,_TOTAL,1965,456205
1,_TOTAL,1966,455060
1,_TOTAL,1967,442425
1,_TOTAL,1968,439900
1,_TOTAL,1969,442230
1,_TOTAL,1970,446525
1,_TOTAL,1971,461890
1,_TOTAL,1972,459900
1,_TOTAL,1973,448000
1,_TOTAL,1974,418780
1,_TOTAL,1975,388325
1,_TOTAL,1976,374095
1,_TOTAL,1977,386010
1,_TOTAL,1978,380885
1,_TOTAL,1979,391565
1,_TOTAL,1980,413090
1,_TOTAL,1981,415295
1,_TOTAL,1982,410765
1,_TOTAL,1983,385795
1,_TOTAL,1984,391325
1,_TOTAL,1985,396080
1,_TOTAL,1986,400635
1,_TOTAL,1987,395375
1,_TOTAL,1988,397850
1,_TOTAL,1989,394785
1,_TOTAL,1990,394405
1,_TOTAL,1991,392205
1,_TOTAL,1992,384075
1,_TOTAL,1993,366175
1,_TOTAL,1994,365530
1,_TOTAL,1995,374020
1,_TOTAL,1996,377605
1,_TOTAL,1997,374370
1,_TOTAL,1998,378705
1,_TOTAL,1999,383190
1,_TOTAL,2000,399880
1,_TOTAL,2001,394335
1,_TOTAL,2002,389520
1,_TOTAL,2003,386810
1,_TOTAL,2004,389980
1,_TOTAL,2005,392220
2,_TOTAL,1943,284055
2,_TOTAL,1945,291625
2,_TOTAL,1946,420130
2,_TOTAL,1947,433125
2,_TOTAL,1950,430345
2,_TOTAL,1951,413230
2,_TOTAL,1952,412090
2,_TOTAL,1953,404015
2,_TOTAL,1954,406665
2,_TOTAL,1955,406205
2,_TOTAL,1957,410610
2,_TOTAL,1958,409365
2,_TOTAL,1960,412475
2,_TOTAL,1961,422145
2,_TOTAL,1962,419865
2,_TOTAL,1963,437950
2,_TOTAL,1964,441595
2,_TOTAL,1965,435985
2,_TOTAL,1966,434800
2,_TOTAL,1967,422425
2,_TOTAL,1968,420370
2,_TOTAL,1969,421950
2,_TOTAL,1970,423645
2,_TOTAL,1971,439465
2,_TOTAL,1972,436095
2,_TOTAL,1973,425475
2,_TOTAL,1974,397580
2,_TOTAL,1975,369905
2,_TOTAL,1976,356085
2,_TOTAL,1977,366235
2,_TOTAL,1978,362050
2,_TOTAL,1979,372115
2,_TOTAL,1980,393070
2,_TOTAL,1981,394280
2,_TOTAL,1982,390205
2,_TOTAL,1983,367305
2,_TOTAL,1984,373490
2,_TOTAL,1985,377290
2,_TOTAL,1986,381325
2,_TOTAL,1987,376860
2,_TOTAL,1988,378335
2,_TOTAL,1989,376770
2,_TOTAL,1990,373905
2,_TOTAL,1991,372715
2,_TOTAL,1992,364085
2,_TOTAL,1993,348010
2,_TOTAL,1994,347240
2,_TOTAL,1995,355985
2,_TOTAL,1996,356200
2,_TOTAL,1997,352890
2,_TOTAL,1998,358545
2,_TOTAL,1999,361395
2,_TOTAL,2000,377415
2,_TOTAL,2001,374295
2,_TOTAL,2002,368330
2,_TOTAL,2003,367160
2,_TOTAL,2004,368320
2,_TOTAL,2005,371090
1,ABDELLAH,1950,5
1,ABDELLAH,1952,5
1,ABDELLAH,1954,5
1,ABDELLAH,1955,5
1,ABDELLAH,1957,10
1,ABDELLAH,1958,5
1,ABDELLAH,1960,10
1,ABDELLAH,1961,15
1,ABDELLAH,1962,10
1,ABDELLAH,1963,10
1,ABDELLAH,1964,10
1,ABDELLAH,1965,15
1,ABDELLAH,1966,15
1,ABDELLAH,1967,20
1,ABDELLAH,1968,15
1,ABDELLAH,1969,30
1,ABDELLAH,1970,25
1,ABDELLAH,1971,30
1,ABDELLAH,1972,35
1,ABDELLAH,1973,45
1,ABDELLAH,1974,45
1,ABDELLAH,1975,40
1,ABDELLAH,1976,45
1,ABDELLAH,1977,40
1,ABDELLAH,1978,45
1,ABDELLAH,1979,45
1,ABDELLAH,1980,45
1,ABDELLAH,1981,60
1,ABDELLAH,1982,50
1,ABDELLAH,1983,50
1,ABDELLAH,1984,60
1,ABDELLAH,1985,70
1,ABDELLAH,1986,55
1,ABDELLAH,1987,50
1,ABDELLAH,1988,50
1,ABDELLAH,1989,40
1,ABDELLAH,1990,40
1,ABDELLAH,1991,35
1,ABDELLAH,1992,35
1,ABDELLAH,1993,35
1,ABDELLAH,1994,40
1,ABDELLAH,1995,40
1,ABDELLAH,1996,30
1,ABDELLAH,1997,40
1,ABDELLAH,1998,35
1,ABDELLAH,1999,25
1,ABDELLAH,2000,45
1,ABDELLAH,2001,45
1,ABDELLAH,2002,35
1,ABDELLAH,2003,60
1,ABDELLAH,2004,45
1,ABDELLAH,2005,55
1,ADONIS,1943,5
1,ADONIS,1952,5
1,ADONIS,1954,5
1,ADONIS,1962,5
1,ADONIS,1967,5
1,ADONIS,1968,5
1,ADONIS,1970,5
1,ADONIS,1972,5
1,ADONIS,1974,5
1,ADONIS,1977,5
1,ADONIS,1978,5
1,ADONIS,1979,5
1,ADONIS,1982,5
1,ADONIS,1983,5
1,ADONIS,1984,5
1,ADONIS,1985,5
1,ADONIS,1986,5
1,ADONIS,1987,5
1,ADONIS,1989,5
1,ADONIS,1990,5
1,ADONIS,1991,5
1,ADONIS,1992,10
1,ADONIS,1993,5
1,ADONIS,1994,10
1,ADONIS,1995,10
1,ADONIS,1996,10
1,ADONIS,1997,5
1,ADONIS,1998,10
1,ADONIS,1999,20
1,ADONIS,2000,25
1,ADONIS,2001,20
1,ADONIS,2002,30
1,ADONIS,2003,35
1,ADONIS,2004,40
1,ADONIS,2005,60
1,ADRIEN,1943,175
1,ADRIEN,1945,165
1,ADRIEN,1946,195
1,ADRIEN,1947,185
1,ADRIEN,1950,180
1,ADRIEN,1951,170
1,ADRIEN,1952,175
1,ADRIEN,1953,170
1,ADRIEN,1954,155
1,ADRIEN,1955,145
1,ADRIEN,1957,95
1,ADRIEN,1958,120
1,ADRIEN,1960,125
1,ADRIEN,1961,75
1,ADRIEN,1962,100
1,ADRIEN,1963,95
1,ADRIEN,1964,60
1,ADRIEN,1965,65
1,ADRIEN,1966,75
1,ADRIEN,1967,60
1,ADRIEN,1968,75
1,ADRIEN,1969,90
1,ADRIEN,1970,70
1,ADRIEN,1971,100
1,ADRIEN,1972,120
1,ADRIEN,1973,105
1,ADRIEN,1974,105
1,ADRIEN,1975,145
1,ADRIEN,1976,250
1,ADRIEN,1977,345
1,ADRIEN,1978,485
1,ADRIEN,1979,670
1,ADRIEN,1980,1125
1,ADRIEN,1981,1705
1,ADRIEN,1982,1770
1,ADRIEN,1983,1775
1,ADRIEN,1984,2225
1,ADRIEN,1985,3035
1,ADRIEN,1986,3680
1,ADRIEN,1987,3905
1,ADRIEN,1988,4200
1,ADRIEN,1989,4170
1,ADRIEN,1990,4220
1,ADRIEN,1991,4355
1,ADRIEN,1992,3850
1,ADRIEN,1993,3480
1,ADRIEN,1994,3915
1,ADRIEN,1995,3910
1,ADRIEN,1996,3630
1,ADRIEN,1997,3910
1,ADRIEN,1998,3615
1,ADRIEN,1999,3635
1,ADRIEN,2000,3630
1,ADRIEN,2001,3395
1,ADRIEN,2002,2855
1,ADRIEN,2003,2405
1,ADRIEN,2004,2345
1,ADRIEN,2005,2165
1,AHMAD,1964,5
1,AHMAD,1968,5
1,AHMAD,1969,5
1,AHMAD,1976,5
1,AHMAD,1977,5
1,AHMAD,1978,5
1,AHMAD,1979,5
1,AHMAD,1980,10
1,AHMAD,1981,10
1,AHMAD,1982,10
1,AHMAD,1983,5
1,AHMAD,1984,10
1,AHMAD,1985,10
1,AHMAD,1986,5
1,AHMAD,1988,10
1,AHMAD,1989,15
1,AHMAD,1990,15
1,AHMAD,1991,10
1,AHMAD,1992,15
1,AHMAD,1993,15
1,AHMAD,1994,10
1,AHMAD,1995,10
1,AHMAD,1996,15
1,AHMAD,1997,10
1,AHMAD,1998,10
1,AHMAD,1999,10
1,AHMAD,2000,15
1,AHMAD,2001,20
1,AHMAD,2002,15
1,AHMAD,2003,15
1,AHMAD,2004,20
1,AHMAD,2005,30
1,ALAIN,1943,8725
1,ALAIN,1945,11550
1,ALAIN,1946,19785
1,ALAIN,1947,22780
1,ALAIN,1950,24050
1,ALAIN,1951,23030
1,ALAIN,1952,21915
1,ALAIN,1953,21295
1,ALAIN,1954,20315
1,ALAIN,1955,19870
1,ALAIN,1957,17560
1,ALAIN,1958,16055
1,ALAIN,1960,15275
1,ALAIN,1961,14380
1,ALAIN,1962,13365
1,ALAIN,1963,13225
1,ALAIN,1964,12585
1,ALAIN,1965,11290
1,ALAIN,1966,9885
1,ALAIN,1967,9025
1,ALAIN,1968,7670
1,ALAIN,1969,6650
1,ALAIN,1970,5120
1,ALAIN,1971,4320
1,ALAIN,1972,3320
1,ALAIN,1973,2535
1,ALAIN,1974,1960
1,ALAIN,1975,1540
1,ALAIN,1976,1250
1,ALAIN,1977,1115
1,ALAIN,1978,930
1,ALAIN,1979,905
1,ALAIN,1980,905
1,ALAIN,1981,835
1,ALAIN,1982,740
1,ALAIN,1983,685
1,ALAIN,1984,590
1,ALAIN,1985,600
1,ALAIN,1986,540
1,ALAIN,1987,435
1,ALAIN,1988,400
1,ALAIN,1989,345
1,ALAIN,1990,330
1,ALAIN,1991,310
1,ALAIN,1992,270
1,ALAIN,1993,225
1,ALAIN,1994,215
1,ALAIN,1995,210
1,ALAIN,1996,155
1,ALAIN,1997,135
1,ALAIN,1998,120
1,ALAIN,1999,110
1,ALAIN,2000,150
1,ALAIN,2001,130
1,ALAIN,2002,95
1,ALAIN,2003,80
1,ALAIN,2004,85
1,ALAIN,2005,75
1,ALBAN,1943,30
1,ALBAN,1945,30
1,ALBAN,1946,30
1,ALBAN,1947,50
1,ALBAN,1950,55
1,ALBAN,1951,45
1,ALBAN,1952,50
1,ALBAN,1953,45
1,ALBAN,1954,45
1,ALBAN,1955,45
1,ALBAN,1957,45
1,ALBAN,1958,50
1,ALBAN,1960,55
1,ALBAN,1961,60
1,ALBAN,1962,70
1,ALBAN,1963,65
1,ALBAN,1964,70
1,ALBAN,1965,75
1,ALBAN,1966,90
1,ALBAN,1967,110
1,ALBAN,1968,125
1,ALBAN,1969,135
1,ALBAN,1970,170
1,ALBAN,1971,205
1,ALBAN,1972,310
1,ALBAN,1973,340
1,ALBAN,1974,415
1,ALBAN,1975,320
1,ALBAN,1976,350
1,ALBAN,1977,420
1,ALBAN,1978,415
1,ALBAN,1979,400
1,ALBAN,1980,415
1,ALBAN,1981,405
1,ALBAN,1982,410
1,ALBAN,1983,405
1,ALBAN,1984,480
1,ALBAN,1985,440
1,ALBAN,1986,520
1,ALBAN,1987,525
1,ALBAN,1988,540
1,ALBAN,1989,470
1,ALBAN,1990,390
1,ALBAN,1991,410
1,ALBAN,1992,380
1,ALBAN,1993,375
1,ALBAN,1994,385
1,ALBAN,1995,365
1,ALBAN,1996,460
1,ALBAN,1997,440
1,ALBAN,1998,435
1,ALBAN,1999,460
1,ALBAN,2000,475
1,ALBAN,2001,515
1,ALBAN,2002,505
1,ALBAN,2003,495
1,ALBAN,2004,555
1,ALBAN,2005,635
1,ALEXANDRA,1983,5
1,ALEXANDRA,1995,5
1,ALEXANDRA,1999,5
1,ALEXANDRE,1943,245
1,ALEXANDRE,1945,210
1,ALEXANDRE,1946,300
1,ALEXANDRE,1947,300
1,ALEXANDRE,1950,265
1,ALEXANDRE,1951,240
1,ALEXANDRE,1952,235
1,ALEXANDRE,1953,225
1,ALEXANDRE,1954,260
1,ALEXANDRE,1955,230
1,ALEXANDRE,1957,255
1,ALEXANDRE,1958,270
1,ALEXANDRE,1960,300
1,ALEXANDRE,1961,320
1,ALEXANDRE,1962,345
1,ALEXANDRE,1963,435
1,ALEXANDRE,1964,495
1,ALEXANDRE,1965,630
1,ALEXANDRE,1966,735
1,ALEXANDRE,1967,840
1,ALEXANDRE,1968,1045
1,ALEXANDRE,1969,1295
1,ALEXANDRE,1970,1825
1,ALEXANDRE,1971,2140
1,ALEXANDRE,1972,3085
1,ALEXANDRE,1973,3200
1,ALEXANDRE,1974,3405
1,ALEXANDRE,1975,4070
1,ALEXANDRE,1976,4485
1,ALEXANDRE,1977,4940
1,ALEXANDRE,1978,5215
1,ALEXANDRE,1979,6160
1,ALEXANDRE,1980,6995
1,ALEXANDRE,1981,7025
1,ALEXANDRE,1982,7195
1,ALEXANDRE,1983,6320
1,ALEXANDRE,1984,6075
1,ALEXANDRE,1985,6935
1,ALEXANDRE,1986,8735
1,ALEXANDRE,1987,8220
1,ALEXANDRE,1988,8245
1,ALEXANDRE,1989,8315
1,ALEXANDRE,1990,8360
1,ALEXANDRE,1991,8875
1,ALEXANDRE,1992,8775
1,ALEXANDRE,1993,8950
1,ALEXANDRE,1994,8820
1,ALEXANDRE,1995,9010
1,ALEXANDRE,1996,8865
1,ALEXANDRE,1997,8195
1,ALEXANDRE,1998,7510
1,ALEXANDRE,1999,6945
1,ALEXANDRE,2000,6365
1,ALEXANDRE,2001,5540
1,ALEXANDRE,2002,5030
1,ALEXANDRE,2003,5105
1,ALEXANDRE,2004,4150
1,ALEXANDRE,2005,4085
1,ALEXIS,1943,130
1,ALEXIS,1945,110
1,ALEXIS,1946,140
1,ALEXIS,1947,160
1,ALEXIS,1950,135
1,ALEXIS,1951,115
1,ALEXIS,1952,115
1,ALEXIS,1953,100
1,ALEXIS,1954,100
1,ALEXIS,1955,110
1,ALEXIS,1957,115
1,ALEXIS,1958,105
1,ALEXIS,1960,165
1,ALEXIS,1961,145
1,ALEXIS,1962,175
1,ALEXIS,1963,205
1,ALEXIS,1964,220
1,ALEXIS,1965,275
1,ALEXIS,1966,285
1,ALEXIS,1967,330
1,ALEXIS,1968,350
1,ALEXIS,1969,455
1,ALEXIS,1970,510
1,ALEXIS,1971,590
1,ALEXIS,1972,680
1,ALEXIS,1973,635
1,ALEXIS,1974,655
1,ALEXIS,1975,695
1,ALEXIS,1976,735
1,ALEXIS,1977,870
1,ALEXIS,1978,920
1,ALEXIS,1979,1030
1,ALEXIS,1980,1295
1,ALEXIS,1981,1235
1,ALEXIS,1982,1310
1,ALEXIS,1983,1480
1,ALEXIS,1984,1630
1,ALEXIS,1985,1845
1,ALEXIS,1986,2040
1,ALEXIS,1987,2315
1,ALEXIS,1988,2435
1,ALEXIS,1989,3055
1,ALEXIS,1990,3745
1,ALEXIS,1991,3810
1,ALEXIS,1992,4420
1,ALEXIS,1993,4605
1,ALEXIS,1994,4865
1,ALEXIS,1995,5510
1,ALEXIS,1996,5830
1,ALEXIS,1997,5655
1,ALEXIS,1998,5470
1,ALEXIS,1999,5260
1,ALEXIS,2000,5575
1,ALEXIS,2001,5255
1,ALEXIS,2002,4570
1,ALEXIS,2003,4480
1,ALEXIS,2004,4255
1,ALEXIS,2005,3865
1,ALI,1943,20
1,ALI,1945,45
1,ALI,1946,85
1,ALI,1947,85
1,ALI,1950,105
1,ALI,1951,135
1,ALI,1952,135
1,ALI,1953,150
1,ALI,1954,165
1,ALI,1955,180
1,ALI,1957,185
1,ALI,1958,200
1,ALI,1960,250
1,ALI,1961,305
1,ALI,1962,290
1,ALI,1963,305
1,ALI,1964,365
1,ALI,1965,400
1,ALI,1966,400
1,ALI,1967,395
1,ALI,1968,360
1,ALI,1969,355
1,ALI,1970,370
1,ALI,1971,380
1,ALI,1972,370
1,ALI,1973,390
1,ALI,1974,375
1,ALI,1975,375
1,ALI,1976,360
1,ALI,1977,370
1,ALI,1978,350
1,ALI,1979,370
1,ALI,1980,395
1,ALI,1981,415
1,ALI,1982,430
1,ALI,1983,410
1,ALI,1984,420
1,ALI,1985,410
1,ALI,1986,355
1,ALI,1987,310
1,ALI,1988,320
1,ALI,1989,335
1,ALI,1990,315
1,ALI,1991,305
1,ALI,1992,310
1,ALI,1993,280
1,ALI,1994,310
1,ALI,1995,275
1,ALI,1996,255
1,ALI,1997,230
1,ALI,1998,265
1,ALI,1999,310
1,ALI,2000,295
1,ALI,2001,350
1,ALI,2002,365
1,ALI,2003,390
1,ALI,2004,400
1,ALI,2005,385
1,ALIX,1943,25
1,ALIX,1945,25
1,ALIX,1946,35
1,ALIX,1947,50
1,ALIX,1950,35
1,ALIX,1951,35
1,ALIX,1952,50
1,ALIX,1953,40
1,ALIX,1954,45
1,ALIX,1955,50
1,ALIX,1957,40
1,ALIX,1958,35
1,ALIX,1960,40
1,ALIX,1961,45
1,ALIX,1962,55
1,ALIX,1963,65
1,ALIX,1964,50
1,ALIX,1965,30
1,ALIX,1966,30
1,ALIX,1967,50
1,ALIX,1968,35
1,ALIX,1969,40
1,ALIX,1970,30
1,ALIX,1971,30
1,ALIX,1972,30
1,ALIX,1973,40
1,ALIX,1974,40
1,ALIX,1975,40
1,ALIX,1976,30
1,ALIX,1977,20
1,ALIX,1978,40
1,ALIX,1979,45
1,ALIX,1980,30
1,ALIX,1981,50
1,ALIX,1982,40
1,ALIX,1983,55
1,ALIX,1984,60
1,ALIX,1985,70
1,ALIX,1986,70
1,ALIX,1987,105
1,ALIX,1988,100
1,ALIX,1989,95
1,ALIX,1990,85
1,ALIX,1991,95
1,ALIX,1992,105
1,ALIX,1993,110
1,ALIX,1994,95
1,ALIX,1995,100
1,ALIX,1996,110
1,ALIX,1997,125
1,ALIX,1998,140
1,ALIX,1999,155
1,ALIX,2000,135
1,ALIX,2001,160
1,ALIX,2002,185
1,ALIX,2003,185
1,ALIX,2004,230
1,ALIX,2005,215
1,ALLAN,1946,5
1,ALLAN,1951,5
1,ALLAN,1952,5
1,ALLAN,1954,10
1,ALLAN,1955,10
1,ALLAN,1957,5
1,ALLAN,1960,10
1,ALLAN,1961,5
1,ALLAN,1962,10
1,ALLAN,1964,5
1,ALLAN,1965,5
1,ALLAN,1966,10
1,ALLAN,1967,5
1,ALLAN,1969,5
1,ALLAN,1970,5
1,ALLAN,1971,10
1,ALLAN,1972,10
1,ALLAN,1973,20
1,ALLAN,1974,40
1,ALLAN,1975,40
1,ALLAN,1976,65
1,ALLAN,1977,60
1,ALLAN,1978,70
1,ALLAN,1979,95
1,ALLAN,1980,115
1,ALLAN,1981,115
1,ALLAN,1982,180
1,ALLAN,1983,135
1,ALLAN,1984,150
1,ALLAN,1985,160
1,ALLAN,1986,190
1,ALLAN,1987,245
1,ALLAN,1988,360
1,ALLAN,1989,420
1,ALLAN,1990,565
1,ALLAN,1991,515
1,ALLAN,1992,580
1,ALLAN,1993,570
1,ALLAN,1994,580
1,ALLAN,1995,695
1,ALLAN,1996,715
1,ALLAN,1997,750
1,ALLAN,1998,1365
1,ALLAN,1999,1290
1,ALLAN,2000,1035
1,ALLAN,2001,850
1,ALLAN,2002,805
1,ALLAN,2003,655
1,ALLAN,2004,570
1,ALLAN,2005,595
1,ALÉXIS,1989,5
1,ALÉXIS,1996,10
1,ALÉXIS,1997,5
1,ALÉXIS,1998,10
1,ALÉXIS,1999,5
1,AMBRE,1993,5
1,AMBRE,1997,5
1,AMBRE,1999,10
1,AMBRE,2002,5
1,AMBRE,2003,5
1,AMBRE,2005,5
1,AMEL,1971,5
1,AMEL,1972,5
1,AMEL,1973,5
1,AMEL,1975,5
1,AMEL,1980,5
1,AMEL,1983,5
1,AMEL,1993,5
1,AMEL,1998,5
1,AMEL,1999,5
1,AMEL,2002,5
1,AMEL,2003,5
1,AMEL,2004,5
1,AMEL,2005,5
1,AMIR,1963,5
1,AMIR,1965,5
1,AMIR,1966,5
1,AMIR,1969,5
1,AMIR,1970,10
1,AMIR,1971,10
1,AMIR,1972,5
1,AMIR,1973,10
1,AMIR,1974,10
1,AMIR,1975,5
1,AMIR,1976,15
1,AMIR,1977,20
1,AMIR,1978,20
1,AMIR,1979,25
1,AMIR,1980,35
1,AMIR,1981,40
1,AMIR,1982,45
1,AMIR,1983,35
1,AMIR,1984,40
1,AMIR,1985,60
1,AMIR,1986,50
1,AMIR,1987,45
1,AMIR,1988,55
1,AMIR,1989,55
1,AMIR,1990,75
1,AMIR,1991,55
1,AMIR,1992,85
1,AMIR,1993,95
1,AMIR,1994,100
1,AMIR,1995,90
1,AMIR,1996,105
1,AMIR,1997,95
1,AMIR,1998,90
1,AMIR,1999,120
1,AMIR,2000,145
1,AMIR,2001,110
1,AMIR,2002,135
1,AMIR,2003,170
1,AMIR,2004,205
1,AMIR,2005,220
1,AMRI,2003,5
1,AMÉLIE,1950,5
1,AMÉLIE,1952,5
1,AMÉLIE,1957,5
1,ANDREA,1988,5
1,ANDREA,1991,5
1,ANDREA,1995,5
1,ANDREA,1997,5
1,ANDREA,1998,5
1,ANDREA,2003,10
1,ANDREA,2004,10
1,ANDRÉ,1943,10235
1,ANDRÉ,1945,9350
1,ANDRÉ,1946,13205
1,ANDRÉ,1947,12025
1,ANDRÉ,1950,9660
1,ANDRÉ,1951,8825
1,ANDRÉ,1952,7415
1,ANDRÉ,1953,6800
1,ANDRÉ,1954,6245
1,ANDRÉ,1955,5730
1,ANDRÉ,1957,4860
1,ANDRÉ,1958,4225
1,ANDRÉ,1960,4005
1,ANDRÉ,1961,3775
1,ANDRÉ,1962,3155
1,ANDRÉ,1963,2820
1,ANDRÉ,1964,2570
1,ANDRÉ,1965,2165
1,ANDRÉ,1966,1790
1,ANDRÉ,1967,1555
1,ANDRÉ,1968,1395
1,ANDRÉ,1969,1210
1,ANDRÉ,1970,985
1,ANDRÉ,1971,905
1,ANDRÉ,1972,715
1,ANDRÉ,1973,595
1,ANDRÉ,1974,470
1,ANDRÉ,1975,370
1,ANDRÉ,1976,315
1,ANDRÉ,1977,310
1,ANDRÉ,1978,295
1,ANDRÉ,1979,305
1,ANDRÉ,1980,350
1,ANDRÉ,1981,335
1,ANDRÉ,1982,285
1,ANDRÉ,1983,245
1,ANDRÉ,1984,280
1,ANDRÉ,1985,245
1,ANDRÉ,1986,245
1,ANDRÉ,1987,225
1,ANDRÉ,1988,235
1,ANDRÉ,1989,175
1,ANDRÉ,1990,190
1,ANDRÉ,1991,165
1,ANDRÉ,1992,165
1,ANDRÉ,1993,180
1,ANDRÉ,1994,190
1,ANDRÉ,1995,185
1,ANDRÉ,1996,150
1,ANDRÉ,1997,150
1,ANDRÉ,1998,160
1,ANDRÉ,1999,140
1,ANDRÉ,2000,145
1,ANDRÉ,2001,130
1,ANDRÉ,2002,140
1,ANDRÉ,2003,100
1,ANDRÉ,2004,110
1,ANDRÉ,2005,120
1,ANDRÉA,1953,5
1,ANDRÉA,1954,5
1,ANDRÉA,1957,5
1,ANDRÉA,1958,5
1,ANDRÉA,1960,5
1,ANDRÉA,1961,10
1,ANDRÉA,1962,5
1,ANDRÉA,1963,5
1,ANDRÉA,1964,10
1,ANDRÉA,1965,15
1,ANDRÉA,1966,5
1,ANDRÉA,1967,15
1,ANDRÉA,1968,15
1,ANDRÉA,1969,5
1,ANDRÉA,1970,5
1,ANDRÉA,1971,10
1,ANDRÉA,1972,5
1,ANDRÉA,1973,10
1,ANDRÉA,1974,5
1,ANDRÉA,1975,5
1,ANDRÉA,1976,10
1,ANDRÉA,1977,5
1,ANDRÉA,1978,5
1,ANDRÉA,1979,5
1,ANDRÉA,1980,5
1,ANDRÉA,1981,5
1,ANDRÉA,1982,5
1,ANDRÉA,1983,5
1,ANDRÉA,1984,15
1,ANDRÉA,1985,30
1,ANDRÉA,1986,35
1,ANDRÉA,1987,50
1,ANDRÉA,1988,55
1,ANDRÉA,1989,75
1,ANDRÉA,1990,60
1,ANDRÉA,1991,130
1,ANDRÉA,1992,105
1,ANDRÉA,1993,120
1,ANDRÉA,1994,140
1,ANDRÉA,1995,100
1,ANDRÉA,1996,95
1,ANDRÉA,1997,145
1,ANDRÉA,1998,220
1,ANDRÉA,1999,175
1,ANDRÉA,2000,150
1,ANDRÉA,2001,145
1,ANDRÉA,2002,150
1,ANDRÉA,2003,200
1,ANDRÉA,2004,215
1,ANDRÉA,2005,305
1,ANTHONY,1943,5
1,ANTHONY,1946,10
1,ANTHONY,1947,5
1,ANTHONY,1950,5
1,ANTHONY,1951,5
1,ANTHONY,1952,10
1,ANTHONY,1953,15
1,ANTHONY,1954,20
1,ANTHONY,1955,20
1,ANTHONY,1957,20
1,ANTHONY,1958,25
1,ANTHONY,1960,35
1,ANTHONY,1961,40
1,ANTHONY,1962,50
1,ANTHONY,1963,45
1,ANTHONY,1964,40
1,ANTHONY,1965,60
1,ANTHONY,1966,75
1,ANTHONY,1967,100
1,ANTHONY,1968,230
1,ANTHONY,1969,525
1,ANTHONY,1970,825
1,ANTHONY,1971,1060
1,ANTHONY,1972,1305
1,ANTHONY,1973,1510
1,ANTHONY,1974,1955
1,ANTHONY,1975,2110
1,ANTHONY,1976,2300
1,ANTHONY,1977,2770
1,ANTHONY,1978,2850
1,ANTHONY,1979,3530
1,ANTHONY,1980,4360
1,ANTHONY,1981,4410
1,ANTHONY,1982,5165
1,ANTHONY,1983,5505
1,ANTHONY,1984,6450
1,ANTHONY,1985,8055
1,ANTHONY,1986,7980
1,ANTHONY,1987,8060
1,ANTHONY,1988,9070
1,ANTHONY,1989,8270
1,ANTHONY,1990,8090
1,ANTHONY,1991,7725
1,ANTHONY,1992,7190
1,ANTHONY,1993,6175
1,ANTHONY,1994,6035
1,ANTHONY,1995,5930
1,ANTHONY,1996,5685
1,ANTHONY,1997,4965
1,ANTHONY,1998,4375
1,ANTHONY,1999,4055
1,ANTHONY,2000,3845
1,ANTHONY,2001,3375
1,ANTHONY,2002,2665
1,ANTHONY,2003,2280
1,ANTHONY,2004,1885
1,ANTHONY,2005,1535
1,ANTOINE,1943,965
1,ANTOINE,1945,890
1,ANTOINE,1946,1085
1,ANTOINE,1947,1035
1,ANTOINE,1950,1190
1,ANTOINE,1951,1175
1,ANTOINE,1952,1150
1,ANTOINE,1953,1070
1,ANTOINE,1954,1065
1,ANTOINE,1955,1080
1,ANTOINE,1957,1245
1,ANTOINE,1958,1230
1,ANTOINE,1960,1410
1,ANTOINE,1961,1525
1,ANTOINE,1962,1490
1,ANTOINE,1963,1495
1,ANTOINE,1964,1525
1,ANTOINE,1965,1560
1,ANTOINE,1966,1310
1,ANTOINE,1967,1000
1,ANTOINE,1968,900
1,ANTOINE,1969,1040
1,ANTOINE,1970,1125
1,ANTOINE,1971,1250
1,ANTOINE,1972,1125
1,ANTOINE,1973,1280
1,ANTOINE,1974,1335
1,ANTOINE,1975,1320
1,ANTOINE,1976,1380
1,ANTOINE,1977,1745
1,ANTOINE,1978,1870
1,ANTOINE,1979,2015
1,ANTOINE,1980,2335
1,ANTOINE,1981,2515
1,ANTOINE,1982,2720
1,ANTOINE,1983,2685
1,ANTOINE,1984,2785
1,ANTOINE,1985,3030
1,ANTOINE,1986,3185
1,ANTOINE,1987,3855
1,ANTOINE,1988,4170
1,ANTOINE,1989,4080
1,ANTOINE,1990,4515
1,ANTOINE,1991,4860
1,ANTOINE,1992,5135
1,ANTOINE,1993,5310
1,ANTOINE,1994,6155
1,ANTOINE,1995,6325
1,ANTOINE,1996,6745
1,ANTOINE,1997,6360
1,ANTOINE,1998,6115
1,ANTOINE,1999,6055
1,ANTOINE,2000,5970
1,ANTOINE,2001,5665
1,ANTOINE,2002,5085
1,ANTOINE,2003,4615
1,ANTOINE,2004,4000
1,ANTOINE,2005,3905
1,ANTONIN,1943,50
1,ANTONIN,1945,40
1,ANTONIN,1946,55
1,ANTONIN,1947,55
1,ANTONIN,1950,35
1,ANTONIN,1951,30
1,ANTONIN,1952,25
1,ANTONIN,1953,15
1,ANTONIN,1954,30
1,ANTONIN,1955,20
1,ANTONIN,1957,15
1,ANTONIN,1958,25
1,ANTONIN,1960,25
1,ANTONIN,1961,20
1,ANTONIN,1962,20
1,ANTONIN,1963,15
1,ANTONIN,1964,15
1,ANTONIN,1965,10
1,ANTONIN,1966,15
1,ANTONIN,1967,15
1,ANTONIN,1968,5
1,ANTONIN,1969,15
1,ANTONIN,1970,20
1,ANTONIN,1971,25
1,ANTONIN,1972,30
1,ANTONIN,1973,20
1,ANTONIN,1974,45
1,ANTONIN,1975,30
1,ANTONIN,1976,30
1,ANTONIN,1977,60
1,ANTONIN,1978,55
1,ANTONIN,1979,85
1,ANTONIN,1980,100
1,ANTONIN,1981,95
1,ANTONIN,1982,90
1,ANTONIN,1983,120
1,ANTONIN,1984,130
1,ANTONIN,1985,190
1,ANTONIN,1986,245
1,ANTONIN,1987,235
1,ANTONIN,1988,250
1,ANTONIN,1989,280
1,ANTONIN,1990,350
1,ANTONIN,1991,420
1,ANTONIN,1992,425
1,ANTONIN,1993,425
1,ANTONIN,1994,470
1,ANTONIN,1995,530
1,ANTONIN,1996,610
1,ANTONIN,1997,700
1,ANTONIN,1998,775
1,ANTONIN,1999,995
1,ANTONIN,2000,1065
1,ANTONIN,2001,1250
1,ANTONIN,2002,1310
1,ANTONIN,2003,1350
1,ANTONIN,2004,1250
1,ANTONIN,2005,1180
1,ARI,1967,5
1,ARI,1968,5
1,ARI,1969,5
1,ARI,1970,5
1,ARI,1971,5
1,ARI,1972,5
1,ARI,1974,5
1,ARI,1976,5
1,ARI,1977,5
1,ARI,1978,5
1,ARI,1980,5
1,ARI,1982,5
1,ARI,1985,5
1,ARI,1986,5
1,ARI,1987,5
1,ARI,1988,5
1,ARI,1989,5
1,ARI,1990,5
1,ARI,1991,5
1,ARI,1992,5
1,ARI,1993,5
1,ARI,1994,5
1,ARI,1995,5
1,ARI,1996,10
1,ARI,1997,5
1,ARI,1998,10
1,ARI,1999,5
1,ARI,2000,5
1,ARI,2001,10
1,ARI,2002,20
1,ARI,2003,15
1,ARI,2004,20
1,ARI,2005,15
1,ARNAUD,1943,55
1,ARNAUD,1945,60
1,ARNAUD,1946,100
1,ARNAUD,1947,100
1,ARNAUD,1950,125
1,ARNAUD,1951,130
1,ARNAUD,1952,145
1,ARNAUD,1953,180
1,ARNAUD,1954,170
1,ARNAUD,1955,175
1,ARNAUD,1957,225
1,ARNAUD,1958,365
1,ARNAUD,1960,465
1,ARNAUD,1961,575
1,ARNAUD,1962,665
1,ARNAUD,1963,775
1,ARNAUD,1964,985
1,ARNAUD,1965,1050
1,ARNAUD,1966,1225
1,ARNAUD,1967,1280
1,ARNAUD,1968,1820
1,ARNAUD,1969,2290
1,ARNAUD,1970,3030
1,ARNAUD,1971,4685
1,ARNAUD,1972,5305
1,ARNAUD,1973,5775
1,ARNAUD,1974,6190
1,ARNAUD,1975,5635
1,ARNAUD,1976,4925
1,ARNAUD,1977,4725
1,ARNAUD,1978,4885
1,ARNAUD,1979,5105
1,ARNAUD,1980,4745
1,ARNAUD,1981,4875
1,ARNAUD,1982,4475
1,ARNAUD,1983,3760
1,ARNAUD,1984,3680
1,ARNAUD,1985,3540
1,ARNAUD,1986,4120
1,ARNAUD,1987,3825
1,ARNAUD,1988,3455
1,ARNAUD,1989,3125
1,ARNAUD,1990,2750
1,ARNAUD,1991,2550
1,ARNAUD,1992,2455
1,ARNAUD,1993,2110
1,ARNAUD,1994,2045
1,ARNAUD,1995,1930
1,ARNAUD,1996,1820
1,ARNAUD,1997,1605
1,ARNAUD,1998,1540
1,ARNAUD,1999,1410
1,ARNAUD,2000,1250
1,ARNAUD,2001,1205
1,ARNAUD,2002,885
1,ARNAUD,2003,775
1,ARNAUD,2004,620
1,ARNAUD,2005,535
1,AUBIN,1943,5
1,AUBIN,1945,10
1,AUBIN,1946,20
1,AUBIN,1947,15
1,AUBIN,1950,5
1,AUBIN,1951,5
1,AUBIN,1952,15
1,AUBIN,1953,5
1,AUBIN,1954,15
1,AUBIN,1955,10
1,AUBIN,1957,5
1,AUBIN,1958,5
1,AUBIN,1961,5
1,AUBIN,1962,5
1,AUBIN,1963,10
1,AUBIN,1965,10
1,AUBIN,1966,15
1,AUBIN,1967,5
1,AUBIN,1968,5
1,AUBIN,1969,5
1,AUBIN,1971,5
1,AUBIN,1972,5
1,AUBIN,1973,5
1,AUBIN,1974,5
1,AUBIN,1975,10
1,AUBIN,1976,10
1,AUBIN,1977,15
1,AUBIN,1978,15
1,AUBIN,1979,10
1,AUBIN,1980,20
1,AUBIN,1981,15
1,AUBIN,1982,15
1,AUBIN,1983,20
1,AUBIN,1984,15
1,AUBIN,1985,25
1,AUBIN,1986,25
1,AUBIN,1987,15
1,AUBIN,1988,25
1,AUBIN,1989,25
1,AUBIN,1990,35
1,AUBIN,1991,30
1,AUBIN,1992,25
1,AUBIN,1993,45
1,AUBIN,1994,55
1,AUBIN,1995,70
1,AUBIN,1996,320
1,AUBIN,1997,200
1,AUBIN,1998,150
1,AUBIN,1999,130
1,AUBIN,2000,150
1,AUBIN,2001,160
1,AUBIN,2002,165
1,AUBIN,2003,145
1,AUBIN,2004,165
1,AUBIN,2005,205
1,AUDE,1954,5
1,AUDE,1955,5
1,AUDE,1958,5
1,AUDE,1960,5
1,AUDE,1963,5
1,AUDE,1964,5
1,AUDE,1967,5
1,AUDE,1972,5
1,AUDE,1973,5
1,AUDE,1975,5
1,AUDE,1976,5
1,AUDE,1977,5
1,AUDE,1983,5
1,AUDE,1985,5
1,AUDREY,1966,5
1,AUDREY,1972,10
1,AUDREY,1973,5
1,AUDREY,1974,5
1,AUDREY,1975,5
1,AUDREY,1976,15
1,AUDREY,1977,5
1,AUDREY,1978,5
1,AUDREY,1979,10
1,AUDREY,1980,10
1,AUDREY,1981,20
1,AUDREY,1982,15
1,AUDREY,1983,20
1,AUDREY,1984,10
1,AUDREY,1985,10
1,AUDREY,1986,10
1,AUDREY,1987,10
1,AUDREY,1988,5
1,AUDREY,1989,10
1,AUDREY,1990,5
1,AURELIEN,1984,5
1,AURÉLIE,1947,5
1,AURÉLIEN,1943,20
1,AURÉLIEN,1945,15
1,AURÉLIEN,1946,15
1,AURÉLIEN,1947,10
1,AURÉLIEN,1950,15
1,AURÉLIEN,1951,20
1,AURÉLIEN,1952,20
1,AURÉLIEN,1953,25
1,AURÉLIEN,1954,10
1,AURÉLIEN,1955,20
1,AURÉLIEN,1957,20
1,AURÉLIEN,1958,20
1,AURÉLIEN,1960,5
1,AURÉLIEN,1961,10
1,AURÉLIEN,1962,10
1,AURÉLIEN,1963,5
1,AURÉLIEN,1964,15
1,AURÉLIEN,1965,10
1,AURÉLIEN,1966,25
1,AURÉLIEN,1967,20
1,AURÉLIEN,1968,25
1,AURÉLIEN,1969,30
1,AURÉLIEN,1970,40
1,AURÉLIEN,1971,40
1,AURÉLIEN,1972,50
1,AURÉLIEN,1973,65
1,AURÉLIEN,1974,65
1,AURÉLIEN,1975,565
1,AURÉLIEN,1976,915
1,AURÉLIEN,1977,855
1,AURÉLIEN,1978,1405
1,AURÉLIEN,1979,2665
1,AURÉLIEN,1980,3155
1,AURÉLIEN,1981,3270
1,AURÉLIEN,1982,3845
1,AURÉLIEN,1983,3440
1,AURÉLIEN,1984,3675
1,AURÉLIEN,1985,3755
1,AURÉLIEN,1986,3870
1,AURÉLIEN,1987,3665
1,AURÉLIEN,1988,3500
1,AURÉLIEN,1989,3475
1,AURÉLIEN,1990,3150
1,AURÉLIEN,1991,2995
1,AURÉLIEN,1992,2455
1,AURÉLIEN,1993,2080
1,AURÉLIEN,1994,1850
1,AURÉLIEN,1995,2040
1,AURÉLIEN,1996,1985
1,AURÉLIEN,1997,2040
1,AURÉLIEN,1998,1665
1,AURÉLIEN,1999,1945
1,AURÉLIEN,2000,1635
1,AURÉLIEN,2001,1400
1,AURÉLIEN,2002,1275
1,AURÉLIEN,2003,1180
1,AURÉLIEN,2004,1085
1,AURÉLIEN,2005,985
1,BASTIEN,1945,5
1,BASTIEN,1947,5
1,BASTIEN,1950,5
1,BASTIEN,1951,5
1,BASTIEN,1953,5
1,BASTIEN,1954,5
1,BASTIEN,1955,5
1,BASTIEN,1957,5
1,BASTIEN,1958,5
1,BASTIEN,1963,5
1,BASTIEN,1964,5
1,BASTIEN,1965,5
1,BASTIEN,1966,10
1,BASTIEN,1967,15
1,BASTIEN,1968,20
1,BASTIEN,1969,15
1,BASTIEN,1970,20
1,BASTIEN,1971,50
1,BASTIEN,1972,80
1,BASTIEN,1973,85
1,BASTIEN,1974,145
1,BASTIEN,1975,165
1,BASTIEN,1976,155
1,BASTIEN,1977,225
1,BASTIEN,1978,335
1,BASTIEN,1979,370
1,BASTIEN,1980,495
1,BASTIEN,1981,450
1,BASTIEN,1982,675
1,BASTIEN,1983,675
1,BASTIEN,1984,675
1,BASTIEN,1985,900
1,BASTIEN,1986,1040
1,BASTIEN,1987,1190
1,BASTIEN,1988,1380
1,BASTIEN,1989,1385
1,BASTIEN,1990,1920
1,BASTIEN,1991,1825
1,BASTIEN,1992,1790
1,BASTIEN,1993,1700
1,BASTIEN,1994,2045
1,BASTIEN,1995,1980
1,BASTIEN,1996,1890
1,BASTIEN,1997,1975
1,BASTIEN,1998,2380
1,BASTIEN,1999,2385
1,BASTIEN,2000,2190
1,BASTIEN,2001,2000
1,BASTIEN,2002,1790
1,BASTIEN,2003,1815
1,BASTIEN,2004,1555
1,BASTIEN,2005,1545
1,BENJAMIN,1943,35
1,BENJAMIN,1945,30
1,BENJAMIN,1946,30
1,BENJAMIN,1947,45
1,BENJAMIN,1950,55
1,BENJAMIN,1951,60
1,BENJAMIN,1952,50
1,BENJAMIN,1953,40
1,BENJAMIN,1954,45
1,BENJAMIN,1955,45
1,BENJAMIN,1957,30
1,BENJAMIN,1958,45
1,BENJAMIN,1960,50
1,BENJAMIN,1961,60
1,BENJAMIN,1962,65
1,BENJAMIN,1963,55
1,BENJAMIN,1964,80
1,BENJAMIN,1965,70
1,BENJAMIN,1966,70
1,BENJAMIN,1967,95
1,BENJAMIN,1968,135
1,BENJAMIN,1969,235
1,BENJAMIN,1970,380
1,BENJAMIN,1971,555
1,BENJAMIN,1972,670
1,BENJAMIN,1973,780
1,BENJAMIN,1974,885
1,BENJAMIN,1975,905
1,BENJAMIN,1976,1415
1,BENJAMIN,1977,1935
1,BENJAMIN,1978,1985
1,BENJAMIN,1979,2515
1,BENJAMIN,1980,3760
1,BENJAMIN,1981,3800
1,BENJAMIN,1982,4075
1,BENJAMIN,1983,4275
1,BENJAMIN,1984,4420
1,BENJAMIN,1985,4490
1,BENJAMIN,1986,4940
1,BENJAMIN,1987,5015
1,BENJAMIN,1988,5870
1,BENJAMIN,1989,6130
1,BENJAMIN,1990,6185
1,BENJAMIN,1991,5615
1,BENJAMIN,1992,6280
1,BENJAMIN,1993,5030
1,BENJAMIN,1994,5370
1,BENJAMIN,1995,5310
1,BENJAMIN,1996,4780
1,BENJAMIN,1997,4090
1,BENJAMIN,1998,3965
1,BENJAMIN,1999,4090
1,BENJAMIN,2000,4240
1,BENJAMIN,2001,3910
1,BENJAMIN,2002,3110
1,BENJAMIN,2003,2675
1,BENJAMIN,2004,2465
1,BENJAMIN,2005,2170
1,BENOIT,1952,5
1,BENOIT,1957,5
1,BENOIT,1958,5
1,BENOIT,1960,5
1,BENOIT,1962,5
1,BENOIT,1963,5
1,BENOIT,1964,5
1,BENOIT,1966,5
1,BENOIT,1967,10
1,BENOIT,1968,5
1,BENOIT,1969,10
1,BENOIT,1971,5
1,BENOIT,1972,5
1,BENOIT,1973,10
1,BENOIT,1974,5
1,BENOIT,1975,5
1,BENOIT,1976,5
1,BENOIT,1977,15
1,BENOIT,1978,10
1,BENOIT,1979,15
1,BENOIT,1980,15
1,BENOIT,1981,15
1,BENOIT,1982,10
1,BENOIT,1983,10
1,BENOIT,1984,5
1,BENOIT,1985,10
1,BENOIT,1986,15
1,BENOIT,1987,15
1,BENOIT,1988,10
1,BENOIT,1989,10
1,BENOIT,1990,5
1,BENOIT,1991,10
1,BENOIT,1992,10
1,BENOIT,1993,5
1,BENOIT,1994,5
1,BENOIT,1995,5
1,BENOIT,1996,5
1,BENOIT,1997,5
1,BENOIT,1998,10
1,BENOIT,1999,10
1,BENOIT,2000,10
1,BENOIT,2001,10
1,BENOIT,2002,5
1,BENOIT,2003,5
1,BENOIT,2005,5
1,BENOÎT,1943,105
1,BENOÎT,1945,155
1,BENOÎT,1946,185
1,BENOÎT,1947,200
1,BENOÎT,1950,325
1,BENOÎT,1951,335
1,BENOÎT,1952,380
1,BENOÎT,1953,425
1,BENOÎT,1954,425
1,BENOÎT,1955,500
1,BENOÎT,1957,705
1,BENOÎT,1958,725
1,BENOÎT,1960,1065
1,BENOÎT,1961,1335
1,BENOÎT,1962,1320
1,BENOÎT,1963,1320
1,BENOÎT,1964,1560
1,BENOÎT,1965,1535
1,BENOÎT,1966,1780
1,BENOÎT,1967,1925
1,BENOÎT,1968,1885
1,BENOÎT,1969,2515
1,BENOÎT,1970,2460
1,BENOÎT,1971,2720
1,BENOÎT,1972,2875
1,BENOÎT,1973,2870
1,BENOÎT,1974,3010
1,BENOÎT,1975,2940
1,BENOÎT,1976,3110
1,BENOÎT,1977,4340
1,BENOÎT,1978,4170
1,BENOÎT,1979,4095
1,BENOÎT,1980,4610
1,BENOÎT,1981,4280
1,BENOÎT,1982,4215
1,BENOÎT,1983,3670
1,BENOÎT,1984,3420
1,BENOÎT,1985,4000
1,BENOÎT,1986,4035
1,BENOÎT,1987,3630
1,BENOÎT,1988,3635
1,BENOÎT,1989,3040
1,BENOÎT,1990,2615
1,BENOÎT,1991,2515
1,BENOÎT,1992,2175
1,BENOÎT,1993,1840
1,BENOÎT,1994,1645
1,BENOÎT,1995,1520
1,BENOÎT,1996,1480
1,BENOÎT,1997,1395
1,BENOÎT,1998,1245
1,BENOÎT,1999,1155
1,BENOÎT,2000,1010
1,BENOÎT,2001,940
1,BENOÎT,2002,745
1,BENOÎT,2003,675
1,BENOÎT,2004,570
1,BENOÎT,2005,585
1,BERNARD,1943,11810
1,BERNARD,1945,11920
1,BERNARD,1946,18535
1,BERNARD,1947,19825
1,BERNARD,1950,18355
1,BERNARD,1951,16985
1,BERNARD,1952,17880
1,BERNARD,1953,15705
1,BERNARD,1954,14500
1,BERNARD,1955,13300
1,BERNARD,1957,10640
1,BERNARD,1958,10145
1,BERNARD,1960,7540
1,BERNARD,1961,6755
1,BERNARD,1962,5825
1,BERNARD,1963,5740
1,BERNARD,1964,4650
1,BERNARD,1965,3865
1,BERNARD,1966,3145
1,BERNARD,1967,2605
1,BERNARD,1968,2090
1,BERNARD,1969,1865
1,BERNARD,1970,1480
1,BERNARD,1971,1260
1,BERNARD,1972,1050
1,BERNARD,1973,775
1,BERNARD,1974,585
1,BERNARD,1975,485
1,BERNARD,1976,350
1,BERNARD,1977,330
1,BERNARD,1978,310
1,BERNARD,1979,290
1,BERNARD,1980,260
1,BERNARD,1981,250
1,BERNARD,1982,235
1,BERNARD,1983,175
1,BERNARD,1984,160
1,BERNARD,1985,155
1,BERNARD,1986,145
1,BERNARD,1987,140
1,BERNARD,1988,115
1,BERNARD,1989,90
1,BERNARD,1990,95
1,BERNARD,1991,110
1,BERNARD,1992,80
1,BERNARD,1993,65
1,BERNARD,1994,50
1,BERNARD,1995,40
1,BERNARD,1996,40
1,BERNARD,1997,40
1,BERNARD,1998,35
1,BERNARD,1999,30
1,BERNARD,2000,35
1,BERNARD,2001,20
1,BERNARD,2002,25
1,BERNARD,2003,20
1,BERNARD,2004,20
1,BERNARD,2005,15
1,BERTRAND,1943,260
1,BERTRAND,1945,315
1,BERTRAND,1946,455
1,BERTRAND,1947,495
1,BERTRAND,1950,660
1,BERTRAND,1951,710
1,BERTRAND,1952,800
1,BERTRAND,1953,885
1,BERTRAND,1954,915
1,BERTRAND,1955,1050
1,BERTRAND,1957,1335
1,BERTRAND,1958,1365
1,BERTRAND,1960,1460
1,BERTRAND,1961,1685
1,BERTRAND,1962,1795
1,BERTRAND,1963,1830
1,BERTRAND,1964,1920
1,BERTRAND,1965,1870
1,BERTRAND,1966,1825
1,BERTRAND,1967,1820
1,BERTRAND,1968,1960
1,BERTRAND,1969,2045
1,BERTRAND,1970,2055
1,BERTRAND,1971,1830
1,BERTRAND,1972,1970
1,BERTRAND,1973,1840
1,BERTRAND,1974,1835
1,BERTRAND,1975,1570
1,BERTRAND,1976,1715
1,BERTRAND,1977,1595
1,BERTRAND,1978,1635
1,BERTRAND,1979,1640
1,BERTRAND,1980,1490
1,BERTRAND,1981,1225
1,BERTRAND,1982,1115
1,BERTRAND,1983,955
1,BERTRAND,1984,885
1,BERTRAND,1985,955
1,BERTRAND,1986,855
1,BERTRAND,1987,815
1,BERTRAND,1988,665
1,BERTRAND,1989,555
1,BERTRAND,1990,520
1,BERTRAND,1991,480
1,BERTRAND,1992,395
1,BERTRAND,1993,295
1,BERTRAND,1994,235
1,BERTRAND,1995,210
1,BERTRAND,1996,145
1,BERTRAND,1997,155
1,BERTRAND,1998,115
1,BERTRAND,1999,85
1,BERTRAND,2000,80
1,BERTRAND,2001,75
1,BERTRAND,2002,45
1,BERTRAND,2003,40
1,BERTRAND,2004,50
1,BERTRAND,2005,35
1,BERYL,1976,5
1,BERYL,1981,5
1,BERYL,1984,5
1,BERYL,1986,5
1,BERYL,1987,5
1,BERYL,1990,5
1,BERYL,1994,5
1,BERYL,1997,5
1,BERYL,1999,5
1,BERYL,2000,5
1,BERYL,2001,5
1,BERYL,2003,5
1,BERYL,2004,5
1,BERYL,2005,10
1,BORIS,1943,10
1,BORIS,1945,20
1,BORIS,1946,25
1,BORIS,1947,30
1,BORIS,1950,20
1,BORIS,1951,20
1,BORIS,1952,20
1,BORIS,1953,15
1,BORIS,1954,25
1,BORIS,1955,20
1,BORIS,1957,20
1,BORIS,1958,30
1,BORIS,1960,60
1,BORIS,1961,50
1,BORIS,1962,55
1,BORIS,1963,65
1,BORIS,1964,70
1,BORIS,1965,55
1,BORIS,1966,90
1,BORIS,1967,120
1,BORIS,1968,200
1,BORIS,1969,210
1,BORIS,1970,240
1,BORIS,1971,315
1,BORIS,1972,570
1,BORIS,1973,560
1,BORIS,1974,490
1,BORIS,1975,445
1,BORIS,1976,400
1,BORIS,1977,480
1,BORIS,1978,440
1,BORIS,1979,450
1,BORIS,1980,480
1,BORIS,1981,470
1,BORIS,1982,415
1,BORIS,1983,395
1,BORIS,1984,445
1,BORIS,1985,455
1,BORIS,1986,545
1,BORIS,1987,595
1,BORIS,1988,625
1,BORIS,1989,595
1,BORIS,1990,570
1,BORIS,1991,570
1,BORIS,1992,395
1,BORIS,1993,365
1,BORIS,1994,360
1,BORIS,1995,270
1,BORIS,1996,275
1,BORIS,1997,205
1,BORIS,1998,190
1,BORIS,1999,155
1,BORIS,2000,120
1,BORIS,2001,120
1,BORIS,2002,100
1,BORIS,2003,85
1,BORIS,2004,85
1,BORIS,2005,85
1,BRICE,1943,5
1,BRICE,1945,5
1,BRICE,1947,15
1,BRICE,1950,20
1,BRICE,1951,30
1,BRICE,1952,30
1,BRICE,1953,35
1,BRICE,1954,35
1,BRICE,1955,30
1,BRICE,1957,40
1,BRICE,1958,55
1,BRICE,1960,70
1,BRICE,1961,75
1,BRICE,1962,100
1,BRICE,1963,105
1,BRICE,1964,110
1,BRICE,1965,110
1,BRICE,1966,125
1,BRICE,1967,140
1,BRICE,1968,145
1,BRICE,1969,190
1,BRICE,1970,220
1,BRICE,1971,295
1,BRICE,1972,335
1,BRICE,1973,355
1,BRICE,1974,395
1,BRICE,1975,425
1,BRICE,1976,430
1,BRICE,1977,610
1,BRICE,1978,675
1,BRICE,1979,790
1,BRICE,1980,965
1,BRICE,1981,1210
1,BRICE,1982,1090
1,BRICE,1983,950
1,BRICE,1984,915
1,BRICE,1985,910
1,BRICE,1986,895
1,BRICE,1987,960
1,BRICE,1988,985
1,BRICE,1989,945
1,BRICE,1990,925
1,BRICE,1991,905
1,BRICE,1992,780
1,BRICE,1993,655
1,BRICE,1994,595
1,BRICE,1995,625
1,BRICE,1996,685
1,BRICE,1997,660
1,BRICE,1998,695
1,BRICE,1999,775
1,BRICE,2000,800
1,BRICE,2001,730
1,BRICE,2002,630
1,BRICE,2003,570
1,BRICE,2004,510
1,BRICE,2005,335
1,BRUNO,1943,430
1,BRUNO,1945,435
1,BRUNO,1946,620
1,BRUNO,1947,745
1,BRUNO,1950,1440
1,BRUNO,1951,1740
1,BRUNO,1952,2040
1,BRUNO,1953,2465
1,BRUNO,1954,3135
1,BRUNO,1955,4055
1,BRUNO,1957,5825
1,BRUNO,1958,7505
1,BRUNO,1960,9665
1,BRUNO,1961,10815
1,BRUNO,1962,11635
1,BRUNO,1963,12740
1,BRUNO,1964,12245
1,BRUNO,1965,11705
1,BRUNO,1966,10915
1,BRUNO,1967,9615
1,BRUNO,1968,8675
1,BRUNO,1969,7625
1,BRUNO,1970,7360
1,BRUNO,1971,7045
1,BRUNO,1972,5695
1,BRUNO,1973,4430
1,BRUNO,1974,3640
1,BRUNO,1975,3000
1,BRUNO,1976,2515
1,BRUNO,1977,2425
1,BRUNO,1978,2175
1,BRUNO,1979,2100
1,BRUNO,1980,1955
1,BRUNO,1981,1800
1,BRUNO,1982,1870
1,BRUNO,1983,1590
1,BRUNO,1984,1355
1,BRUNO,1985,1330
1,BRUNO,1986,1225
1,BRUNO,1987,1210
1,BRUNO,1988,1010
1,BRUNO,1989,855
1,BRUNO,1990,785
1,BRUNO,1991,645
1,BRUNO,1992,555
1,BRUNO,1993,485
1,BRUNO,1994,450
1,BRUNO,1995,400
1,BRUNO,1996,370
1,BRUNO,1997,410
1,BRUNO,1998,295
1,BRUNO,1999,270
1,BRUNO,2000,280
1,BRUNO,2001,240
1,BRUNO,2002,195
1,BRUNO,2003,175
1,BRUNO,2004,170
1,BRUNO,2005,155
1,BÉATRICE,1950,5
1,BÉATRICE,1952,5
1,CAMILLE,1943,365
1,CAMILLE,1945,325
1,CAMILLE,1946,445
1,CAMILLE,1947,420
1,CAMILLE,1950,310
1,CAMILLE,1951,275
1,CAMILLE,1952,260
1,CAMILLE,1953,265
1,CAMILLE,1954,230
1,CAMILLE,1955,225
1,CAMILLE,1957,170
1,CAMILLE,1958,150
1,CAMILLE,1960,155
1,CAMILLE,1961,140
1,CAMILLE,1962,125
1,CAMILLE,1963,140
1,CAMILLE,1964,125
1,CAMILLE,1965,125
1,CAMILLE,1966,110
1,CAMILLE,1967,85
1,CAMILLE,1968,75
1,CAMILLE,1969,90
1,CAMILLE,1970,75
1,CAMILLE,1971,85
1,CAMILLE,1972,70
1,CAMILLE,1973,75
1,CAMILLE,1974,65
1,CAMILLE,1975,70
1,CAMILLE,1976,70
1,CAMILLE,1977,110
1,CAMILLE,1978,140
1,CAMILLE,1979,190
1,CAMILLE,1980,220
1,CAMILLE,1981,280
1,CAMILLE,1982,285
1,CAMILLE,1983,385
1,CAMILLE,1984,400
1,CAMILLE,1985,480
1,CAMILLE,1986,545
1,CAMILLE,1987,505
1,CAMILLE,1988,575
1,CAMILLE,1989,625
1,CAMILLE,1990,665
1,CAMILLE,1991,660
1,CAMILLE,1992,565
1,CAMILLE,1993,535
1,CAMILLE,1994,505
1,CAMILLE,1995,485
1,CAMILLE,1996,475
1,CAMILLE,1997,505
1,CAMILLE,1998,510
1,CAMILLE,1999,425
1,CAMILLE,2000,405
1,CAMILLE,2001,360
1,CAMILLE,2002,340
1,CAMILLE,2003,350
1,CAMILLE,2004,405
1,CAMILLE,2005,385
1,CASSANDRE,1992,5
1,CASSANDRE,1993,5
1,CASSANDRE,1994,5
1,CASSANDRE,1995,5
1,CASSANDRE,1996,5
1,CASSANDRE,1997,5
1,CASSANDRE,1998,5
1,CASSANDRE,1999,5
1,CASSANDRE,2000,5
1,CASSANDRE,2002,5
1,CASSANDRE,2003,5
1,CASSANDRE,2004,5
1,CASSANDRE,2005,10
1,CATHERINE,1943,5
1,CATHERINE,1945,10
1,CATHERINE,1946,5
1,CATHERINE,1950,5
1,CATHERINE,1952,5
1,CATHERINE,1953,5
1,CATHERINE,1954,5
1,CATHERINE,1955,5
1,CATHERINE,1960,5
1,CATHERINE,1967,5
1,CATHERINE,1970,5
1,CEDRIC,1946,5
1,CEDRIC,1950,5
1,CEDRIC,1951,5
1,CEDRIC,1952,5
1,CEDRIC,1953,10
1,CEDRIC,1954,10
1,CEDRIC,1955,10
1,CEDRIC,1957,10
1,CEDRIC,1958,5
1,CEDRIC,1960,20
1,CEDRIC,1961,25
1,CEDRIC,1962,30
1,CEDRIC,1963,40
1,CEDRIC,1964,70
1,CEDRIC,1965,105
1,CEDRIC,1966,170
1,CEDRIC,1967,205
1,CEDRIC,1968,360
1,CEDRIC,1969,655
1,CEDRIC,1970,1000
1,CEDRIC,1971,1705
1,CEDRIC,1972,2970
1,CEDRIC,1973,4490
1,CEDRIC,1974,5985
1,CEDRIC,1975,6180
1,CEDRIC,1976,6645
1,CEDRIC,1977,6990
1,CEDRIC,1978,9295
1,CEDRIC,1979,9035
1,CEDRIC,1980,8110
1,CEDRIC,1981,8080
1,CEDRIC,1982,7660
1,CEDRIC,1983,6135
1,CEDRIC,1984,5375
1,CEDRIC,1985,5230
1,CEDRIC,1986,4710
1,CEDRIC,1987,4265
1,CEDRIC,1988,3630
1,CEDRIC,1989,3160
1,CEDRIC,1990,2995
1,CEDRIC,1991,2530
1,CEDRIC,1992,2115
1,CEDRIC,1993,1940
1,CEDRIC,1994,1640
1,CEDRIC,1995,1380
1,CEDRIC,1996,1065
1,CEDRIC,1997,865
1,CEDRIC,1998,840
1,CEDRIC,1999,880
1,CEDRIC,2000,845
1,CEDRIC,2001,675
1,CEDRIC,2002,650
1,CEDRIC,2003,545
1,CEDRIC,2004,435
1,CEDRIC,2005,355
1,CHANTAL,1943,10
1,CHANTAL,1945,10
1,CHANTAL,1946,10
1,CHANTAL,1947,10
1,CHANTAL,1950,15
1,CHANTAL,1951,5
1,CHANTAL,1952,15
1,CHANTAL,1953,10
1,CHANTAL,1954,15
1,CHANTAL,1955,15
1,CHANTAL,1957,15
1,CHANTAL,1958,10
1,CHANTAL,1960,15
1,CHANTAL,1961,10
1,CHANTAL,1962,5
1,CHANTAL,1963,10
1,CHANTAL,1964,5
1,CHANTAL,1965,5
1,CHANTAL,1966,5
1,CHANTAL,1967,5
1,CHANTAL,1968,5
1,CHANTAL,1969,5
1,CHANTAL,1971,5
1,CHANTAL,1972,5
1,CHARLES,1943,1590
1,CHARLES,1945,1675
1,CHARLES,1946,1765
1,CHARLES,1947,1660
1,CHARLES,1950,1535
1,CHARLES,1951,1370
1,CHARLES,1952,1335
1,CHARLES,1953,1235
1,CHARLES,1954,1190
1,CHARLES,1955,1115
1,CHARLES,1957,1160
1,CHARLES,1958,1290
1,CHARLES,1960,1155
1,CHARLES,1961,995
1,CHARLES,1962,935
1,CHARLES,1963,880
1,CHARLES,1964,820
1,CHARLES,1965,890
1,CHARLES,1966,770
1,CHARLES,1967,705
1,CHARLES,1968,680
1,CHARLES,1969,725
1,CHARLES,1970,695
1,CHARLES,1971,755
1,CHARLES,1972,675
1,CHARLES,1973,650
1,CHARLES,1974,590
1,CHARLES,1975,565
1,CHARLES,1976,515
1,CHARLES,1977,615
1,CHARLES,1978,725
1,CHARLES,1979,850
1,CHARLES,1980,900
1,CHARLES,1981,1065
1,CHARLES,1982,995
1,CHARLES,1983,960
1,CHARLES,1984,1050
1,CHARLES,1985,1230
1,CHARLES,1986,1320
1,CHARLES,1987,1360
1,CHARLES,1988,1435
1,CHARLES,1989,1510
1,CHARLES,1990,1415
1,CHARLES,1991,1375
1,CHARLES,1992,1340
1,CHARLES,1993,1360
1,CHARLES,1994,1365
1,CHARLES,1995,1325
1,CHARLES,1996,1355
1,CHARLES,1997,1215
1,CHARLES,1998,1260
1,CHARLES,1999,1210
1,CHARLES,2000,1170
1,CHARLES,2001,1055
1,CHARLES,2002,960
1,CHARLES,2003,865
1,CHARLES,2004,875
1,CHARLES,2005,770
1,CHARLIE,1943,10
1,CHARLIE,1945,25
1,CHARLIE,1946,25
1,CHARLIE,1947,30
1,CHARLIE,1950,30
1,CHARLIE,1951,40
1,CHARLIE,1952,25
1,CHARLIE,1953,30
1,CHARLIE,1954,30
1,CHARLIE,1955,40
1,CHARLIE,1957,25
1,CHARLIE,1958,25
1,CHARLIE,1960,20
1,CHARLIE,1961,15
1,CHARLIE,1962,15
1,CHARLIE,1963,25
1,CHARLIE,1964,10
1,CHARLIE,1965,15
1,CHARLIE,1966,10
1,CHARLIE,1967,25
1,CHARLIE,1968,20
1,CHARLIE,1969,25
1,CHARLIE,1970,30
1,CHARLIE,1971,35
1,CHARLIE,1972,40
1,CHARLIE,1973,35
1,CHARLIE,1974,35
1,CHARLIE,1975,40
1,CHARLIE,1976,65
1,CHARLIE,1977,45
1,CHARLIE,1978,60
1,CHARLIE,1979,70
1,CHARLIE,1980,70
1,CHARLIE,1981,80
1,CHARLIE,1982,90
1,CHARLIE,1983,110
1,CHARLIE,1984,135
1,CHARLIE,1985,145
1,CHARLIE,1986,160
1,CHARLIE,1987,200
1,CHARLIE,1988,215
1,CHARLIE,1989,255
1,CHARLIE,1990,245
1,CHARLIE,1991,265
1,CHARLIE,1992,225
1,CHARLIE,1993,250
1,CHARLIE,1994,190
1,CHARLIE,1995,180
1,CHARLIE,1996,200
1,CHARLIE,1997,200
1,CHARLIE,1998,175
1,CHARLIE,1999,170
1,CHARLIE,2000,155
1,CHARLIE,2001,150
1,CHARLIE,2002,125
1,CHARLIE,2003,110
1,CHARLIE,2004,125
1,CHARLIE,2005,140
1,CHLOÉ,1987,5
1,CHLOÉ,1990,5
1,CHLOÉ,1993,5
1,CHLOÉ,1996,5
1,CHLOÉ,1997,5
1,CHLOÉ,1999,5
1,CHLOÉ,2000,5
1,CHLOÉ,2004,5
1,CHRISTIAN,1943,6355
1,CHRISTIAN,1945,8115
1,CHRISTIAN,1946,13290
1,CHRISTIAN,1947,15265
1,CHRISTIAN,1950,17040
1,CHRISTIAN,1951,16675
1,CHRISTIAN,1952,16135
1,CHRISTIAN,1953,16815
1,CHRISTIAN,1954,17075
1,CHRISTIAN,1955,17300
1,CHRISTIAN,1957,15285
1,CHRISTIAN,1958,14065
1,CHRISTIAN,1960,12285
1,CHRISTIAN,1961,11145
1,CHRISTIAN,1962,10610
1,CHRISTIAN,1963,9785
1,CHRISTIAN,1964,8865
1,CHRISTIAN,1965,7795
1,CHRISTIAN,1966,6710
1,CHRISTIAN,1967,5790
1,CHRISTIAN,1968,5245
1,CHRISTIAN,1969,4605
1,CHRISTIAN,1970,3830
1,CHRISTIAN,1971,3250
1,CHRISTIAN,1972,2675
1,CHRISTIAN,1973,2200
1,CHRISTIAN,1974,1925
1,CHRISTIAN,1975,1470
1,CHRISTIAN,1976,1260
1,CHRISTIAN,1977,1125
1,CHRISTIAN,1978,980
1,CHRISTIAN,1979,860
1,CHRISTIAN,1980,830
1,CHRISTIAN,1981,730
1,CHRISTIAN,1982,705
1,CHRISTIAN,1983,585
1,CHRISTIAN,1984,540
1,CHRISTIAN,1985,495
1,CHRISTIAN,1986,470
1,CHRISTIAN,1987,375
1,CHRISTIAN,1988,395
1,CHRISTIAN,1989,370
1,CHRISTIAN,1990,355
1,CHRISTIAN,1991,290
1,CHRISTIAN,1992,300
1,CHRISTIAN,1993,305
1,CHRISTIAN,1994,290
1,CHRISTIAN,1995,225
1,CHRISTIAN,1996,195
1,CHRISTIAN,1997,200
1,CHRISTIAN,1998,165
1,CHRISTIAN,1999,175
1,CHRISTIAN,2000,190
1,CHRISTIAN,2001,185
1,CHRISTIAN,2002,140
1,CHRISTIAN,2003,125
1,CHRISTIAN,2004,130
1,CHRISTIAN,2005,140
1,CHRISTINE,1943,5
1,CHRISTINE,1953,5
1,CHRISTOPHE,1943,70
1,CHRISTOPHE,1945,80
1,CHRISTOPHE,1946,95
1,CHRISTOPHE,1947,120
1,CHRISTOPHE,1950,185
1,CHRISTOPHE,1951,210
1,CHRISTOPHE,1952,225
1,CHRISTOPHE,1953,360
1,CHRISTOPHE,1954,425
1,CHRISTOPHE,1955,620
1,CHRISTOPHE,1957,1380
1,CHRISTOPHE,1958,1845
1,CHRISTOPHE,1960,3320
1,CHRISTOPHE,1961,4265
1,CHRISTOPHE,1962,5850
1,CHRISTOPHE,1963,7620
1,CHRISTOPHE,1964,9950
1,CHRISTOPHE,1965,12675
1,CHRISTOPHE,1966,20670
1,CHRISTOPHE,1967,21730
1,CHRISTOPHE,1968,21470
1,CHRISTOPHE,1969,22635
1,CHRISTOPHE,1970,21850
1,CHRISTOPHE,1971,22095
1,CHRISTOPHE,1972,21155
1,CHRISTOPHE,1973,21065
1,CHRISTOPHE,1974,17305
1,CHRISTOPHE,1975,14440
1,CHRISTOPHE,1976,13105
1,CHRISTOPHE,1977,11860
1,CHRISTOPHE,1978,10360
1,CHRISTOPHE,1979,9625
1,CHRISTOPHE,1980,9480
1,CHRISTOPHE,1981,8095
1,CHRISTOPHE,1982,7085
1,CHRISTOPHE,1983,6185
1,CHRISTOPHE,1984,5925
1,CHRISTOPHE,1985,4925
1,CHRISTOPHE,1986,4770
1,CHRISTOPHE,1987,4045
1,CHRISTOPHE,1988,3095
1,CHRISTOPHE,1989,2625
1,CHRISTOPHE,1990,2130
1,CHRISTOPHE,1991,1950
1,CHRISTOPHE,1992,1560
1,CHRISTOPHE,1993,1360
1,CHRISTOPHE,1994,1095
1,CHRISTOPHE,1995,995
1,CHRISTOPHE,1996,815
1,CHRISTOPHE,1997,685
1,CHRISTOPHE,1998,555
1,CHRISTOPHE,1999,465
1,CHRISTOPHE,2000,460
1,CHRISTOPHE,2001,430
1,CHRISTOPHE,2002,320
1,CHRISTOPHE,2003,230
1,CHRISTOPHE,2004,220
1,CHRISTOPHE,2005,175
1,CHRISTOPHER,1947,5
1,CHRISTOPHER,1950,5
1,CHRISTOPHER,1951,5
1,CHRISTOPHER,1952,5
1,CHRISTOPHER,1953,15
1,CHRISTOPHER,1954,5
1,CHRISTOPHER,1955,10
1,CHRISTOPHER,1957,25
1,CHRISTOPHER,1958,25
1,CHRISTOPHER,1960,45
1,CHRISTOPHER,1961,10
1,CHRISTOPHER,1962,30
1,CHRISTOPHER,1963,30
1,CHRISTOPHER,1964,35
1,CHRISTOPHER,1965,40
1,CHRISTOPHER,1966,30
1,CHRISTOPHER,1967,20
1,CHRISTOPHER,1968,30
1,CHRISTOPHER,1969,25
1,CHRISTOPHER,1970,40
1,CHRISTOPHER,1971,50
1,CHRISTOPHER,1972,90
1,CHRISTOPHER,1973,80
1,CHRISTOPHER,1974,105
1,CHRISTOPHER,1975,105
1,CHRISTOPHER,1976,105
1,CHRISTOPHER,1977,100
1,CHRISTOPHER,1978,135
1,CHRISTOPHER,1979,160
1,CHRISTOPHER,1980,170
1,CHRISTOPHER,1981,200
1,CHRISTOPHER,1982,255
1,CHRISTOPHER,1983,565
1,CHRISTOPHER,1984,1825
1,CHRISTOPHER,1985,1940
1,CHRISTOPHER,1986,2025
1,CHRISTOPHER,1987,2095
1,CHRISTOPHER,1988,2195
1,CHRISTOPHER,1989,2500
1,CHRISTOPHER,1990,2415
1,CHRISTOPHER,1991,2425
1,CHRISTOPHER,1992,2255
1,CHRISTOPHER,1993,2040
1,CHRISTOPHER,1994,1715
1,CHRISTOPHER,1995,1600
1,CHRISTOPHER,1996,1645
1,CHRISTOPHER,1997,1430
1,CHRISTOPHER,1998,1285
1,CHRISTOPHER,1999,1070
1,CHRISTOPHER,2000,1020
1,CHRISTOPHER,2001,890
1,CHRISTOPHER,2002,690
1,CHRISTOPHER,2003,445
1,CHRISTOPHER,2004,355
1,CHRISTOPHER,2005,290
1,CINDY,1957,5
1,CINDY,1981,5
1,CINDY,1989,5
1,CLAIRE,1945,5
1,CLAIRE,1946,5
1,CLAIRE,1947,5
1,CLAIRE,1950,5
1,CLAIRE,1953,5
1,CLAIRE,1954,5
1,CLAIRE,1955,5
1,CLAIRE,1957,5
1,CLAIRE,1963,5
1,CLAIRE,1965,5
1,CLAIRE,1967,5
1,CLAIRE,1968,5
1,CLAIRE,1999,5
1,CLAIRE,2000,5
1,CLARISSE,1965,5
1,CLARISSE,1966,5
1,CLARISSE,1971,5
1,CLAUDE,1943,10025
1,CLAUDE,1945,9210
1,CLAUDE,1946,13445
1,CLAUDE,1947,12805
1,CLAUDE,1950,10560
1,CLAUDE,1951,9755
1,CLAUDE,1952,9505
1,CLAUDE,1953,8380
1,CLAUDE,1954,7940
1,CLAUDE,1955,7660
1,CLAUDE,1957,7155
1,CLAUDE,1958,6325
1,CLAUDE,1960,5115
1,CLAUDE,1961,4855
1,CLAUDE,1962,4385
1,CLAUDE,1963,4220
1,CLAUDE,1964,3965
1,CLAUDE,1965,3465
1,CLAUDE,1966,3110
1,CLAUDE,1967,2745
1,CLAUDE,1968,2450
1,CLAUDE,1969,2145
1,CLAUDE,1970,1725
1,CLAUDE,1971,1560
1,CLAUDE,1972,1265
1,CLAUDE,1973,1130
1,CLAUDE,1974,915
1,CLAUDE,1975,695
1,CLAUDE,1976,590
1,CLAUDE,1977,530
1,CLAUDE,1978,580
1,CLAUDE,1979,595
1,CLAUDE,1980,500
1,CLAUDE,1981,435
1,CLAUDE,1982,375
1,CLAUDE,1983,315
1,CLAUDE,1984,280
1,CLAUDE,1985,200
1,CLAUDE,1986,200
1,CLAUDE,1987,190
1,CLAUDE,1988,170
1,CLAUDE,1989,145
1,CLAUDE,1990,140
1,CLAUDE,1991,140
1,CLAUDE,1992,110
1,CLAUDE,1993,110
1,CLAUDE,1994,90
1,CLAUDE,1995,90
1,CLAUDE,1996,90
1,CLAUDE,1997,75
1,CLAUDE,1998,75
1,CLAUDE,1999,60
1,CLAUDE,2000,65
1,CLAUDE,2001,65
1,CLAUDE,2002,65
1,CLAUDE,2003,40
1,CLAUDE,2004,45
1,CLAUDE,2005,40
1,COLIN,1945,5
1,COLIN,1947,5
1,COLIN,1950,5
1,COLIN,1954,5
1,COLIN,1957,5
1,COLIN,1958,5
1,COLIN,1961,5
1,COLIN,1962,5
1,COLIN,1963,5
1,COLIN,1964,5
1,COLIN,1965,5
1,COLIN,1966,5
1,COLIN,1967,5
1,COLIN,1968,5
1,COLIN,1969,5
1,COLIN,1970,5
1,COLIN,1971,10
1,COLIN,1972,15
1,COLIN,1973,10
1,COLIN,1974,25
1,COLIN,1975,15
1,COLIN,1976,30
1,COLIN,1977,30
1,COLIN,1978,40
1,COLIN,1979,30
1,COLIN,1980,35
1,COLIN,1981,40
1,COLIN,1982,50
1,COLIN,1983,55
1,COLIN,1984,55
1,COLIN,1985,65
1,COLIN,1986,90
1,COLIN,1987,85
1,COLIN,1988,105
1,COLIN,1989,85
1,COLIN,1990,100
1,COLIN,1991,105
1,COLIN,1992,100
1,COLIN,1993,100
1,COLIN,1994,85
1,COLIN,1995,105
1,COLIN,1996,85
1,COLIN,1997,145
1,COLIN,1998,220
1,COLIN,1999,330
1,COLIN,2000,280
1,COLIN,2001,235
1,COLIN,2002,250
1,COLIN,2003,235
1,COLIN,2004,220
1,COLIN,2005,190
1,CORENTIN,1943,20
1,CORENTIN,1945,20
1,CORENTIN,1946,30
1,CORENTIN,1947,15
1,CORENTIN,1950,15
1,CORENTIN,1951,15
1,CORENTIN,1952,15
1,CORENTIN,1953,10
1,CORENTIN,1954,10
1,CORENTIN,1955,5
1,CORENTIN,1957,5
1,CORENTIN,1958,10
1,CORENTIN,1960,10
1,CORENTIN,1961,5
1,CORENTIN,1962,5
1,CORENTIN,1964,5
1,CORENTIN,1965,5
1,CORENTIN,1966,5
1,CORENTIN,1967,5
1,CORENTIN,1969,10
1,CORENTIN,1970,10
1,CORENTIN,1971,10
1,CORENTIN,1972,15
1,CORENTIN,1973,15
1,CORENTIN,1974,25
1,CORENTIN,1975,20
1,CORENTIN,1976,45
1,CORENTIN,1977,50
1,CORENTIN,1978,60
1,CORENTIN,1979,70
1,CORENTIN,1980,80
1,CORENTIN,1981,90
1,CORENTIN,1982,110
1,CORENTIN,1983,125
1,CORENTIN,1984,145
1,CORENTIN,1985,175
1,CORENTIN,1986,210
1,CORENTIN,1987,280
1,CORENTIN,1988,390
1,CORENTIN,1989,505
1,CORENTIN,1990,600
1,CORENTIN,1991,730
1,CORENTIN,1992,1095
1,CORENTIN,1993,2070
1,CORENTIN,1994,2655
1,CORENTIN,1995,3280
1,CORENTIN,1996,3945
1,CORENTIN,1997,3660
1,CORENTIN,1998,3585
1,CORENTIN,1999,3480
1,CORENTIN,2000,3555
1,CORENTIN,2001,2985
1,CORENTIN,2002,2685
1,CORENTIN,2003,2380
1,CORENTIN,2004,2130
1,CORENTIN,2005,1930
1,CYRIL,1945,10
1,CYRIL,1946,5
1,CYRIL,1947,5
1,CYRIL,1950,15
1,CYRIL,1951,5
1,CYRIL,1952,10
1,CYRIL,1953,10
1,CYRIL,1954,20
1,CYRIL,1955,10
1,CYRIL,1957,45
1,CYRIL,1958,60
1,CYRIL,1960,65
1,CYRIL,1961,90
1,CYRIL,1962,120
1,CYRIL,1963,110
1,CYRIL,1964,165
1,CYRIL,1965,290
1,CYRIL,1966,405
1,CYRIL,1967,595
1,CYRIL,1968,920
1,CYRIL,1969,1210
1,CYRIL,1970,2035
1,CYRIL,1971,3045
1,CYRIL,1972,4255
1,CYRIL,1973,4500
1,CYRIL,1974,4260
1,CYRIL,1975,3595
1,CYRIL,1976,3650
1,CYRIL,1977,3455
1,CYRIL,1978,3445
1,CYRIL,1979,3600
1,CYRIL,1980,3685
1,CYRIL,1981,3575
1,CYRIL,1982,3335
1,CYRIL,1983,3045
1,CYRIL,1984,2640
1,CYRIL,1985,2795
1,CYRIL,1986,2850
1,CYRIL,1987,2970
1,CYRIL,1988,2715
1,CYRIL,1989,2205
1,CYRIL,1990,2040
1,CYRIL,1991,1875
1,CYRIL,1992,1725
1,CYRIL,1993,1590
1,CYRIL,1994,1460
1,CYRIL,1995,1345
1,CYRIL,1996,1095
1,CYRIL,1997,975
1,CYRIL,1998,880
1,CYRIL,1999,720
1,CYRIL,2000,700
1,CYRIL,2001,545
1,CYRIL,2002,500
1,CYRIL,2003,480
1,CYRIL,2004,355
1,CYRIL,2005,335
1,CÈDRIC,1988,5
1,CÉCILE,1945,5
1,CÉCILE,1946,5
1,CÉCILE,1947,5
1,CÉCILE,1950,5
1,CÉCILE,1951,5
1,CÉCILE,1952,5
1,CÉCILE,1953,5
1,CÉCILE,1954,5
1,CÉDRIC,1957,5
1,CÉDRIC,1961,5
1,CÉDRIC,1962,5
1,CÉDRIC,1963,5
1,CÉDRIC,1964,10
1,CÉDRIC,1965,10
1,CÉDRIC,1966,30
1,CÉDRIC,1967,40
1,CÉDRIC,1968,55
1,CÉDRIC,1969,110
1,CÉDRIC,1970,150
1,CÉDRIC,1971,245
1,CÉDRIC,1972,485
1,CÉDRIC,1973,665
1,CÉDRIC,1974,805
1,CÉDRIC,1975,930
1,CÉDRIC,1976,960
1,CÉDRIC,1977,1005
1,CÉDRIC,1978,1290
1,CÉDRIC,1979,1330
1,CÉDRIC,1980,1195
1,CÉDRIC,1981,1195
1,CÉDRIC,1982,1155
1,CÉDRIC,1983,880
1,CÉDRIC,1984,775
1,CÉDRIC,1985,760
1,CÉDRIC,1986,675
1,CÉDRIC,1987,560
1,CÉDRIC,1988,435
1,CÉDRIC,1989,365
1,CÉDRIC,1990,250
1,CÉDRIC,1991,225
1,CÉDRIC,1992,155
1,CÉDRIC,1993,210
1,CÉDRIC,1994,165
1,CÉDRIC,1995,230
1,CÉDRIC,1996,350
1,CÉDRIC,1997,345
1,CÉDRIC,1998,390
1,CÉDRIC,1999,60
1,CÉDRIC,2000,10
1,CÉDRIC,2001,10
1,CÉDRIC,2002,5
1,CÉDRIC,2003,5
1,CÉDRIC,2004,10
1,CÉDRIC,2005,5
1,CÉLINE,1945,5
1,CÉLINE,1951,5
1,CÉLINE,1953,5
1,CÉLINE,1957,5
1,CÉLINE,1958,5
1,CÉLINE,1966,5
1,CÉLINE,1985,5
1,DANIEL,1943,11525
1,DANIEL,1945,13230
1,DANIEL,1946,20820
1,DANIEL,1947,21345
1,DANIEL,1950,18225
1,DANIEL,1951,16405
1,DANIEL,1952,15505
1,DANIEL,1953,13850
1,DANIEL,1954,12915
1,DANIEL,1955,12020
1,DANIEL,1957,10380
1,DANIEL,1958,9815
1,DANIEL,1960,7900
1,DANIEL,1961,7515
1,DANIEL,1962,7035
1,DANIEL,1963,6760
1,DANIEL,1964,5895
1,DANIEL,1965,5025
1,DANIEL,1966,4880
1,DANIEL,1967,4230
1,DANIEL,1968,3760
1,DANIEL,1969,3325
1,DANIEL,1970,2950
1,DANIEL,1971,2550
1,DANIEL,1972,2185
1,DANIEL,1973,2055
1,DANIEL,1974,1815
1,DANIEL,1975,1570
1,DANIEL,1976,1285
1,DANIEL,1977,1245
1,DANIEL,1978,1090
1,DANIEL,1979,1190
1,DANIEL,1980,1120
1,DANIEL,1981,1035
1,DANIEL,1982,910
1,DANIEL,1983,880
1,DANIEL,1984,785
1,DANIEL,1985,695
1,DANIEL,1986,715
1,DANIEL,1987,625
1,DANIEL,1988,600
1,DANIEL,1989,570
1,DANIEL,1990,495
1,DANIEL,1991,465
1,DANIEL,1992,445
1,DANIEL,1993,410
1,DANIEL,1994,445
1,DANIEL,1995,425
1,DANIEL,1996,405
1,DANIEL,1997,375
1,DANIEL,1998,375
1,DANIEL,1999,355
1,DANIEL,2000,405
1,DANIEL,2001,375
1,DANIEL,2002,370
1,DANIEL,2003,315
1,DANIEL,2004,335
1,DANIEL,2005,335
1,DAVID,1943,25
1,DAVID,1945,25
1,DAVID,1946,50
1,DAVID,1947,55
1,DAVID,1950,75
1,DAVID,1951,80
1,DAVID,1952,100
1,DAVID,1953,155
1,DAVID,1954,175
1,DAVID,1955,195
1,DAVID,1957,305
1,DAVID,1958,340
1,DAVID,1960,370
1,DAVID,1961,470
1,DAVID,1962,695
1,DAVID,1963,680
1,DAVID,1964,810
1,DAVID,1965,955
1,DAVID,1966,2215
1,DAVID,1967,4800
1,DAVID,1968,7310
1,DAVID,1969,12620
1,DAVID,1970,18455
1,DAVID,1971,17265
1,DAVID,1972,19690
1,DAVID,1973,19065
1,DAVID,1974,17880
1,DAVID,1975,15500
1,DAVID,1976,14680
1,DAVID,1977,13575
1,DAVID,1978,12230
1,DAVID,1979,11080
1,DAVID,1980,10195
1,DAVID,1981,9770
1,DAVID,1982,9260
1,DAVID,1983,7590
1,DAVID,1984,7545
1,DAVID,1985,6345
1,DAVID,1986,5425
1,DAVID,1987,5255
1,DAVID,1988,5925
1,DAVID,1989,5840
1,DAVID,1990,4650
1,DAVID,1991,4020
1,DAVID,1992,3270
1,DAVID,1993,2765
1,DAVID,1994,2625
1,DAVID,1995,2425
1,DAVID,1996,1935
1,DAVID,1997,1780
1,DAVID,1998,1580
1,DAVID,1999,1555
1,DAVID,2000,1560
1,DAVID,2001,1315
1,DAVID,2002,1230
1,DAVID,2003,1105
1,DAVID,2004,965
1,DAVID,2005,900
1,DELPHINE,1954,5
1,DORIAN,1950,5
1,DORIAN,1951,5
1,DORIAN,1953,5
1,DORIAN,1954,5
1,DORIAN,1957,5
1,DORIAN,1960,10
1,DORIAN,1961,5
1,DORIAN,1962,10
1,DORIAN,1963,5
1,DORIAN,1964,10
1,DORIAN,1965,10
1,DORIAN,1966,5
1,DORIAN,1967,10
1,DORIAN,1968,10
1,DORIAN,1969,15
1,DORIAN,1970,20
1,DORIAN,1971,35
1,DORIAN,1972,45
1,DORIAN,1973,30
1,DORIAN,1974,45
1,DORIAN,1975,40
1,DORIAN,1976,50
1,DORIAN,1977,75
1,DORIAN,1978,55
1,DORIAN,1979,65
1,DORIAN,1980,75
1,DORIAN,1981,110
1,DORIAN,1982,125
1,DORIAN,1983,205
1,DORIAN,1984,250
1,DORIAN,1985,280
1,DORIAN,1986,350
1,DORIAN,1987,405
1,DORIAN,1988,525
1,DORIAN,1989,545
1,DORIAN,1990,600
1,DORIAN,1991,695
1,DORIAN,1992,755
1,DORIAN,1993,680
1,DORIAN,1994,735
1,DORIAN,1995,955
1,DORIAN,1996,1335
1,DORIAN,1997,1625
1,DORIAN,1998,1570
1,DORIAN,1999,1650
1,DORIAN,2000,2040
1,DORIAN,2001,1800
1,DORIAN,2002,1970
1,DORIAN,2003,1825
1,DORIAN,2004,1760
1,DORIAN,2005,1535
1,DYLAN,1971,5
1,DYLAN,1973,5
1,DYLAN,1974,5
1,DYLAN,1975,5
1,DYLAN,1976,10
1,DYLAN,1977,10
1,DYLAN,1978,10
1,DYLAN,1979,10
1,DYLAN,1980,15
1,DYLAN,1981,15
1,DYLAN,1982,10
1,DYLAN,1983,35
1,DYLAN,1984,45
1,DYLAN,1985,45
1,DYLAN,1986,40
1,DYLAN,1987,50
1,DYLAN,1988,175
1,DYLAN,1989,345
1,DYLAN,1990,330
1,DYLAN,1991,405
1,DYLAN,1992,620
1,DYLAN,1993,1660
1,DYLAN,1994,4635
1,DYLAN,1995,6360
1,DYLAN,1996,6910
1,DYLAN,1997,6215
1,DYLAN,1998,5260
1,DYLAN,1999,4385
1,DYLAN,2000,3925
1,DYLAN,2001,3365
1,DYLAN,2002,2890
1,DYLAN,2003,2480
1,DYLAN,2004,2365
1,DYLAN,2005,2020
1,EMIN,1976,5
1,EMIN,1977,5
1,EMIN,1978,5
1,EMIN,1979,10
1,EMIN,1980,5
1,EMIN,1982,5
1,EMIN,1983,5
1,EMIN,1984,5
1,EMIN,1985,5
1,EMIN,1986,5
1,EMIN,1987,5
1,EMIN,1988,5
1,EMIN,1989,5
1,EMIN,1990,5
1,EMIN,1991,10
1,EMIN,1992,5
1,EMIN,1993,5
1,EMIN,1994,5
1,EMIN,1995,10
1,EMIN,1996,10
1,EMIN,1997,5
1,EMIN,1998,5
1,EMIN,1999,10
1,EMIN,2000,5
1,EMIN,2001,10
1,EMIN,2002,15
1,EMIN,2003,20
1,EMIN,2004,20
1,EMIN,2005,30
1,ERIC,1943,215
1,ERIC,1945,260
1,ERIC,1946,380
1,ERIC,1947,435
1,ERIC,1950,830
1,ERIC,1951,1000
1,ERIC,1952,1475
1,ERIC,1953,1910
1,ERIC,1954,2740
1,ERIC,1955,3155
1,ERIC,1957,6265
1,ERIC,1958,6930
1,ERIC,1960,13955
1,ERIC,1961,17885
1,ERIC,1962,17905
1,ERIC,1963,20040
1,ERIC,1964,19970
1,ERIC,1965,20135
1,ERIC,1966,18200
1,ERIC,1967,16705
1,ERIC,1968,16250
1,ERIC,1969,14080
1,ERIC,1970,12470
1,ERIC,1971,11525
1,ERIC,1972,11535
1,ERIC,1973,9790
1,ERIC,1974,7890
1,ERIC,1975,5190
1,ERIC,1976,4880
1,ERIC,1977,4295
1,ERIC,1978,3810
1,ERIC,1979,3490
1,ERIC,1980,3080
1,ERIC,1981,2620
1,ERIC,1982,2285
1,ERIC,1983,1880
1,ERIC,1984,1680
1,ERIC,1985,1495
1,ERIC,1986,1215
1,ERIC,1987,1160
1,ERIC,1988,1130
1,ERIC,1989,930
1,ERIC,1990,805
1,ERIC,1991,695
1,ERIC,1992,600
1,ERIC,1993,550
1,ERIC,1994,460
1,ERIC,1995,470
1,ERIC,1996,390
1,ERIC,1997,330
1,ERIC,1998,350
1,ERIC,1999,335
1,ERIC,2000,310
1,ERIC,2001,320
1,ERIC,2002,300
1,ERIC,2003,270
1,ERIC,2004,230
1,ERIC,2005,195
1,ERICK,1943,25
1,ERICK,1945,20
1,ERICK,1946,40
1,ERICK,1947,45
1,ERICK,1950,80
1,ERICK,1951,125
1,ERICK,1952,155
1,ERICK,1953,155
1,ERICK,1954,230
1,ERICK,1955,260
1,ERICK,1957,325
1,ERICK,1958,340
1,ERICK,1960,450
1,ERICK,1961,415
1,ERICK,1962,315
1,ERICK,1963,320
1,ERICK,1964,275
1,ERICK,1965,230
1,ERICK,1966,220
1,ERICK,1967,185
1,ERICK,1968,165
1,ERICK,1969,160
1,ERICK,1970,120
1,ERICK,1971,130
1,ERICK,1972,100
1,ERICK,1973,80
1,ERICK,1974,55
1,ERICK,1975,50
1,ERICK,1976,50
1,ERICK,1977,40
1,ERICK,1978,45
1,ERICK,1979,30
1,ERICK,1980,30
1,ERICK,1981,30
1,ERICK,1982,25
1,ERICK,1983,30
1,ERICK,1984,35
1,ERICK,1985,35
1,ERICK,1986,20
1,ERICK,1987,30
1,ERICK,1988,20
1,ERICK,1989,20
1,ERICK,1990,25
1,ERICK,1991,25
1,ERICK,1992,20
1,ERICK,1993,15
1,ERICK,1994,15
1,ERICK,1995,15
1,ERICK,1996,10
1,ERICK,1997,15
1,ERICK,1998,10
1,ERICK,1999,15
1,ERICK,2000,10
1,ERICK,2001,15
1,ERICK,2002,10
1,ERICK,2003,10
1,ERICK,2004,10
1,ERICK,2005,10
1,ESTEBAN,1951,5
1,ESTEBAN,1952,5
1,ESTEBAN,1958,5
1,ESTEBAN,1961,5
1,ESTEBAN,1962,5
1,ESTEBAN,1963,5
1,ESTEBAN,1964,10
1,ESTEBAN,1965,10
1,ESTEBAN,1966,5
1,ESTEBAN,1967,10
1,ESTEBAN,1968,10
1,ESTEBAN,1969,10
1,ESTEBAN,1970,10
1,ESTEBAN,1971,10
1,ESTEBAN,1972,15
1,ESTEBAN,1973,10
1,ESTEBAN,1974,5
1,ESTEBAN,1975,10
1,ESTEBAN,1976,5
1,ESTEBAN,1977,10
1,ESTEBAN,1978,5
1,ESTEBAN,1979,10
1,ESTEBAN,1980,10
1,ESTEBAN,1981,10
1,ESTEBAN,1982,10
1,ESTEBAN,1983,10
1,ESTEBAN,1984,40
1,ESTEBAN,1985,40
1,ESTEBAN,1986,45
1,ESTEBAN,1987,45
1,ESTEBAN,1988,95
1,ESTEBAN,1989,80
1,ESTEBAN,1990,105
1,ESTEBAN,1991,120
1,ESTEBAN,1992,120
1,ESTEBAN,1993,130
1,ESTEBAN,1994,155
1,ESTEBAN,1995,220
1,ESTEBAN,1996,275
1,ESTEBAN,1997,325
1,ESTEBAN,1998,460
1,ESTEBAN,1999,555
1,ESTEBAN,2000,740
1,ESTEBAN,2001,810
1,ESTEBAN,2002,1000
1,ESTEBAN,2003,1145
1,ESTEBAN,2004,1355
1,ESTEBAN,2005,1530
1,ESTÉBAN,1988,5
1,ESTÉBAN,1990,5
1,ESTÉBAN,1992,5
1,ESTÉBAN,1994,5
1,ESTÉBAN,1996,10
1,ESTÉBAN,1997,20
1,ESTÉBAN,1998,30
1,ESTÉBAN,1999,5
1,ESTÉBAN,2002,5
1,ESTÉBAN,2003,5
1,FABIAN,1957,5
1,FABIAN,1960,5
1,FABIAN,1961,15
1,FABIAN,1962,10
1,FABIAN,1963,20
1,FABIAN,1964,15
1,FABIAN,1965,25
1,FABIAN,1966,35
1,FABIAN,1967,50
1,FABIAN,1968,60
1,FABIAN,1969,55
1,FABIAN,1970,65
1,FABIAN,1971,90
1,FABIAN,1972,70
1,FABIAN,1973,95
1,FABIAN,1974,80
1,FABIAN,1975,60
1,FABIAN,1976,65
1,FABIAN,1977,75
1,FABIAN,1978,70
1,FABIAN,1979,70
1,FABIAN,1980,100
1,FABIAN,1981,110
1,FABIAN,1982,90
1,FABIAN,1983,80
1,FABIAN,1984,80
1,FABIAN,1985,100
1,FABIAN,1986,85
1,FABIAN,1987,75
1,FABIAN,1988,60
1,FABIAN,1989,65
1,FABIAN,1990,85
1,FABIAN,1991,85
1,FABIAN,1992,90
1,FABIAN,1993,75
1,FABIAN,1994,70
1,FABIAN,1995,90
1,FABIAN,1996,105
1,FABIAN,1997,100
1,FABIAN,1998,215
1,FABIAN,1999,140
1,FABIAN,2000,135
1,FABIAN,2001,105
1,FABIAN,2002,100
1,FABIAN,2003,110
1,FABIAN,2004,100
1,FABIAN,2005,85
1,FABRICE,1946,5
1,FABRICE,1947,10
1,FABRICE,1950,180
1,FABRICE,1951,245
1,FABRICE,1952,230
1,FABRICE,1953,685
1,FABRICE,1954,955
1,FABRICE,1955,855
1,FABRICE,1957,1060
1,FABRICE,1958,1395
1,FABRICE,1960,1620
1,FABRICE,1961,2135
1,FABRICE,1962,2250
1,FABRICE,1963,2735
1,FABRICE,1964,4535
1,FABRICE,1965,4810
1,FABRICE,1966,5710
1,FABRICE,1967,6305
1,FABRICE,1968,7415
1,FABRICE,1969,8120
1,FABRICE,1970,7455
1,FABRICE,1971,7070
1,FABRICE,1972,7935
1,FABRICE,1973,8470
1,FABRICE,1974,7240
1,FABRICE,1975,5880
1,FABRICE,1976,4745
1,FABRICE,1977,4125
1,FABRICE,1978,3590
1,FABRICE,1979,3720
1,FABRICE,1980,3195
1,FABRICE,1981,2720
1,FABRICE,1982,2520
1,FABRICE,1983,1730
1,FABRICE,1984,1465
1,FABRICE,1985,1350
1,FABRICE,1986,1150
1,FABRICE,1987,925
1,FABRICE,1988,750
1,FABRICE,1989,580
1,FABRICE,1990,520
1,FABRICE,1991,465
1,FABRICE,1992,405
1,FABRICE,1993,275
1,FABRICE,1994,235
1,FABRICE,1995,240
1,FABRICE,1996,195
1,FABRICE,1997,200
1,FABRICE,1998,155
1,FABRICE,1999,135
1,FABRICE,2000,130
1,FABRICE,2001,140
1,FABRICE,2002,110
1,FABRICE,2003,90
1,FABRICE,2004,85
1,FABRICE,2005,65
1,FLAVIO,1952,5
1,FLAVIO,1954,5
1,FLAVIO,1957,5
1,FLAVIO,1958,5
1,FLAVIO,1960,10
1,FLAVIO,1961,5
1,FLAVIO,1962,5
1,FLAVIO,1963,10
1,FLAVIO,1964,5
1,FLAVIO,1965,10
1,FLAVIO,1966,5
1,FLAVIO,1967,10
1,FLAVIO,1968,5
1,FLAVIO,1969,5
1,FLAVIO,1970,10
1,FLAVIO,1971,5
1,FLAVIO,1972,10
1,FLAVIO,1973,5
1,FLAVIO,1974,5
1,FLAVIO,1975,5
1,FLAVIO,1977,10
1,FLAVIO,1978,5
1,FLAVIO,1979,10
1,FLAVIO,1980,5
1,FLAVIO,1981,10
1,FLAVIO,1982,5
1,FLAVIO,1983,10
1,FLAVIO,1984,5
1,FLAVIO,1985,5
1,FLAVIO,1986,10
1,FLAVIO,1987,15
1,FLAVIO,1988,15
1,FLAVIO,1989,10
1,FLAVIO,1990,20
1,FLAVIO,1991,20
1,FLAVIO,1992,20
1,FLAVIO,1993,20
1,FLAVIO,1994,30
1,FLAVIO,1995,25
1,FLAVIO,1996,40
1,FLAVIO,1997,40
1,FLAVIO,1998,55
1,FLAVIO,1999,60
1,FLAVIO,2000,65
1,FLAVIO,2001,95
1,FLAVIO,2002,140
1,FLAVIO,2003,165
1,FLAVIO,2004,185
1,FLAVIO,2005,240
1,FOUZI,1961,5
1,FOUZI,1962,5
1,FOUZI,1963,5
1,FOUZI,1964,10
1,FOUZI,1965,5
1,FOUZI,1966,5
1,FOUZI,1967,10
1,FOUZI,1968,10
1,FOUZI,1969,10
1,FOUZI,1970,5
1,FOUZI,1971,15
1,FOUZI,1972,20
1,FOUZI,1973,10
1,FOUZI,1974,20
1,FOUZI,1975,25
1,FOUZI,1976,10
1,FOUZI,1977,20
1,FOUZI,1978,15
1,FOUZI,1979,25
1,FOUZI,1980,20
1,FOUZI,1981,20
1,FOUZI,1982,20
1,FOUZI,1983,15
1,FOUZI,1984,10
1,FOUZI,1985,10
1,FOUZI,1986,10
1,FOUZI,1987,15
1,FOUZI,1988,15
1,FOUZI,1989,15
1,FOUZI,1990,5
1,FOUZI,1991,10
1,FOUZI,1992,5
1,FOUZI,1993,5
1,FOUZI,1994,10
1,FOUZI,1995,10
1,FOUZI,1996,5
1,FOUZI,1997,5
1,FOUZI,1998,5
1,FOUZI,1999,10
1,FOUZI,2000,5
1,FOUZI,2001,5
1,FOUZI,2003,5
1,FOUZI,2005,5
1,FRANCIS,1943,2475
1,FRANCIS,1945,2960
1,FRANCIS,1946,4575
1,FRANCIS,1947,4800
1,FRANCIS,1950,5405
1,FRANCIS,1951,5465
1,FRANCIS,1952,5710
1,FRANCIS,1953,5205
1,FRANCIS,1954,5160
1,FRANCIS,1955,4845
1,FRANCIS,1957,5020
1,FRANCIS,1958,4445
1,FRANCIS,1960,3790
1,FRANCIS,1961,3220
1,FRANCIS,1962,2825
1,FRANCIS,1963,3095
1,FRANCIS,1964,2660
1,FRANCIS,1965,2505
1,FRANCIS,1966,2325
1,FRANCIS,1967,1725
1,FRANCIS,1968,1775
1,FRANCIS,1969,1685
1,FRANCIS,1970,1165
1,FRANCIS,1971,1040
1,FRANCIS,1972,770
1,FRANCIS,1973,600
1,FRANCIS,1974,475
1,FRANCIS,1975,385
1,FRANCIS,1976,310
1,FRANCIS,1977,305
1,FRANCIS,1978,275
1,FRANCIS,1979,305
1,FRANCIS,1980,320
1,FRANCIS,1981,295
1,FRANCIS,1982,305
1,FRANCIS,1983,240
1,FRANCIS,1984,220
1,FRANCIS,1985,220
1,FRANCIS,1986,220
1,FRANCIS,1987,200
1,FRANCIS,1988,185
1,FRANCIS,1989,150
1,FRANCIS,1990,150
1,FRANCIS,1991,115
1,FRANCIS,1992,130
1,FRANCIS,1993,105
1,FRANCIS,1994,95
1,FRANCIS,1995,100
1,FRANCIS,1996,100
1,FRANCIS,1997,75
1,FRANCIS,1998,65
1,FRANCIS,1999,65
1,FRANCIS,2000,60
1,FRANCIS,2001,50
1,FRANCIS,2002,50
1,FRANCIS,2003,45
1,FRANCIS,2004,55
1,FRANCIS,2005,50
1,FRANCK,1943,100
1,FRANCK,1945,145
1,FRANCK,1946,145
1,FRANCK,1947,160
1,FRANCK,1950,205
1,FRANCK,1951,245
1,FRANCK,1952,340
1,FRANCK,1953,320
1,FRANCK,1954,395
1,FRANCK,1955,510
1,FRANCK,1957,860
1,FRANCK,1958,1055
1,FRANCK,1960,1685
1,FRANCK,1961,1935
1,FRANCK,1962,2425
1,FRANCK,1963,4245
1,FRANCK,1964,7035
1,FRANCK,1965,10765
1,FRANCK,1966,10135
1,FRANCK,1967,10465
1,FRANCK,1968,10415
1,FRANCK,1969,10230
1,FRANCK,1970,10285
1,FRANCK,1971,10640
1,FRANCK,1972,9625
1,FRANCK,1973,8295
1,FRANCK,1974,6655
1,FRANCK,1975,5540
1,FRANCK,1976,4705
1,FRANCK,1977,4410
1,FRANCK,1978,3980
1,FRANCK,1979,3495
1,FRANCK,1980,3200
1,FRANCK,1981,2885
1,FRANCK,1982,2580
1,FRANCK,1983,2095
1,FRANCK,1984,2105
1,FRANCK,1985,1710
1,FRANCK,1986,1605
1,FRANCK,1987,1390
1,FRANCK,1988,1365
1,FRANCK,1989,1155
1,FRANCK,1990,1105
1,FRANCK,1991,1415
1,FRANCK,1992,1130
1,FRANCK,1993,910
1,FRANCK,1994,850
1,FRANCK,1995,680
1,FRANCK,1996,620
1,FRANCK,1997,580
1,FRANCK,1998,525
1,FRANCK,1999,460
1,FRANCK,2000,425
1,FRANCK,2001,310
1,FRANCK,2002,275
1,FRANCK,2003,215
1,FRANCK,2004,225
1,FRANCK,2005,130
1,FRANCOIS,1967,5
1,FRANCOIS-XAVIER,1970,5
1,FRANCOIS-XAVIER,1987,5
1,FRANÇIS,1943,10
1,FRANÇIS,1946,5
1,FRANÇIS,1947,10
1,FRANÇIS,1950,5
1,FRANÇIS,1951,10
1,FRANÇIS,1952,10
1,FRANÇIS,1953,15
1,FRANÇIS,1955,10
1,FRANÇIS,1957,10
1,FRANÇIS,1958,5
1,FRANÇIS,1960,5
1,FRANÇIS,1961,5
1,FRANÇIS,1963,5
1,FRANÇIS,1964,5
1,FRANÇIS,1967,5
1,FRANÇIS,1968,5
1,FRANÇIS,1973,5
1,FRANÇOIS,1943,3680
1,FRANÇOIS,1945,3645
1,FRANÇOIS,1946,5160
1,FRANÇOIS,1947,5235
1,FRANÇOIS,1950,5310
1,FRANÇOIS,1951,5145
1,FRANÇOIS,1952,5115
1,FRANÇOIS,1953,4795
1,FRANÇOIS,1954,4885
1,FRANÇOIS,1955,4965
1,FRANÇOIS,1957,5320
1,FRANÇOIS,1958,5350
1,FRANÇOIS,1960,5460
1,FRANÇOIS,1961,5640
1,FRANÇOIS,1962,5720
1,FRANÇOIS,1963,5825
1,FRANÇOIS,1964,5790
1,FRANÇOIS,1965,5805
1,FRANÇOIS,1966,5630
1,FRANÇOIS,1967,4920
1,FRANÇOIS,1968,4635
1,FRANÇOIS,1969,4265
1,FRANÇOIS,1970,3825
1,FRANÇOIS,1971,3850
1,FRANÇOIS,1972,3695
1,FRANÇOIS,1973,3455
1,FRANÇOIS,1974,3290
1,FRANÇOIS,1975,2790
1,FRANÇOIS,1976,2685
1,FRANÇOIS,1977,2965
1,FRANÇOIS,1978,3225
1,FRANÇOIS,1979,3370
1,FRANÇOIS,1980,3665
1,FRANÇOIS,1981,3500
1,FRANÇOIS,1982,3165
1,FRANÇOIS,1983,3080
1,FRANÇOIS,1984,2905
1,FRANÇOIS,1985,2890
1,FRANÇOIS,1986,2885
1,FRANÇOIS,1987,2895
1,FRANÇOIS,1988,2595
1,FRANÇOIS,1989,2415
1,FRANÇOIS,1990,2290
1,FRANÇOIS,1991,2015
1,FRANÇOIS,1992,1810
1,FRANÇOIS,1993,1695
1,FRANÇOIS,1994,1520
1,FRANÇOIS,1995,1545
1,FRANÇOIS,1996,1535
1,FRANÇOIS,1997,1330
1,FRANÇOIS,1998,1270
1,FRANÇOIS,1999,1055
1,FRANÇOIS,2000,920
1,FRANÇOIS,2001,835
1,FRANÇOIS,2002,675
1,FRANÇOIS,2003,585
1,FRANÇOIS,2004,475
1,FRANÇOIS,2005,425
1,FRANÇOIS-DAVID,1971,5
1,FRANÇOIS-DAVID,1974,5
1,FRANÇOIS-DAVID,1979,5
1,FRANÇOIS-DAVID,1984,5
1,FRANÇOIS-DAVID,1987,5
1,FRANÇOIS-DAVID,1989,5
1,FRANÇOIS-DAVID,1990,5
1,FRANÇOIS-XAVIER,1943,5
1,FRANÇOIS-XAVIER,1945,10
1,FRANÇOIS-XAVIER,1946,5
1,FRANÇOIS-XAVIER,1947,15
1,FRANÇOIS-XAVIER,1950,20
1,FRANÇOIS-XAVIER,1951,30
1,FRANÇOIS-XAVIER,1952,30
1,FRANÇOIS-XAVIER,1953,30
1,FRANÇOIS-XAVIER,1954,25
1,FRANÇOIS-XAVIER,1955,35
1,FRANÇOIS-XAVIER,1957,45
1,FRANÇOIS-XAVIER,1958,55
1,FRANÇOIS-XAVIER,1960,55
1,FRANÇOIS-XAVIER,1961,65
1,FRANÇOIS-XAVIER,1962,75
1,FRANÇOIS-XAVIER,1963,65
1,FRANÇOIS-XAVIER,1964,80
1,FRANÇOIS-XAVIER,1965,95
1,FRANÇOIS-XAVIER,1966,90
1,FRANÇOIS-XAVIER,1967,95
1,FRANÇOIS-XAVIER,1968,100
1,FRANÇOIS-XAVIER,1969,165
1,FRANÇOIS-XAVIER,1970,185
1,FRANÇOIS-XAVIER,1971,250
1,FRANÇOIS-XAVIER,1972,225
1,FRANÇOIS-XAVIER,1973,245
1,FRANÇOIS-XAVIER,1974,240
1,FRANÇOIS-XAVIER,1975,235
1,FRANÇOIS-XAVIER,1976,255
1,FRANÇOIS-XAVIER,1977,240
1,FRANÇOIS-XAVIER,1978,190
1,FRANÇOIS-XAVIER,1979,205
1,FRANÇOIS-XAVIER,1980,240
1,FRANÇOIS-XAVIER,1981,250
1,FRANÇOIS-XAVIER,1982,230
1,FRANÇOIS-XAVIER,1983,210
1,FRANÇOIS-XAVIER,1984,230
1,FRANÇOIS-XAVIER,1985,240
1,FRANÇOIS-XAVIER,1986,260
1,FRANÇOIS-XAVIER,1987,200
1,FRANÇOIS-XAVIER,1988,205
1,FRANÇOIS-XAVIER,1989,175
1,FRANÇOIS-XAVIER,1990,185
1,FRANÇOIS-XAVIER,1991,180
1,FRANÇOIS-XAVIER,1992,130
1,FRANÇOIS-XAVIER,1993,105
1,FRANÇOIS-XAVIER,1994,75
1,FRANÇOIS-XAVIER,1995,85
1,FRANÇOIS-XAVIER,1996,85
1,FRANÇOIS-XAVIER,1997,65
1,FRANÇOIS-XAVIER,1998,65
1,FRANÇOIS-XAVIER,1999,60
1,FRANÇOIS-XAVIER,2000,45
1,FRANÇOIS-XAVIER,2001,40
1,FRANÇOIS-XAVIER,2002,35
1,FRANÇOIS-XAVIER,2003,35
1,FRANÇOIS-XAVIER,2004,30
1,FRANÇOIS-XAVIER,2005,30
1,FREDDY,1943,45
1,FREDDY,1945,60
1,FREDDY,1946,120
1,FREDDY,1947,115
1,FREDDY,1950,120
1,FREDDY,1951,125
1,FREDDY,1952,145
1,FREDDY,1953,115
1,FREDDY,1954,130
1,FREDDY,1955,130
1,FREDDY,1957,210
1,FREDDY,1958,175
1,FREDDY,1960,240
1,FREDDY,1961,255
1,FREDDY,1962,235
1,FREDDY,1963,290
1,FREDDY,1964,315
1,FREDDY,1965,275
1,FREDDY,1966,375
1,FREDDY,1967,385
1,FREDDY,1968,390
1,FREDDY,1969,405
1,FREDDY,1970,455
1,FREDDY,1971,515
1,FREDDY,1972,495
1,FREDDY,1973,560
1,FREDDY,1974,585
1,FREDDY,1975,600
1,FREDDY,1976,560
1,FREDDY,1977,540
1,FREDDY,1978,520
1,FREDDY,1979,470
1,FREDDY,1980,490
1,FREDDY,1981,520
1,FREDDY,1982,535
1,FREDDY,1983,465
1,FREDDY,1984,425
1,FREDDY,1985,450
1,FREDDY,1986,425
1,FREDDY,1987,365
1,FREDDY,1988,335
1,FREDDY,1989,255
1,FREDDY,1990,205
1,FREDDY,1991,195
1,FREDDY,1992,120
1,FREDDY,1993,135
1,FREDDY,1994,105
1,FREDDY,1995,85
1,FREDDY,1996,60
1,FREDDY,1997,60
1,FREDDY,1998,45
1,FREDDY,1999,40
1,FREDDY,2000,40
1,FREDDY,2001,40
1,FREDDY,2002,30
1,FREDDY,2003,25
1,FREDDY,2004,20
1,FREDDY,2005,15
1,FREDERIC,1964,5
1,FREDERIC,1965,5
1,FREDERIC,1967,10
1,FREDERIC,1968,5
1,FREDERIC,1969,5
1,FREDERIC,1970,5
1,FREDERIC,1971,5
1,FREDERIC,1972,5
1,FREDERIC,1973,5
1,FREDERIC,1974,5
1,FREDERIC,1975,5
1,FREDERIC,1976,5
1,FREDERIC,1977,5
1,FREDERIC,1978,5
1,FREDERIC,1979,5
1,FREDERIC,1982,5
1,FREDERIC,1984,5
1,FREDERIC,1985,5
1,FREDERIC,1987,5
1,FRÉDÉRIC,1943,185
1,FRÉDÉRIC,1945,190
1,FRÉDÉRIC,1946,275
1,FRÉDÉRIC,1947,285
1,FRÉDÉRIC,1950,500
1,FRÉDÉRIC,1951,575
1,FRÉDÉRIC,1952,705
1,FRÉDÉRIC,1953,825
1,FRÉDÉRIC,1954,965
1,FRÉDÉRIC,1955,1400
1,FRÉDÉRIC,1957,2205
1,FRÉDÉRIC,1958,2490
1,FRÉDÉRIC,1960,4315
1,FRÉDÉRIC,1961,5575
1,FRÉDÉRIC,1962,6575
1,FRÉDÉRIC,1963,8150
1,FRÉDÉRIC,1964,9135
1,FRÉDÉRIC,1965,10890
1,FRÉDÉRIC,1966,13740
1,FRÉDÉRIC,1967,13530
1,FRÉDÉRIC,1968,14060
1,FRÉDÉRIC,1969,13430
1,FRÉDÉRIC,1970,14195
1,FRÉDÉRIC,1971,13960
1,FRÉDÉRIC,1972,13915
1,FRÉDÉRIC,1973,18190
1,FRÉDÉRIC,1974,16580
1,FRÉDÉRIC,1975,15970
1,FRÉDÉRIC,1976,14345
1,FRÉDÉRIC,1977,12080
1,FRÉDÉRIC,1978,10370
1,FRÉDÉRIC,1979,9520
1,FRÉDÉRIC,1980,8680
1,FRÉDÉRIC,1981,7185
1,FRÉDÉRIC,1982,6135
1,FRÉDÉRIC,1983,5185
1,FRÉDÉRIC,1984,4485
1,FRÉDÉRIC,1985,4040
1,FRÉDÉRIC,1986,3430
1,FRÉDÉRIC,1987,2865
1,FRÉDÉRIC,1988,2405
1,FRÉDÉRIC,1989,2085
1,FRÉDÉRIC,1990,1745
1,FRÉDÉRIC,1991,1520
1,FRÉDÉRIC,1992,1255
1,FRÉDÉRIC,1993,1015
1,FRÉDÉRIC,1994,850
1,FRÉDÉRIC,1995,775
1,FRÉDÉRIC,1996,635
1,FRÉDÉRIC,1997,530
1,FRÉDÉRIC,1998,470
1,FRÉDÉRIC,1999,400
1,FRÉDÉRIC,2000,330
1,FRÉDÉRIC,2001,350
1,FRÉDÉRIC,2002,260
1,FRÉDÉRIC,2003,210
1,FRÉDÉRIC,2004,185
1,FRÉDÉRIC,2005,145
1,FRÉDÉRIQUE,1951,5
1,FRÉDÉRIQUE,1954,5
1,FRÉDÉRIQUE,1955,5
1,FRÉDÉRIQUE,1957,5
1,FRÉDÉRIQUE,1958,5
1,FRÉDÉRIQUE,1960,10
1,FRÉDÉRIQUE,1961,10
1,FRÉDÉRIQUE,1962,10
1,FRÉDÉRIQUE,1963,10
1,FRÉDÉRIQUE,1964,10
1,FRÉDÉRIQUE,1965,10
1,FRÉDÉRIQUE,1966,10
1,FRÉDÉRIQUE,1967,10
1,FRÉDÉRIQUE,1968,10
1,FRÉDÉRIQUE,1969,10
1,FRÉDÉRIQUE,1970,15
1,FRÉDÉRIQUE,1971,15
1,FRÉDÉRIQUE,1972,10
1,FRÉDÉRIQUE,1973,20
1,FRÉDÉRIQUE,1974,10
1,FRÉDÉRIQUE,1975,15
1,FRÉDÉRIQUE,1976,10
1,FRÉDÉRIQUE,1977,10
1,FRÉDÉRIQUE,1978,10
1,FRÉDÉRIQUE,1979,15
1,FRÉDÉRIQUE,1980,5
1,FRÉDÉRIQUE,1981,5
1,FRÉDÉRIQUE,1982,5
1,FRÉDÉRIQUE,1983,10
1,FRÉDÉRIQUE,1984,5
1,FRÉDÉRIQUE,1985,5
1,FRÉDÉRIQUE,1986,5
1,FRÉDÉRIQUE,1987,5
1,FRÉDÉRIQUE,1988,5
1,FRÉDÉRIQUE,1989,5
1,FRÉDÉRIQUE,1993,5
1,FRÉDÉRIQUE,2001,5
1,GABIN,1943,5
1,GABIN,1945,5
1,GABIN,1946,5
1,GABIN,1950,10
1,GABIN,1951,15
1,GABIN,1952,10
1,GABIN,1953,10
1,GABIN,1954,10
1,GABIN,1955,15
1,GABIN,1957,10
1,GABIN,1958,5
1,GABIN,1960,15
1,GABIN,1961,5
1,GABIN,1962,15
1,GABIN,1963,15
1,GABIN,1964,10
1,GABIN,1965,20
1,GABIN,1966,15
1,GABIN,1967,10
1,GABIN,1968,10
1,GABIN,1969,5
1,GABIN,1970,5
1,GABIN,1971,10
1,GABIN,1972,10
1,GABIN,1973,5
1,GABIN,1974,10
1,GABIN,1975,15
1,GABIN,1976,5
1,GABIN,1977,10
1,GABIN,1978,10
1,GABIN,1979,10
1,GABIN,1980,10
1,GABIN,1981,10
1,GABIN,1982,15
1,GABIN,1983,20
1,GABIN,1984,20
1,GABIN,1985,10
1,GABIN,1986,30
1,GABIN,1987,40
1,GABIN,1988,45
1,GABIN,1989,45
1,GABIN,1990,70
1,GABIN,1991,100
1,GABIN,1992,95
1,GABIN,1993,125
1,GABIN,1994,115
1,GABIN,1995,165
1,GABIN,1996,215
1,GABIN,1997,255
1,GABIN,1998,270
1,GABIN,1999,365
1,GABIN,2000,420
1,GABIN,2001,485
1,GABIN,2002,685
1,GABIN,2003,820
1,GABIN,2004,1115
1,GABIN,2005,1250
1,GABRIEL,1943,885
1,GABRIEL,1945,830
1,GABRIEL,1946,1005
1,GABRIEL,1947,1105
1,GABRIEL,1950,935
1,GABRIEL,1951,795
1,GABRIEL,1952,765
1,GABRIEL,1953,665
1,GABRIEL,1954,600
1,GABRIEL,1955,600
1,GABRIEL,1957,495
1,GABRIEL,1958,555
1,GABRIEL,1960,425
1,GABRIEL,1961,435
1,GABRIEL,1962,400
1,GABRIEL,1963,340
1,GABRIEL,1964,405
1,GABRIEL,1965,365
1,GABRIEL,1966,365
1,GABRIEL,1967,340
1,GABRIEL,1968,305
1,GABRIEL,1969,340
1,GABRIEL,1970,335
1,GABRIEL,1971,340
1,GABRIEL,1972,305
1,GABRIEL,1973,320
1,GABRIEL,1974,365
1,GABRIEL,1975,320
1,GABRIEL,1976,365
1,GABRIEL,1977,605
1,GABRIEL,1978,605
1,GABRIEL,1979,580
1,GABRIEL,1980,615
1,GABRIEL,1981,670
1,GABRIEL,1982,610
1,GABRIEL,1983,580
1,GABRIEL,1984,605
1,GABRIEL,1985,600
1,GABRIEL,1986,650
1,GABRIEL,1987,675
1,GABRIEL,1988,665
1,GABRIEL,1989,750
1,GABRIEL,1990,760
1,GABRIEL,1991,795
1,GABRIEL,1992,795
1,GABRIEL,1993,820
1,GABRIEL,1994,895
1,GABRIEL,1995,985
1,GABRIEL,1996,1120
1,GABRIEL,1997,1090
1,GABRIEL,1998,1170
1,GABRIEL,1999,1350
1,GABRIEL,2000,1550
1,GABRIEL,2001,1785
1,GABRIEL,2002,1830
1,GABRIEL,2003,1985
1,GABRIEL,2004,2260
1,GABRIEL,2005,2495
1,GAEL,1943,5
1,GAEL,1945,5
1,GAEL,1946,10
1,GAEL,1947,20
1,GAEL,1950,15
1,GAEL,1951,20
1,GAEL,1952,15
1,GAEL,1953,10
1,GAEL,1954,25
1,GAEL,1955,20
1,GAEL,1957,30
1,GAEL,1958,40
1,GAEL,1960,60
1,GAEL,1961,65
1,GAEL,1962,75
1,GAEL,1963,75
1,GAEL,1964,95
1,GAEL,1965,110
1,GAEL,1966,160
1,GAEL,1967,205
1,GAEL,1968,220
1,GAEL,1969,310
1,GAEL,1970,375
1,GAEL,1971,505
1,GAEL,1972,640
1,GAEL,1973,695
1,GAEL,1974,680
1,GAEL,1975,680
1,GAEL,1976,730
1,GAEL,1977,750
1,GAEL,1978,675
1,GAEL,1979,730
1,GAEL,1980,735
1,GAEL,1981,945
1,GAEL,1982,905
1,GAEL,1983,805
1,GAEL,1984,850
1,GAEL,1985,865
1,GAEL,1986,885
1,GAEL,1987,895
1,GAEL,1988,770
1,GAEL,1989,785
1,GAEL,1990,705
1,GAEL,1991,640
1,GAEL,1992,575
1,GAEL,1993,450
1,GAEL,1994,430
1,GAEL,1995,465
1,GAEL,1996,405
1,GAEL,1997,400
1,GAEL,1998,325
1,GAEL,1999,445
1,GAEL,2000,440
1,GAEL,2001,405
1,GAEL,2002,430
1,GAEL,2003,400
1,GAEL,2004,455
1,GAEL,2005,395
1,GAÊL,1997,5
1,GAËL,1957,5
1,GAËL,1960,5
1,GAËL,1961,5
1,GAËL,1962,10
1,GAËL,1963,10
1,GAËL,1964,15
1,GAËL,1965,10
1,GAËL,1966,20
1,GAËL,1967,25
1,GAËL,1968,25
1,GAËL,1969,45
1,GAËL,1970,60
1,GAËL,1971,90
1,GAËL,1972,120
1,GAËL,1973,105
1,GAËL,1974,120
1,GAËL,1975,120
1,GAËL,1976,140
1,GAËL,1977,120
1,GAËL,1978,120
1,GAËL,1979,165
1,GAËL,1980,160
1,GAËL,1981,160
1,GAËL,1982,190
1,GAËL,1983,170
1,GAËL,1984,155
1,GAËL,1985,135
1,GAËL,1986,155
1,GAËL,1987,135
1,GAËL,1988,100
1,GAËL,1989,100
1,GAËL,1990,85
1,GAËL,1991,60
1,GAËL,1992,50
1,GAËL,1993,50
1,GAËL,1994,55
1,GAËL,1995,70
1,GAËL,1996,155
1,GAËL,1997,205
1,GAËL,1998,155
1,GAËL,1999,30
1,GAËL,2000,5
1,GAËL,2001,5
1,GAËL,2002,5
1,GAËL,2003,5
1,GAËL,2004,5
1,GAËL,2005,5
1,GAËLLE,1989,5
1,GERARD,1946,5
1,GERARD,1947,5
1,GERARD,1950,5
1,GERARD,1951,5
1,GERARD,1952,5
1,GERARD,1954,5
1,GILLES,1943,1075
1,GILLES,1945,1360
1,GILLES,1946,2110
1,GILLES,1947,2655
1,GILLES,1950,3795
1,GILLES,1951,3995
1,GILLES,1952,4550
1,GILLES,1953,4910
1,GILLES,1954,5430
1,GILLES,1955,6085
1,GILLES,1957,6840
1,GILLES,1958,6915
1,GILLES,1960,7410
1,GILLES,1961,7410
1,GILLES,1962,7320
1,GILLES,1963,7035
1,GILLES,1964,6625
1,GILLES,1965,6015
1,GILLES,1966,5810
1,GILLES,1967,5275
1,GILLES,1968,4575
1,GILLES,1969,4450
1,GILLES,1970,3945
1,GILLES,1971,3885
1,GILLES,1972,3470
1,GILLES,1973,2575
1,GILLES,1974,1930
1,GILLES,1975,1490
1,GILLES,1976,1485
1,GILLES,1977,1375
1,GILLES,1978,1270
1,GILLES,1979,1280
1,GILLES,1980,1275
1,GILLES,1981,1215
1,GILLES,1982,1040
1,GILLES,1983,905
1,GILLES,1984,780
1,GILLES,1985,655
1,GILLES,1986,535
1,GILLES,1987,550
1,GILLES,1988,470
1,GILLES,1989,400
1,GILLES,1990,360
1,GILLES,1991,305
1,GILLES,1992,240
1,GILLES,1993,185
1,GILLES,1994,160
1,GILLES,1995,155
1,GILLES,1996,120
1,GILLES,1997,105
1,GILLES,1998,110
1,GILLES,1999,90
1,GILLES,2000,80
1,GILLES,2001,65
1,GILLES,2002,55
1,GILLES,2003,55
1,GILLES,2004,50
1,GILLES,2005,35
1,GRACE,1991,5
1,GRACE,2003,5
1,GRACE,2004,5
1,GRACE,2005,5
1,GRÉGOIRE,1943,40
1,GRÉGOIRE,1945,55
1,GRÉGOIRE,1946,70
1,GRÉGOIRE,1947,65
1,GRÉGOIRE,1950,50
1,GRÉGOIRE,1951,55
1,GRÉGOIRE,1952,50
1,GRÉGOIRE,1953,55
1,GRÉGOIRE,1954,35
1,GRÉGOIRE,1955,55
1,GRÉGOIRE,1957,70
1,GRÉGOIRE,1958,110
1,GRÉGOIRE,1960,100
1,GRÉGOIRE,1961,90
1,GRÉGOIRE,1962,90
1,GRÉGOIRE,1963,100
1,GRÉGOIRE,1964,105
1,GRÉGOIRE,1965,110
1,GRÉGOIRE,1966,130
1,GRÉGOIRE,1967,145
1,GRÉGOIRE,1968,160
1,GRÉGOIRE,1969,175
1,GRÉGOIRE,1970,230
1,GRÉGOIRE,1971,280
1,GRÉGOIRE,1972,260
1,GRÉGOIRE,1973,270
1,GRÉGOIRE,1974,275
1,GRÉGOIRE,1975,305
1,GRÉGOIRE,1976,280
1,GRÉGOIRE,1977,340
1,GRÉGOIRE,1978,340
1,GRÉGOIRE,1979,410
1,GRÉGOIRE,1980,405
1,GRÉGOIRE,1981,410
1,GRÉGOIRE,1982,395
1,GRÉGOIRE,1983,425
1,GRÉGOIRE,1984,465
1,GRÉGOIRE,1985,460
1,GRÉGOIRE,1986,485
1,GRÉGOIRE,1987,525
1,GRÉGOIRE,1988,595
1,GRÉGOIRE,1989,610
1,GRÉGOIRE,1990,625
1,GRÉGOIRE,1991,705
1,GRÉGOIRE,1992,650
1,GRÉGOIRE,1993,595
1,GRÉGOIRE,1994,600
1,GRÉGOIRE,1995,625
1,GRÉGOIRE,1996,755
1,GRÉGOIRE,1997,775
1,GRÉGOIRE,1998,800
1,GRÉGOIRE,1999,760
1,GRÉGOIRE,2000,720
1,GRÉGOIRE,2001,675
1,GRÉGOIRE,2002,600
1,GRÉGOIRE,2003,500
1,GRÉGOIRE,2004,415
1,GRÉGOIRE,2005,420
1,GUILLAUME,1943,85
1,GUILLAUME,1945,60
1,GUILLAUME,1946,80
1,GUILLAUME,1947,75
1,GUILLAUME,1950,65
1,GUILLAUME,1951,75
1,GUILLAUME,1952,70
1,GUILLAUME,1953,85
1,GUILLAUME,1954,80
1,GUILLAUME,1955,85
1,GUILLAUME,1957,120
1,GUILLAUME,1958,165
1,GUILLAUME,1960,235
1,GUILLAUME,1961,235
1,GUILLAUME,1962,295
1,GUILLAUME,1963,365
1,GUILLAUME,1964,400
1,GUILLAUME,1965,580
1,GUILLAUME,1966,820
1,GUILLAUME,1967,900
1,GUILLAUME,1968,1040
1,GUILLAUME,1969,1465
1,GUILLAUME,1970,1990
1,GUILLAUME,1971,2350
1,GUILLAUME,1972,2730
1,GUILLAUME,1973,3055
1,GUILLAUME,1974,3380
1,GUILLAUME,1975,3725
1,GUILLAUME,1976,5055
1,GUILLAUME,1977,5885
1,GUILLAUME,1978,6670
1,GUILLAUME,1979,7220
1,GUILLAUME,1980,7900
1,GUILLAUME,1981,8835
1,GUILLAUME,1982,8255
1,GUILLAUME,1983,9250
1,GUILLAUME,1984,9375
1,GUILLAUME,1985,8570
1,GUILLAUME,1986,9085
1,GUILLAUME,1987,7995
1,GUILLAUME,1988,7475
1,GUILLAUME,1989,7250
1,GUILLAUME,1990,6980
1,GUILLAUME,1991,6615
1,GUILLAUME,1992,6270
1,GUILLAUME,1993,5920
1,GUILLAUME,1994,5885
1,GUILLAUME,1995,5520
1,GUILLAUME,1996,5415
1,GUILLAUME,1997,5640
1,GUILLAUME,1998,4525
1,GUILLAUME,1999,3725
1,GUILLAUME,2000,3570
1,GUILLAUME,2001,2790
1,GUILLAUME,2002,2265
1,GUILLAUME,2003,1835
1,GUILLAUME,2004,1505
1,GUILLAUME,2005,1305
1,GUSTIN,1997,5
1,GUSTIN,1999,5
1,GUSTIN,2002,5
1,GUSTIN,2003,5
1,GUSTIN,2004,5
1,GÉRARD,1943,11185
1,GÉRARD,1945,12400
1,GÉRARD,1946,19230
1,GÉRARD,1947,19705
1,GÉRARD,1950,18610
1,GÉRARD,1951,16675
1,GÉRARD,1952,15955
1,GÉRARD,1953,14500
1,GÉRARD,1954,12760
1,GÉRARD,1955,10330
1,GÉRARD,1957,8385
1,GÉRARD,1958,6680
1,GÉRARD,1960,5830
1,GÉRARD,1961,4825
1,GÉRARD,1962,4275
1,GÉRARD,1963,3585
1,GÉRARD,1964,2915
1,GÉRARD,1965,2540
1,GÉRARD,1966,2045
1,GÉRARD,1967,1965
1,GÉRARD,1968,1675
1,GÉRARD,1969,1255
1,GÉRARD,1970,1025
1,GÉRARD,1971,890
1,GÉRARD,1972,780
1,GÉRARD,1973,650
1,GÉRARD,1974,480
1,GÉRARD,1975,410
1,GÉRARD,1976,295
1,GÉRARD,1977,305
1,GÉRARD,1978,255
1,GÉRARD,1979,270
1,GÉRARD,1980,240
1,GÉRARD,1981,195
1,GÉRARD,1982,195
1,GÉRARD,1983,175
1,GÉRARD,1984,155
1,GÉRARD,1985,130
1,GÉRARD,1986,100
1,GÉRARD,1987,95
1,GÉRARD,1988,95
1,GÉRARD,1989,70
1,GÉRARD,1990,90
1,GÉRARD,1991,65
1,GÉRARD,1992,60
1,GÉRARD,1993,50
1,GÉRARD,1994,30
1,GÉRARD,1995,25
1,GÉRARD,1996,35
1,GÉRARD,1997,25
1,GÉRARD,1998,25
1,GÉRARD,1999,25
1,GÉRARD,2000,25
1,GÉRARD,2001,20
1,GÉRARD,2002,20
1,GÉRARD,2003,10
1,GÉRARD,2004,15
1,GÉRARD,2005,10
1,HAKIM,1954,5
1,HAKIM,1957,5
1,HAKIM,1958,10
1,HAKIM,1960,10
1,HAKIM,1961,25
1,HAKIM,1962,25
1,HAKIM,1963,35
1,HAKIM,1964,50
1,HAKIM,1965,65
1,HAKIM,1966,95
1,HAKIM,1967,100
1,HAKIM,1968,135
1,HAKIM,1969,125
1,HAKIM,1970,130
1,HAKIM,1971,190
1,HAKIM,1972,175
1,HAKIM,1973,210
1,HAKIM,1974,225
1,HAKIM,1975,235
1,HAKIM,1976,215
1,HAKIM,1977,245
1,HAKIM,1978,260
1,HAKIM,1979,300
1,HAKIM,1980,315
1,HAKIM,1981,345
1,HAKIM,1982,345
1,HAKIM,1983,305
1,HAKIM,1984,305
1,HAKIM,1985,275
1,HAKIM,1986,260
1,HAKIM,1987,235
1,HAKIM,1988,250
1,HAKIM,1989,240
1,HAKIM,1990,235
1,HAKIM,1991,235
1,HAKIM,1992,220
1,HAKIM,1993,230
1,HAKIM,1994,210
1,HAKIM,1995,200
1,HAKIM,1996,170
1,HAKIM,1997,150
1,HAKIM,1998,145
1,HAKIM,1999,150
1,HAKIM,2000,180
1,HAKIM,2001,150
1,HAKIM,2002,115
1,HAKIM,2003,145
1,HAKIM,2004,140
1,HAKIM,2005,95
1,HARRY,1943,25
1,HARRY,1945,35
1,HARRY,1946,40
1,HARRY,1947,35
1,HARRY,1950,60
1,HARRY,1951,55
1,HARRY,1952,50
1,HARRY,1953,65
1,HARRY,1954,70
1,HARRY,1955,55
1,HARRY,1957,80
1,HARRY,1958,65
1,HARRY,1960,85
1,HARRY,1961,85
1,HARRY,1962,65
1,HARRY,1963,80
1,HARRY,1964,85
1,HARRY,1965,75
1,HARRY,1966,95
1,HARRY,1967,75
1,HARRY,1968,105
1,HARRY,1969,95
1,HARRY,1970,90
1,HARRY,1971,95
1,HARRY,1972,100
1,HARRY,1973,90
1,HARRY,1974,75
1,HARRY,1975,70
1,HARRY,1976,60
1,HARRY,1977,45
1,HARRY,1978,55
1,HARRY,1979,45
1,HARRY,1980,55
1,HARRY,1981,50
1,HARRY,1982,50
1,HARRY,1983,55
1,HARRY,1984,65
1,HARRY,1985,80
1,HARRY,1986,80
1,HARRY,1987,60
1,HARRY,1988,60
1,HARRY,1989,50
1,HARRY,1990,60
1,HARRY,1991,60
1,HARRY,1992,60
1,HARRY,1993,40
1,HARRY,1994,35
1,HARRY,1995,30
1,HARRY,1996,35
1,HARRY,1997,40
1,HARRY,1998,40
1,HARRY,1999,40
1,HARRY,2000,35
1,HARRY,2001,35
1,HARRY,2002,60
1,HARRY,2003,45
1,HARRY,2004,45
1,HARRY,2005,40
1,HERVE,1966,5
1,HERVÉ,1943,535
1,HERVÉ,1945,655
1,HERVÉ,1946,1055
1,HERVÉ,1947,1355
1,HERVÉ,1950,1995
1,HERVÉ,1951,2310
1,HERVÉ,1952,2370
1,HERVÉ,1953,2560
1,HERVÉ,1954,2535
1,HERVÉ,1955,2610
1,HERVÉ,1957,3480
1,HERVÉ,1958,3410
1,HERVÉ,1960,4325
1,HERVÉ,1961,4725
1,HERVÉ,1962,4415
1,HERVÉ,1963,5110
1,HERVÉ,1964,5240
1,HERVÉ,1965,4755
1,HERVÉ,1966,6730
1,HERVÉ,1967,7025
1,HERVÉ,1968,6300
1,HERVÉ,1969,5860
1,HERVÉ,1970,4980
1,HERVÉ,1971,5150
1,HERVÉ,1972,4710
1,HERVÉ,1973,3395
1,HERVÉ,1974,3015
1,HERVÉ,1975,2425
1,HERVÉ,1976,1840
1,HERVÉ,1977,1390
1,HERVÉ,1978,1330
1,HERVÉ,1979,1125
1,HERVÉ,1980,1335
1,HERVÉ,1981,1345
1,HERVÉ,1982,1175
1,HERVÉ,1983,880
1,HERVÉ,1984,720
1,HERVÉ,1985,610
1,HERVÉ,1986,530
1,HERVÉ,1987,460
1,HERVÉ,1988,395
1,HERVÉ,1989,295
1,HERVÉ,1990,250
1,HERVÉ,1991,195
1,HERVÉ,1992,220
1,HERVÉ,1993,170
1,HERVÉ,1994,140
1,HERVÉ,1995,130
1,HERVÉ,1996,110
1,HERVÉ,1997,80
1,HERVÉ,1998,95
1,HERVÉ,1999,75
1,HERVÉ,2000,70
1,HERVÉ,2001,55
1,HERVÉ,2002,55
1,HERVÉ,2003,45
1,HERVÉ,2004,35
1,HERVÉ,2005,30
1,HUGO,1943,5
1,HUGO,1945,5
1,HUGO,1946,5
1,HUGO,1947,5
1,HUGO,1950,5
1,HUGO,1951,5
1,HUGO,1952,10
1,HUGO,1953,5
1,HUGO,1954,5
1,HUGO,1955,10
1,HUGO,1957,15
1,HUGO,1958,10
1,HUGO,1960,10
1,HUGO,1961,15
1,HUGO,1962,10
1,HUGO,1963,15
1,HUGO,1964,20
1,HUGO,1965,15
1,HUGO,1966,20
1,HUGO,1967,35
1,HUGO,1968,30
1,HUGO,1969,30
1,HUGO,1970,30
1,HUGO,1971,85
1,HUGO,1972,140
1,HUGO,1973,135
1,HUGO,1974,140
1,HUGO,1975,120
1,HUGO,1976,120
1,HUGO,1977,135
1,HUGO,1978,175
1,HUGO,1979,170
1,HUGO,1980,195
1,HUGO,1981,215
1,HUGO,1982,220
1,HUGO,1983,240
1,HUGO,1984,310
1,HUGO,1985,430
1,HUGO,1986,575
1,HUGO,1987,760
1,HUGO,1988,1015
1,HUGO,1989,1430
1,HUGO,1990,1575
1,HUGO,1991,1840
1,HUGO,1992,2090
1,HUGO,1993,1865
1,HUGO,1994,1860
1,HUGO,1995,2535
1,HUGO,1996,3565
1,HUGO,1997,4160
1,HUGO,1998,5670
1,HUGO,1999,6995
1,HUGO,2000,7695
1,HUGO,2001,7045
1,HUGO,2002,7240
1,HUGO,2003,7385
1,HUGO,2004,6145
1,HUGO,2005,5570
1,HÉLÈNE,1943,5
1,HÉLÈNE,1947,5
1,HÉLÈNE,1950,5
1,HÉLÈNE,1952,5
1,HÉLÈNE,1955,5
1,HÉLÈNE,1957,5
1,HÉLÈNE,1968,5
1,ILYESSE,1989,5
1,ILYESSE,1990,5
1,ILYESSE,1991,5
1,ILYESSE,1992,5
1,ILYESSE,1993,10
1,ILYESSE,1994,10
1,ILYESSE,1995,5
1,ILYESSE,1996,10
1,ILYESSE,1997,10
1,ILYESSE,1998,20
1,ILYESSE,1999,10
1,ILYESSE,2000,10
1,ILYESSE,2001,20
1,ILYESSE,2002,20
1,ILYESSE,2003,15
1,ILYESSE,2004,15
1,ILYESSE,2005,15
1,INÈS,2001,5
1,ISABELLE,1943,5
1,ISABELLE,1964,5
1,JACKY,1943,1050
1,JACKY,1945,1670
1,JACKY,1946,2700
1,JACKY,1947,3215
1,JACKY,1950,3305
1,JACKY,1951,3615
1,JACKY,1952,3225
1,JACKY,1953,3090
1,JACKY,1954,3005
1,JACKY,1955,3005
1,JACKY,1957,2455
1,JACKY,1958,2050
1,JACKY,1960,1815
1,JACKY,1961,1590
1,JACKY,1962,1380
1,JACKY,1963,1335
1,JACKY,1964,1255
1,JACKY,1965,1020
1,JACKY,1966,1030
1,JACKY,1967,915
1,JACKY,1968,790
1,JACKY,1969,760
1,JACKY,1970,665
1,JACKY,1971,635
1,JACKY,1972,570
1,JACKY,1973,455
1,JACKY,1974,400
1,JACKY,1975,300
1,JACKY,1976,265
1,JACKY,1977,270
1,JACKY,1978,245
1,JACKY,1979,210
1,JACKY,1980,210
1,JACKY,1981,185
1,JACKY,1982,175
1,JACKY,1983,165
1,JACKY,1984,140
1,JACKY,1985,135
1,JACKY,1986,155
1,JACKY,1987,140
1,JACKY,1988,140
1,JACKY,1989,120
1,JACKY,1990,115
1,JACKY,1991,80
1,JACKY,1992,75
1,JACKY,1993,60
1,JACKY,1994,45
1,JACKY,1995,55
1,JACKY,1996,45
1,JACKY,1997,35
1,JACKY,1998,30
1,JACKY,1999,40
1,JACKY,2000,35
1,JACKY,2001,25
1,JACKY,2002,25
1,JACKY,2003,25
1,JACKY,2004,15
1,JACKY,2005,30
1,JACQUES,1943,10635
1,JACQUES,1945,10795
1,JACQUES,1946,15405
1,JACQUES,1947,14925
1,JACQUES,1950,13035
1,JACQUES,1951,11475
1,JACQUES,1952,10480
1,JACQUES,1953,9285
1,JACQUES,1954,8765
1,JACQUES,1955,8165
1,JACQUES,1957,7010
1,JACQUES,1958,6290
1,JACQUES,1960,5385
1,JACQUES,1961,4935
1,JACQUES,1962,4300
1,JACQUES,1963,4035
1,JACQUES,1964,3550
1,JACQUES,1965,3015
1,JACQUES,1966,2620
1,JACQUES,1967,2190
1,JACQUES,1968,1935
1,JACQUES,1969,1675
1,JACQUES,1970,1385
1,JACQUES,1971,1165
1,JACQUES,1972,1005
1,JACQUES,1973,840
1,JACQUES,1974,640
1,JACQUES,1975,525
1,JACQUES,1976,465
1,JACQUES,1977,430
1,JACQUES,1978,400
1,JACQUES,1979,410
1,JACQUES,1980,415
1,JACQUES,1981,365
1,JACQUES,1982,370
1,JACQUES,1983,315
1,JACQUES,1984,325
1,JACQUES,1985,315
1,JACQUES,1986,295
1,JACQUES,1987,305
1,JACQUES,1988,260
1,JACQUES,1989,265
1,JACQUES,1990,250
1,JACQUES,1991,210
1,JACQUES,1992,235
1,JACQUES,1993,220
1,JACQUES,1994,200
1,JACQUES,1995,195
1,JACQUES,1996,190
1,JACQUES,1997,195
1,JACQUES,1998,195
1,JACQUES,1999,160
1,JACQUES,2000,180
1,JACQUES,2001,170
1,JACQUES,2002,170
1,JACQUES,2003,145
1,JACQUES,2004,135
1,JACQUES,2005,120
1,JADE,1976,5
1,JADE,1983,5
1,JADE,1984,5
1,JADE,1986,5
1,JADE,1988,5
1,JADE,1990,5
1,JADE,1991,10
1,JADE,1992,10
1,JADE,1993,5
1,JADE,1994,10
1,JADE,1995,5
1,JADE,1996,10
1,JADE,1997,10
1,JADE,1998,10
1,JADE,1999,15
1,JADE,2000,10
1,JADE,2001,10
1,JADE,2002,15
1,JADE,2003,15
1,JADE,2004,10
1,JADE,2005,10
1,JAVIER,1951,5
1,JAVIER,1955,5
1,JAVIER,1957,5
1,JAVIER,1958,5
1,JAVIER,1960,5
1,JAVIER,1961,10
1,JAVIER,1962,10
1,JAVIER,1963,25
1,JAVIER,1964,20
1,JAVIER,1965,30
1,JAVIER,1966,30
1,JAVIER,1967,40
1,JAVIER,1968,40
1,JAVIER,1969,40
1,JAVIER,1970,50
1,JAVIER,1971,45
1,JAVIER,1972,45
1,JAVIER,1973,60
1,JAVIER,1974,40
1,JAVIER,1975,30
1,JAVIER,1976,25
1,JAVIER,1977,25
1,JAVIER,1978,25
1,JAVIER,1979,25
1,JAVIER,1980,15
1,JAVIER,1981,20
1,JAVIER,1982,15
1,JAVIER,1983,10
1,JAVIER,1984,10
1,JAVIER,1985,5
1,JAVIER,1986,5
1,JAVIER,1987,5
1,JAVIER,1988,10
1,JAVIER,1989,5
1,JAVIER,1990,5
1,JAVIER,1991,5
1,JAVIER,1992,5
1,JAVIER,1993,5
1,JAVIER,1995,5
1,JAVIER,1996,5
1,JAVIER,1997,5
1,JAVIER,1999,5
1,JAVIER,2002,5
1,JAVIER,2004,5
1,JEAN,1943,40665
1,JEAN,1945,40635
1,JEAN,1946,53380
1,JEAN,1947,51185
1,JEAN,1950,38155
1,JEAN,1951,35090
1,JEAN,1952,33775
1,JEAN,1953,29165
1,JEAN,1954,28395
1,JEAN,1955,24710
1,JEAN,1957,22015
1,JEAN,1958,20955
1,JEAN,1960,17415
1,JEAN,1961,15905
1,JEAN,1962,14295
1,JEAN,1963,13645
1,JEAN,1964,13230
1,JEAN,1965,10780
1,JEAN,1966,10620
1,JEAN,1967,8885
1,JEAN,1968,8885
1,JEAN,1969,7665
1,JEAN,1970,5515
1,JEAN,1971,4730
1,JEAN,1972,4405
1,JEAN,1973,3770
1,JEAN,1974,3445
1,JEAN,1975,3120
1,JEAN,1976,2745
1,JEAN,1977,2795
1,JEAN,1978,3450
1,JEAN,1979,3390
1,JEAN,1980,3720
1,JEAN,1981,3265
1,JEAN,1982,3400
1,JEAN,1983,3135
1,JEAN,1984,2940
1,JEAN,1985,2945
1,JEAN,1986,2640
1,JEAN,1987,2335
1,JEAN,1988,2090
1,JEAN,1989,1830
1,JEAN,1990,1645
1,JEAN,1991,1445
1,JEAN,1992,1460
1,JEAN,1993,1295
1,JEAN,1994,1340
1,JEAN,1995,1265
1,JEAN,1996,1330
1,JEAN,1997,1180
1,JEAN,1998,1110
1,JEAN,1999,1120
1,JEAN,2000,995
1,JEAN,2001,1150
1,JEAN,2002,990
1,JEAN,2003,880
1,JEAN,2004,890
1,JEAN,2005,845
1,JEAN-BERNARD,1943,55
1,JEAN-BERNARD,1945,60
1,JEAN-BERNARD,1946,180
1,JEAN-BERNARD,1947,210
1,JEAN-BERNARD,1950,265
1,JEAN-BERNARD,1951,330
1,JEAN-BERNARD,1952,260
1,JEAN-BERNARD,1953,310
1,JEAN-BERNARD,1954,290
1,JEAN-BERNARD,1955,290
1,JEAN-BERNARD,1957,295
1,JEAN-BERNARD,1958,300
1,JEAN-BERNARD,1960,290
1,JEAN-BERNARD,1961,255
1,JEAN-BERNARD,1962,300
1,JEAN-BERNARD,1963,305
1,JEAN-BERNARD,1964,270
1,JEAN-BERNARD,1965,255
1,JEAN-BERNARD,1966,265
1,JEAN-BERNARD,1967,245
1,JEAN-BERNARD,1968,220
1,JEAN-BERNARD,1969,245
1,JEAN-BERNARD,1970,215
1,JEAN-BERNARD,1971,210
1,JEAN-BERNARD,1972,165
1,JEAN-BERNARD,1973,110
1,JEAN-BERNARD,1974,120
1,JEAN-BERNARD,1975,115
1,JEAN-BERNARD,1976,90
1,JEAN-BERNARD,1977,60
1,JEAN-BERNARD,1978,80
1,JEAN-BERNARD,1979,90
1,JEAN-BERNARD,1980,80
1,JEAN-BERNARD,1981,50
1,JEAN-BERNARD,1982,70
1,JEAN-BERNARD,1983,60
1,JEAN-BERNARD,1984,55
1,JEAN-BERNARD,1985,55
1,JEAN-BERNARD,1986,55
1,JEAN-BERNARD,1987,55
1,JEAN-BERNARD,1988,40
1,JEAN-BERNARD,1989,30
1,JEAN-BERNARD,1990,40
1,JEAN-BERNARD,1991,25
1,JEAN-BERNARD,1992,25
1,JEAN-BERNARD,1993,25
1,JEAN-BERNARD,1994,20
1,JEAN-BERNARD,1995,10
1,JEAN-BERNARD,1996,15
1,JEAN-BERNARD,1997,10
1,JEAN-BERNARD,1998,5
1,JEAN-BERNARD,1999,5
1,JEAN-BERNARD,2000,5
1,JEAN-BERNARD,2001,10
1,JEAN-BERNARD,2002,5
1,JEAN-BERNARD,2003,5
1,JEAN-BERNARD,2004,5
1,JEAN-CHARLES,1943,40
1,JEAN-CHARLES,1945,55
1,JEAN-CHARLES,1946,130
1,JEAN-CHARLES,1947,175
1,JEAN-CHARLES,1950,225
1,JEAN-CHARLES,1951,205
1,JEAN-CHARLES,1952,220
1,JEAN-CHARLES,1953,245
1,JEAN-CHARLES,1954,235
1,JEAN-CHARLES,1955,290
1,JEAN-CHARLES,1957,305
1,JEAN-CHARLES,1958,380
1,JEAN-CHARLES,1960,440
1,JEAN-CHARLES,1961,395
1,JEAN-CHARLES,1962,470
1,JEAN-CHARLES,1963,465
1,JEAN-CHARLES,1964,475
1,JEAN-CHARLES,1965,495
1,JEAN-CHARLES,1966,470
1,JEAN-CHARLES,1967,585
1,JEAN-CHARLES,1968,545
1,JEAN-CHARLES,1969,505
1,JEAN-CHARLES,1970,575
1,JEAN-CHARLES,1971,575
1,JEAN-CHARLES,1972,500
1,JEAN-CHARLES,1973,490
1,JEAN-CHARLES,1974,400
1,JEAN-CHARLES,1975,385
1,JEAN-CHARLES,1976,400
1,JEAN-CHARLES,1977,370
1,JEAN-CHARLES,1978,390
1,JEAN-CHARLES,1979,425
1,JEAN-CHARLES,1980,440
1,JEAN-CHARLES,1981,500
1,JEAN-CHARLES,1982,465
1,JEAN-CHARLES,1983,420
1,JEAN-CHARLES,1984,455
1,JEAN-CHARLES,1985,455
1,JEAN-CHARLES,1986,395
1,JEAN-CHARLES,1987,400
1,JEAN-CHARLES,1988,355
1,JEAN-CHARLES,1989,335
1,JEAN-CHARLES,1990,285
1,JEAN-CHARLES,1991,225
1,JEAN-CHARLES,1992,210
1,JEAN-CHARLES,1993,155
1,JEAN-CHARLES,1994,120
1,JEAN-CHARLES,1995,105
1,JEAN-CHARLES,1996,130
1,JEAN-CHARLES,1997,85
1,JEAN-CHARLES,1998,75
1,JEAN-CHARLES,1999,55
1,JEAN-CHARLES,2000,45
1,JEAN-CHARLES,2001,60
1,JEAN-CHARLES,2002,35
1,JEAN-CHARLES,2003,30
1,JEAN-CHARLES,2004,35
1,JEAN-CHARLES,2005,10
1,JEAN-CLAUDE,1943,5535
1,JEAN-CLAUDE,1945,5345
1,JEAN-CLAUDE,1946,9705
1,JEAN-CLAUDE,1947,10300
1,JEAN-CLAUDE,1950,7995
1,JEAN-CLAUDE,1951,6935
1,JEAN-CLAUDE,1952,6305
1,JEAN-CLAUDE,1953,6015
1,JEAN-CLAUDE,1954,5860
1,JEAN-CLAUDE,1955,5810
1,JEAN-CLAUDE,1957,5255
1,JEAN-CLAUDE,1958,4655
1,JEAN-CLAUDE,1960,4035
1,JEAN-CLAUDE,1961,3890
1,JEAN-CLAUDE,1962,3455
1,JEAN-CLAUDE,1963,3275
1,JEAN-CLAUDE,1964,2950
1,JEAN-CLAUDE,1965,2535
1,JEAN-CLAUDE,1966,2210
1,JEAN-CLAUDE,1967,2005
1,JEAN-CLAUDE,1968,1740
1,JEAN-CLAUDE,1969,1450
1,JEAN-CLAUDE,1970,1180
1,JEAN-CLAUDE,1971,1060
1,JEAN-CLAUDE,1972,860
1,JEAN-CLAUDE,1973,745
1,JEAN-CLAUDE,1974,555
1,JEAN-CLAUDE,1975,420
1,JEAN-CLAUDE,1976,355
1,JEAN-CLAUDE,1977,300
1,JEAN-CLAUDE,1978,270
1,JEAN-CLAUDE,1979,225
1,JEAN-CLAUDE,1980,220
1,JEAN-CLAUDE,1981,200
1,JEAN-CLAUDE,1982,165
1,JEAN-CLAUDE,1983,115
1,JEAN-CLAUDE,1984,110
1,JEAN-CLAUDE,1985,95
1,JEAN-CLAUDE,1986,95
1,JEAN-CLAUDE,1987,95
1,JEAN-CLAUDE,1988,85
1,JEAN-CLAUDE,1989,70
1,JEAN-CLAUDE,1990,75
1,JEAN-CLAUDE,1991,60
1,JEAN-CLAUDE,1992,75
1,JEAN-CLAUDE,1993,70
1,JEAN-CLAUDE,1994,55
1,JEAN-CLAUDE,1995,40
1,JEAN-CLAUDE,1996,50
1,JEAN-CLAUDE,1997,40
1,JEAN-CLAUDE,1998,35
1,JEAN-CLAUDE,1999,40
1,JEAN-CLAUDE,2000,25
1,JEAN-CLAUDE,2001,25
1,JEAN-CLAUDE,2002,30
1,JEAN-CLAUDE,2003,25
1,JEAN-CLAUDE,2004,20
1,JEAN-CLAUDE,2005,10
1,JEAN-LUC,1943,155
1,JEAN-LUC,1945,270
1,JEAN-LUC,1946,605
1,JEAN-LUC,1947,895
1,JEAN-LUC,1950,2350
1,JEAN-LUC,1951,3240
1,JEAN-LUC,1952,4045
1,JEAN-LUC,1953,4700
1,JEAN-LUC,1954,5250
1,JEAN-LUC,1955,5875
1,JEAN-LUC,1957,6215
1,JEAN-LUC,1958,5825
1,JEAN-LUC,1960,5780
1,JEAN-LUC,1961,5880
1,JEAN-LUC,1962,5505
1,JEAN-LUC,1963,5715
1,JEAN-LUC,1964,5560
1,JEAN-LUC,1965,5665
1,JEAN-LUC,1966,4750
1,JEAN-LUC,1967,4180
1,JEAN-LUC,1968,3585
1,JEAN-LUC,1969,2955
1,JEAN-LUC,1970,2445
1,JEAN-LUC,1971,1880
1,JEAN-LUC,1972,1430
1,JEAN-LUC,1973,1110
1,JEAN-LUC,1974,870
1,JEAN-LUC,1975,675
1,JEAN-LUC,1976,530
1,JEAN-LUC,1977,405
1,JEAN-LUC,1978,335
1,JEAN-LUC,1979,320
1,JEAN-LUC,1980,275
1,JEAN-LUC,1981,230
1,JEAN-LUC,1982,190
1,JEAN-LUC,1983,205
1,JEAN-LUC,1984,160
1,JEAN-LUC,1985,160
1,JEAN-LUC,1986,155
1,JEAN-LUC,1987,155
1,JEAN-LUC,1988,140
1,JEAN-LUC,1989,80
1,JEAN-LUC,1990,120
1,JEAN-LUC,1991,85
1,JEAN-LUC,1992,85
1,JEAN-LUC,1993,75
1,JEAN-LUC,1994,65
1,JEAN-LUC,1995,55
1,JEAN-LUC,1996,50
1,JEAN-LUC,1997,55
1,JEAN-LUC,1998,45
1,JEAN-LUC,1999,50
1,JEAN-LUC,2000,50
1,JEAN-LUC,2001,40
1,JEAN-LUC,2002,45
1,JEAN-LUC,2003,30
1,JEAN-LUC,2004,25
1,JEAN-LUC,2005,25
1,JEAN-PHILIPPE,1943,40
1,JEAN-PHILIPPE,1945,30
1,JEAN-PHILIPPE,1946,70
1,JEAN-PHILIPPE,1947,80
1,JEAN-PHILIPPE,1950,235
1,JEAN-PHILIPPE,1951,215
1,JEAN-PHILIPPE,1952,255
1,JEAN-PHILIPPE,1953,345
1,JEAN-PHILIPPE,1954,420
1,JEAN-PHILIPPE,1955,510
1,JEAN-PHILIPPE,1957,560
1,JEAN-PHILIPPE,1958,565
1,JEAN-PHILIPPE,1960,1150
1,JEAN-PHILIPPE,1961,1215
1,JEAN-PHILIPPE,1962,1445
1,JEAN-PHILIPPE,1963,1490
1,JEAN-PHILIPPE,1964,1640
1,JEAN-PHILIPPE,1965,1955
1,JEAN-PHILIPPE,1966,1995
1,JEAN-PHILIPPE,1967,1910
1,JEAN-PHILIPPE,1968,1795
1,JEAN-PHILIPPE,1969,1760
1,JEAN-PHILIPPE,1970,1865
1,JEAN-PHILIPPE,1971,1830
1,JEAN-PHILIPPE,1972,1670
1,JEAN-PHILIPPE,1973,1525
1,JEAN-PHILIPPE,1974,1295
1,JEAN-PHILIPPE,1975,1440
1,JEAN-PHILIPPE,1976,1170
1,JEAN-PHILIPPE,1977,1205
1,JEAN-PHILIPPE,1978,1010
1,JEAN-PHILIPPE,1979,1065
1,JEAN-PHILIPPE,1980,1050
1,JEAN-PHILIPPE,1981,1040
1,JEAN-PHILIPPE,1982,965
1,JEAN-PHILIPPE,1983,895
1,JEAN-PHILIPPE,1984,760
1,JEAN-PHILIPPE,1985,660
1,JEAN-PHILIPPE,1986,700
1,JEAN-PHILIPPE,1987,615
1,JEAN-PHILIPPE,1988,530
1,JEAN-PHILIPPE,1989,460
1,JEAN-PHILIPPE,1990,405
1,JEAN-PHILIPPE,1991,355
1,JEAN-PHILIPPE,1992,320
1,JEAN-PHILIPPE,1993,260
1,JEAN-PHILIPPE,1994,215
1,JEAN-PHILIPPE,1995,180
1,JEAN-PHILIPPE,1996,165
1,JEAN-PHILIPPE,1997,120
1,JEAN-PHILIPPE,1998,90
1,JEAN-PHILIPPE,1999,70
1,JEAN-PHILIPPE,2000,95
1,JEAN-PHILIPPE,2001,80
1,JEAN-PHILIPPE,2002,60
1,JEAN-PHILIPPE,2003,35
1,JEAN-PHILIPPE,2004,30
1,JEAN-PHILIPPE,2005,40
1,JEAN-PIERRE,1943,4575
1,JEAN-PIERRE,1945,4995
1,JEAN-PIERRE,1946,9310
1,JEAN-PIERRE,1947,10565
1,JEAN-PIERRE,1950,9985
1,JEAN-PIERRE,1951,9260
1,JEAN-PIERRE,1952,8675
1,JEAN-PIERRE,1953,8665
1,JEAN-PIERRE,1954,8310
1,JEAN-PIERRE,1955,8410
1,JEAN-PIERRE,1957,7555
1,JEAN-PIERRE,1958,6855
1,JEAN-PIERRE,1960,6025
1,JEAN-PIERRE,1961,5545
1,JEAN-PIERRE,1962,5180
1,JEAN-PIERRE,1963,4895
1,JEAN-PIERRE,1964,4405
1,JEAN-PIERRE,1965,3855
1,JEAN-PIERRE,1966,4005
1,JEAN-PIERRE,1967,3415
1,JEAN-PIERRE,1968,2990
1,JEAN-PIERRE,1969,2510
1,JEAN-PIERRE,1970,2200
1,JEAN-PIERRE,1971,1880
1,JEAN-PIERRE,1972,1560
1,JEAN-PIERRE,1973,1245
1,JEAN-PIERRE,1974,970
1,JEAN-PIERRE,1975,765
1,JEAN-PIERRE,1976,560
1,JEAN-PIERRE,1977,515
1,JEAN-PIERRE,1978,440
1,JEAN-PIERRE,1979,390
1,JEAN-PIERRE,1980,360
1,JEAN-PIERRE,1981,340
1,JEAN-PIERRE,1982,305
1,JEAN-PIERRE,1983,250
1,JEAN-PIERRE,1984,235
1,JEAN-PIERRE,1985,190
1,JEAN-PIERRE,1986,165
1,JEAN-PIERRE,1987,200
1,JEAN-PIERRE,1988,160
1,JEAN-PIERRE,1989,125
1,JEAN-PIERRE,1990,120
1,JEAN-PIERRE,1991,140
1,JEAN-PIERRE,1992,120
1,JEAN-PIERRE,1993,105
1,JEAN-PIERRE,1994,90
1,JEAN-PIERRE,1995,75
1,JEAN-PIERRE,1996,75
1,JEAN-PIERRE,1997,60
1,JEAN-PIERRE,1998,55
1,JEAN-PIERRE,1999,55
1,JEAN-PIERRE,2000,55
1,JEAN-PIERRE,2001,55
1,JEAN-PIERRE,2002,45
1,JEAN-PIERRE,2003,30
1,JEAN-PIERRE,2004,40
1,JEAN-PIERRE,2005,30
1,JEFF,1953,5
1,JEFF,1961,5
1,JEFF,1968,5
1,JEFF,1970,5
1,JEFF,1971,10
1,JEFF,1972,5
1,JEFF,1973,15
1,JEFF,1974,15
1,JEFF,1975,10
1,JEFF,1976,20
1,JEFF,1977,20
1,JEFF,1978,25
1,JEFF,1979,15
1,JEFF,1980,20
1,JEFF,1981,15
1,JEFF,1982,20
1,JEFF,1983,30
1,JEFF,1984,45
1,JEFF,1985,75
1,JEFF,1986,55
1,JEFF,1987,50
1,JEFF,1988,70
1,JEFF,1989,60
1,JEFF,1990,55
1,JEFF,1991,40
1,JEFF,1992,75
1,JEFF,1993,50
1,JEFF,1994,50
1,JEFF,1995,55
1,JEFF,1996,45
1,JEFF,1997,40
1,JEFF,1998,40
1,JEFF,1999,40
1,JEFF,2000,35
1,JEFF,2001,45
1,JEFF,2002,30
1,JEFF,2003,25
1,JEFF,2004,25
1,JEFF,2005,30
1,JEREMY,1955,5
1,JEREMY,1960,5
1,JEREMY,1962,5
1,JEREMY,1964,5
1,JEREMY,1965,5
1,JEREMY,1966,5
1,JEREMY,1967,5
1,JEREMY,1968,10
1,JEREMY,1969,20
1,JEREMY,1970,30
1,JEREMY,1971,65
1,JEREMY,1972,110
1,JEREMY,1973,290
1,JEREMY,1974,425
1,JEREMY,1975,460
1,JEREMY,1976,685
1,JEREMY,1977,1115
1,JEREMY,1978,1450
1,JEREMY,1979,1790
1,JEREMY,1980,2520
1,JEREMY,1981,2910
1,JEREMY,1982,3440
1,JEREMY,1983,4760
1,JEREMY,1984,5020
1,JEREMY,1985,5595
1,JEREMY,1986,6995
1,JEREMY,1987,8020
1,JEREMY,1988,7560
1,JEREMY,1989,6725
1,JEREMY,1990,7490
1,JEREMY,1991,6570
1,JEREMY,1992,5815
1,JEREMY,1993,4940
1,JEREMY,1994,4420
1,JEREMY,1995,3780
1,JEREMY,1996,3130
1,JEREMY,1997,2265
1,JEREMY,1998,2125
1,JEREMY,1999,2570
1,JEREMY,2000,2520
1,JEREMY,2001,2105
1,JEREMY,2002,1785
1,JEREMY,2003,1550
1,JEREMY,2004,1100
1,JEREMY,2005,925
1,JEROME,1943,60
1,JEROME,1945,90
1,JEROME,1946,135
1,JEROME,1947,135
1,JEROME,1950,170
1,JEROME,1951,170
1,JEROME,1952,200
1,JEROME,1953,245
1,JEROME,1954,300
1,JEROME,1955,265
1,JEROME,1957,405
1,JEROME,1958,485
1,JEROME,1960,915
1,JEROME,1961,1115
1,JEROME,1962,1185
1,JEROME,1963,1375
1,JEROME,1964,1625
1,JEROME,1965,2000
1,JEROME,1966,2380
1,JEROME,1967,2430
1,JEROME,1968,2910
1,JEROME,1969,3380
1,JEROME,1970,4525
1,JEROME,1971,6895
1,JEROME,1972,7755
1,JEROME,1973,12300
1,JEROME,1974,13050
1,JEROME,1975,11435
1,JEROME,1976,8735
1,JEROME,1977,9630
1,JEROME,1978,9200
1,JEROME,1979,7940
1,JEROME,1980,7270
1,JEROME,1981,6865
1,JEROME,1982,6345
1,JEROME,1983,5155
1,JEROME,1984,4625
1,JEROME,1985,4360
1,JEROME,1986,4290
1,JEROME,1987,3405
1,JEROME,1988,3215
1,JEROME,1989,2675
1,JEROME,1990,2320
1,JEROME,1991,2080
1,JEROME,1992,1910
1,JEROME,1993,1550
1,JEROME,1994,1250
1,JEROME,1995,990
1,JEROME,1996,780
1,JEROME,1997,525
1,JEROME,1998,430
1,JEROME,1999,490
1,JEROME,2000,450
1,JEROME,2001,385
1,JEROME,2002,335
1,JEROME,2003,260
1,JEROME,2004,200
1,JEROME,2005,150
1,JERÉMY,1979,5
1,JERÉMY,1981,5
1,JERÉMY,1982,5
1,JERÉMY,1983,10
1,JERÉMY,1984,5
1,JERÉMY,1985,5
1,JERÉMY,1986,10
1,JERÉMY,1987,15
1,JERÉMY,1988,10
1,JERÉMY,1989,10
1,JERÉMY,1990,10
1,JERÉMY,1991,5
1,JERÉMY,1992,5
1,JERÉMY,1996,5
1,JERÔME,1960,5
1,JERÔME,1961,5
1,JERÔME,1962,5
1,JERÔME,1964,15
1,JERÔME,1965,10
1,JERÔME,1966,10
1,JERÔME,1967,10
1,JERÔME,1968,15
1,JERÔME,1969,10
1,JERÔME,1970,35
1,JERÔME,1971,35
1,JERÔME,1972,50
1,JERÔME,1973,80
1,JERÔME,1974,70
1,JERÔME,1975,75
1,JERÔME,1976,50
1,JERÔME,1977,60
1,JERÔME,1978,50
1,JERÔME,1979,60
1,JERÔME,1980,60
1,JERÔME,1981,50
1,JERÔME,1982,50
1,JERÔME,1983,45
1,JERÔME,1984,45
1,JERÔME,1985,40
1,JERÔME,1986,35
1,JERÔME,1987,30
1,JERÔME,1988,25
1,JERÔME,1989,10
1,JERÔME,1990,20
1,JERÔME,1991,10
1,JERÔME,1992,5
1,JERÔME,1993,5
1,JERÔME,1994,10
1,JERÔME,1995,5
1,JERÔME,1996,10
1,JERÔME,1997,10
1,JERÔME,1998,5
1,JESSICA,1977,5
1,JESSICA,1987,5
1,JIMMY,1943,25
1,JIMMY,1945,40
1,JIMMY,1946,80
1,JIMMY,1947,40
1,JIMMY,1950,25
1,JIMMY,1951,20
1,JIMMY,1952,25
1,JIMMY,1953,30
1,JIMMY,1954,40
1,JIMMY,1955,35
1,JIMMY,1957,25
1,JIMMY,1958,40
1,JIMMY,1960,50
1,JIMMY,1961,35
1,JIMMY,1962,45
1,JIMMY,1963,40
1,JIMMY,1964,60
1,JIMMY,1965,75
1,JIMMY,1966,85
1,JIMMY,1967,105
1,JIMMY,1968,130
1,JIMMY,1969,180
1,JIMMY,1970,225
1,JIMMY,1971,340
1,JIMMY,1972,465
1,JIMMY,1973,565
1,JIMMY,1974,600
1,JIMMY,1975,660
1,JIMMY,1976,690
1,JIMMY,1977,895
1,JIMMY,1978,820
1,JIMMY,1979,890
1,JIMMY,1980,915
1,JIMMY,1981,985
1,JIMMY,1982,1055
1,JIMMY,1983,980
1,JIMMY,1984,1150
1,JIMMY,1985,1135
1,JIMMY,1986,1200
1,JIMMY,1987,1145
1,JIMMY,1988,1130
1,JIMMY,1989,1200
1,JIMMY,1990,1475
1,JIMMY,1991,1875
1,JIMMY,1992,1490
1,JIMMY,1993,1245
1,JIMMY,1994,1065
1,JIMMY,1995,965
1,JIMMY,1996,990
1,JIMMY,1997,795
1,JIMMY,1998,760
1,JIMMY,1999,705
1,JIMMY,2000,735
1,JIMMY,2001,625
1,JIMMY,2002,535
1,JIMMY,2003,440
1,JIMMY,2004,395
1,JIMMY,2005,375
1,JODY,1950,5
1,JODY,1966,5
1,JODY,1974,5
1,JODY,1975,5
1,JODY,1977,5
1,JODY,1978,5
1,JODY,1979,5
1,JODY,1980,5
1,JODY,1981,5
1,JODY,1982,15
1,JODY,1983,5
1,JODY,1984,10
1,JODY,1985,10
1,JODY,1986,10
1,JODY,1987,10
1,JODY,1988,10
1,JODY,1989,5
1,JODY,1990,5
1,JODY,1991,5
1,JODY,1992,10
1,JODY,1993,10
1,JODY,1994,10
1,JODY,1995,5
1,JODY,1996,10
1,JODY,1997,5
1,JODY,1998,10
1,JODY,1999,5
1,JODY,2000,5
1,JODY,2001,5
1,JODY,2002,5
1,JODY,2003,5
1,JODY,2004,5
1,JOHAN,1943,5
1,JOHAN,1945,10
1,JOHAN,1946,10
1,JOHAN,1947,10
1,JOHAN,1950,20
1,JOHAN,1951,15
1,JOHAN,1952,5
1,JOHAN,1953,20
1,JOHAN,1954,15
1,JOHAN,1955,15
1,JOHAN,1957,25
1,JOHAN,1958,25
1,JOHAN,1960,15
1,JOHAN,1961,25
1,JOHAN,1962,25
1,JOHAN,1963,20
1,JOHAN,1964,20
1,JOHAN,1965,45
1,JOHAN,1966,35
1,JOHAN,1967,50
1,JOHAN,1968,85
1,JOHAN,1969,110
1,JOHAN,1970,140
1,JOHAN,1971,190
1,JOHAN,1972,245
1,JOHAN,1973,325
1,JOHAN,1974,545
1,JOHAN,1975,570
1,JOHAN,1976,505
1,JOHAN,1977,625
1,JOHAN,1978,750
1,JOHAN,1979,755
1,JOHAN,1980,725
1,JOHAN,1981,1195
1,JOHAN,1982,1225
1,JOHAN,1983,1090
1,JOHAN,1984,1180
1,JOHAN,1985,1205
1,JOHAN,1986,1335
1,JOHAN,1987,1195
1,JOHAN,1988,1370
1,JOHAN,1989,1150
1,JOHAN,1990,1060
1,JOHAN,1991,895
1,JOHAN,1992,830
1,JOHAN,1993,735
1,JOHAN,1994,685
1,JOHAN,1995,700
1,JOHAN,1996,710
1,JOHAN,1997,650
1,JOHAN,1998,595
1,JOHAN,1999,520
1,JOHAN,2000,560
1,JOHAN,2001,470
1,JOHAN,2002,480
1,JOHAN,2003,450
1,JOHAN,2004,555
1,JOHAN,2005,660
1,JONATHAN,1952,5
1,JONATHAN,1955,5
1,JONATHAN,1957,5
1,JONATHAN,1958,5
1,JONATHAN,1960,5
1,JONATHAN,1961,5
1,JONATHAN,1962,10
1,JONATHAN,1963,10
1,JONATHAN,1964,5
1,JONATHAN,1965,10
1,JONATHAN,1966,10
1,JONATHAN,1967,15
1,JONATHAN,1968,20
1,JONATHAN,1969,15
1,JONATHAN,1970,50
1,JONATHAN,1971,75
1,JONATHAN,1972,105
1,JONATHAN,1973,150
1,JONATHAN,1974,165
1,JONATHAN,1975,225
1,JONATHAN,1976,305
1,JONATHAN,1977,530
1,JONATHAN,1978,810
1,JONATHAN,1979,1995
1,JONATHAN,1980,2185
1,JONATHAN,1981,3390
1,JONATHAN,1982,4235
1,JONATHAN,1983,5385
1,JONATHAN,1984,7590
1,JONATHAN,1985,8540
1,JONATHAN,1986,7620
1,JONATHAN,1987,6735
1,JONATHAN,1988,7030
1,JONATHAN,1989,6085
1,JONATHAN,1990,5860
1,JONATHAN,1991,5205
1,JONATHAN,1992,4675
1,JONATHAN,1993,3560
1,JONATHAN,1994,3065
1,JONATHAN,1995,2500
1,JONATHAN,1996,2175
1,JONATHAN,1997,1820
1,JONATHAN,1998,1585
1,JONATHAN,1999,1455
1,JONATHAN,2000,1275
1,JONATHAN,2001,1155
1,JONATHAN,2002,1005
1,JONATHAN,2003,1020
1,JONATHAN,2004,785
1,JONATHAN,2005,615
1,JOSEPH,1943,3330
1,JOSEPH,1945,2660
1,JOSEPH,1946,3580
1,JOSEPH,1947,3510
1,JOSEPH,1950,3105
1,JOSEPH,1951,2845
1,JOSEPH,1952,2680
1,JOSEPH,1953,2445
1,JOSEPH,1954,2405
1,JOSEPH,1955,2140
1,JOSEPH,1957,2025
1,JOSEPH,1958,1970
1,JOSEPH,1960,1950
1,JOSEPH,1961,1865
1,JOSEPH,1962,1770
1,JOSEPH,1963,1740
1,JOSEPH,1964,1575
1,JOSEPH,1965,1450
1,JOSEPH,1966,1365
1,JOSEPH,1967,1135
1,JOSEPH,1968,1085
1,JOSEPH,1969,910
1,JOSEPH,1970,840
1,JOSEPH,1971,770
1,JOSEPH,1972,680
1,JOSEPH,1973,575
1,JOSEPH,1974,520
1,JOSEPH,1975,465
1,JOSEPH,1976,440
1,JOSEPH,1977,380
1,JOSEPH,1978,355
1,JOSEPH,1979,395
1,JOSEPH,1980,425
1,JOSEPH,1981,380
1,JOSEPH,1982,375
1,JOSEPH,1983,390
1,JOSEPH,1984,375
1,JOSEPH,1985,335
1,JOSEPH,1986,325
1,JOSEPH,1987,330
1,JOSEPH,1988,320
1,JOSEPH,1989,330
1,JOSEPH,1990,325
1,JOSEPH,1991,320
1,JOSEPH,1992,330
1,JOSEPH,1993,340
1,JOSEPH,1994,345
1,JOSEPH,1995,370
1,JOSEPH,1996,375
1,JOSEPH,1997,345
1,JOSEPH,1998,410
1,JOSEPH,1999,380
1,JOSEPH,2000,410
1,JOSEPH,2001,400
1,JOSEPH,2002,430
1,JOSEPH,2003,415
1,JOSEPH,2004,430
1,JOSEPH,2005,455
1,JULIE,1985,5
1,JULIE,1989,5
1,JULIE,1994,5
1,JULIE,1997,5
1,JULIE,1999,5
1,JULIEN,1943,335
1,JULIEN,1945,295
1,JULIEN,1946,420
1,JULIEN,1947,360
1,JULIEN,1950,305
1,JULIEN,1951,325
1,JULIEN,1952,280
1,JULIEN,1953,225
1,JULIEN,1954,245
1,JULIEN,1955,190
1,JULIEN,1957,195
1,JULIEN,1958,205
1,JULIEN,1960,185
1,JULIEN,1961,220
1,JULIEN,1962,190
1,JULIEN,1963,185
1,JULIEN,1964,185
1,JULIEN,1965,170
1,JULIEN,1966,190
1,JULIEN,1967,205
1,JULIEN,1968,285
1,JULIEN,1969,395
1,JULIEN,1970,560
1,JULIEN,1971,860
1,JULIEN,1972,1100
1,JULIEN,1973,1750
1,JULIEN,1974,2215
1,JULIEN,1975,2795
1,JULIEN,1976,4070
1,JULIEN,1977,5625
1,JULIEN,1978,8525
1,JULIEN,1979,11145
1,JULIEN,1980,13895
1,JULIEN,1981,15055
1,JULIEN,1982,16445
1,JULIEN,1983,16325
1,JULIEN,1984,15225
1,JULIEN,1985,17020
1,JULIEN,1986,15325
1,JULIEN,1987,13415
1,JULIEN,1988,12450
1,JULIEN,1989,10725
1,JULIEN,1990,9415
1,JULIEN,1991,8795
1,JULIEN,1992,7765
1,JULIEN,1993,7240
1,JULIEN,1994,6850
1,JULIEN,1995,6445
1,JULIEN,1996,6255
1,JULIEN,1997,5870
1,JULIEN,1998,5680
1,JULIEN,1999,5145
1,JULIEN,2000,4910
1,JULIEN,2001,4385
1,JULIEN,2002,3565
1,JULIEN,2003,3120
1,JULIEN,2004,2755
1,JULIEN,2005,2445
1,JÉREMY,1978,5
1,JÉREMY,1980,5
1,JÉREMY,1981,5
1,JÉREMY,1982,5
1,JÉREMY,1983,15
1,JÉREMY,1984,5
1,JÉREMY,1985,5
1,JÉREMY,1986,5
1,JÉREMY,1987,10
1,JÉREMY,1988,10
1,JÉREMY,1989,5
1,JÉREMY,1990,10
1,JÉREMY,1991,10
1,JÉREMY,1993,5
1,JÉREMY,1994,5
1,JÉREMY,1995,5
1,JÉREMY,1996,10
1,JÉREMY,1997,10
1,JÉREMY,1998,5
1,JÉROME,1950,5
1,JÉROME,1952,5
1,JÉROME,1953,5
1,JÉROME,1957,5
1,JÉROME,1958,10
1,JÉROME,1960,5
1,JÉROME,1961,10
1,JÉROME,1962,10
1,JÉROME,1963,10
1,JÉROME,1964,20
1,JÉROME,1965,20
1,JÉROME,1966,30
1,JÉROME,1967,40
1,JÉROME,1968,25
1,JÉROME,1969,45
1,JÉROME,1970,50
1,JÉROME,1971,90
1,JÉROME,1972,85
1,JÉROME,1973,135
1,JÉROME,1974,135
1,JÉROME,1975,120
1,JÉROME,1976,105
1,JÉROME,1977,105
1,JÉROME,1978,115
1,JÉROME,1979,85
1,JÉROME,1980,95
1,JÉROME,1981,95
1,JÉROME,1982,100
1,JÉROME,1983,75
1,JÉROME,1984,60
1,JÉROME,1985,45
1,JÉROME,1986,50
1,JÉROME,1987,45
1,JÉROME,1988,25
1,JÉROME,1989,25
1,JÉROME,1990,25
1,JÉROME,1991,15
1,JÉROME,1992,15
1,JÉROME,1993,20
1,JÉROME,1994,15
1,JÉROME,1995,15
1,JÉROME,1996,25
1,JÉROME,1997,25
1,JÉROME,1998,25
1,JÉRÈMY,1979,5
1,JÉRÈMY,1980,5
1,JÉRÈMY,1981,5
1,JÉRÈMY,1982,5
1,JÉRÈMY,1983,10
1,JÉRÈMY,1984,5
1,JÉRÈMY,1985,10
1,JÉRÈMY,1986,5
1,JÉRÈMY,1987,15
1,JÉRÈMY,1988,10
1,JÉRÈMY,1989,5
1,JÉRÈMY,1990,5
1,JÉRÈMY,1991,5
1,JÉRÈMY,1992,5
1,JÉRÈMY,1993,5
1,JÉRÈMY,1995,10
1,JÉRÈMY,1996,10
1,JÉRÈMY,1997,15
1,JÉRÈMY,1998,15
1,JÉRÉMY,1970,5
1,JÉRÉMY,1971,5
1,JÉRÉMY,1972,20
1,JÉRÉMY,1973,40
1,JÉRÉMY,1974,70
1,JÉRÉMY,1975,70
1,JÉRÉMY,1976,120
1,JÉRÉMY,1977,180
1,JÉRÉMY,1978,255
1,JÉRÉMY,1979,285
1,JÉRÉMY,1980,365
1,JÉRÉMY,1981,440
1,JÉRÉMY,1982,580
1,JÉRÉMY,1983,755
1,JÉRÉMY,1984,800
1,JÉRÉMY,1985,845
1,JÉRÉMY,1986,1005
1,JÉRÉMY,1987,1105
1,JÉRÉMY,1988,955
1,JÉRÉMY,1989,710
1,JÉRÉMY,1990,730
1,JÉRÉMY,1991,580
1,JÉRÉMY,1992,525
1,JÉRÉMY,1993,500
1,JÉRÉMY,1994,520
1,JÉRÉMY,1995,575
1,JÉRÉMY,1996,895
1,JÉRÉMY,1997,1020
1,JÉRÉMY,1998,960
1,JÉRÉMY,1999,190
1,JÉRÉMY,2000,25
1,JÉRÉMY,2001,15
1,JÉRÉMY,2002,15
1,JÉRÉMY,2003,10
1,JÉRÉMY,2004,10
1,JÉRÉMY,2005,5
1,JÉRÔME,1943,5
1,JÉRÔME,1945,10
1,JÉRÔME,1946,5
1,JÉRÔME,1947,10
1,JÉRÔME,1950,10
1,JÉRÔME,1951,10
1,JÉRÔME,1952,20
1,JÉRÔME,1953,10
1,JÉRÔME,1954,30
1,JÉRÔME,1955,20
1,JÉRÔME,1957,50
1,JÉRÔME,1958,50
1,JÉRÔME,1960,95
1,JÉRÔME,1961,115
1,JÉRÔME,1962,110
1,JÉRÔME,1963,145
1,JÉRÔME,1964,180
1,JÉRÔME,1965,200
1,JÉRÔME,1966,260
1,JÉRÔME,1967,290
1,JÉRÔME,1968,380
1,JÉRÔME,1969,450
1,JÉRÔME,1970,560
1,JÉRÔME,1971,790
1,JÉRÔME,1972,905
1,JÉRÔME,1973,1445
1,JÉRÔME,1974,1500
1,JÉRÔME,1975,1360
1,JÉRÔME,1976,1120
1,JÉRÔME,1977,1335
1,JÉRÔME,1978,1235
1,JÉRÔME,1979,1185
1,JÉRÔME,1980,1165
1,JÉRÔME,1981,1005
1,JÉRÔME,1982,960
1,JÉRÔME,1983,810
1,JÉRÔME,1984,770
1,JÉRÔME,1985,655
1,JÉRÔME,1986,610
1,JÉRÔME,1987,480
1,JÉRÔME,1988,390
1,JÉRÔME,1989,290
1,JÉRÔME,1990,215
1,JÉRÔME,1991,170
1,JÉRÔME,1992,135
1,JÉRÔME,1993,150
1,JÉRÔME,1994,155
1,JÉRÔME,1995,140
1,JÉRÔME,1996,200
1,JÉRÔME,1997,210
1,JÉRÔME,1998,190
1,JÉRÔME,1999,30
1,JÉRÔME,2002,5
1,JÉRÔME,2004,5
1,JÉRÖME,1974,5
1,JÉRÖME,1975,5
1,JÉRÖME,1977,5
1,JÉRÖME,1983,5
1,JÉRÖME,1985,5
1,KADER,1945,5
1,KADER,1947,5
1,KADER,1950,5
1,KADER,1951,10
1,KADER,1952,10
1,KADER,1953,15
1,KADER,1954,10
1,KADER,1955,15
1,KADER,1957,25
1,KADER,1958,10
1,KADER,1960,35
1,KADER,1961,15
1,KADER,1962,20
1,KADER,1963,20
1,KADER,1964,35
1,KADER,1965,35
1,KADER,1966,45
1,KADER,1967,30
1,KADER,1968,40
1,KADER,1969,30
1,KADER,1970,35
1,KADER,1971,35
1,KADER,1972,40
1,KADER,1973,55
1,KADER,1974,45
1,KADER,1975,50
1,KADER,1976,40
1,KADER,1977,30
1,KADER,1978,55
1,KADER,1979,45
1,KADER,1980,35
1,KADER,1981,40
1,KADER,1982,35
1,KADER,1983,40
1,KADER,1984,35
1,KADER,1985,25
1,KADER,1986,30
1,KADER,1987,25
1,KADER,1988,20
1,KADER,1989,25
1,KADER,1990,15
1,KADER,1991,20
1,KADER,1992,25
1,KADER,1993,25
1,KADER,1994,15
1,KADER,1995,15
1,KADER,1996,20
1,KADER,1997,10
1,KADER,1998,10
1,KADER,1999,15
1,KADER,2000,15
1,KADER,2001,20
1,KADER,2002,15
1,KADER,2003,15
1,KADER,2004,10
1,KADER,2005,10
1,KELLY,1970,5
1,KELLY,1971,5
1,KELLY,1972,5
1,KELLY,1973,5
1,KELLY,1974,5
1,KELLY,1975,10
1,KELLY,1976,15
1,KELLY,1977,10
1,KELLY,1978,20
1,KELLY,1979,20
1,KELLY,1980,15
1,KELLY,1981,10
1,KELLY,1982,15
1,KELLY,1983,15
1,KELLY,1984,20
1,KELLY,1985,10
1,KELLY,1986,10
1,KELLY,1987,10
1,KELLY,1988,5
1,KELLY,1989,5
1,KELLY,1990,5
1,KELLY,1991,5
1,KELLY,1992,5
1,KELLY,1995,5
1,KELLY,1996,5
1,KELLY,1997,5
1,KELLY,1998,5
1,KELLY,1999,5
1,KELLY,2001,5
1,KELLY,2002,5
1,KELLY,2003,10
1,KELLY,2004,10
1,KELLY,2005,5
1,KEVIN,1952,5
1,KEVIN,1953,5
1,KEVIN,1955,10
1,KEVIN,1957,20
1,KEVIN,1958,20
1,KEVIN,1960,20
1,KEVIN,1961,15
1,KEVIN,1962,20
1,KEVIN,1963,20
1,KEVIN,1964,20
1,KEVIN,1965,15
1,KEVIN,1966,15
1,KEVIN,1969,5
1,KEVIN,1970,5
1,KEVIN,1971,5
1,KEVIN,1972,35
1,KEVIN,1973,60
1,KEVIN,1974,120
1,KEVIN,1975,130
1,KEVIN,1976,115
1,KEVIN,1977,340
1,KEVIN,1978,645
1,KEVIN,1979,605
1,KEVIN,1980,1100
1,KEVIN,1981,1405
1,KEVIN,1982,1940
1,KEVIN,1983,2060
1,KEVIN,1984,2665
1,KEVIN,1985,3410
1,KEVIN,1986,4855
1,KEVIN,1987,6710
1,KEVIN,1988,8345
1,KEVIN,1989,11320
1,KEVIN,1990,11370
1,KEVIN,1991,13255
1,KEVIN,1992,12580
1,KEVIN,1993,11175
1,KEVIN,1994,9825
1,KEVIN,1995,7585
1,KEVIN,1996,5815
1,KEVIN,1997,4295
1,KEVIN,1998,3620
1,KEVIN,1999,4080
1,KEVIN,2000,3870
1,KEVIN,2001,3205
1,KEVIN,2002,2785
1,KEVIN,2003,2350
1,KEVIN,2004,1890
1,KEVIN,2005,1615
1,KÈVIN,1992,5
1,KÈVIN,1993,5
1,KÉVIN,1972,5
1,KÉVIN,1973,20
1,KÉVIN,1974,10
1,KÉVIN,1975,10
1,KÉVIN,1976,15
1,KÉVIN,1977,45
1,KÉVIN,1978,65
1,KÉVIN,1979,70
1,KÉVIN,1980,135
1,KÉVIN,1981,140
1,KÉVIN,1982,195
1,KÉVIN,1983,220
1,KÉVIN,1984,275
1,KÉVIN,1985,380
1,KÉVIN,1986,495
1,KÉVIN,1987,650
1,KÉVIN,1988,705
1,KÉVIN,1989,865
1,KÉVIN,1990,740
1,KÉVIN,1991,835
1,KÉVIN,1992,755
1,KÉVIN,1993,760
1,KÉVIN,1994,710
1,KÉVIN,1995,865
1,KÉVIN,1996,1200
1,KÉVIN,1997,1195
1,KÉVIN,1998,1160
1,KÉVIN,1999,205
1,KÉVIN,2000,45
1,KÉVIN,2001,30
1,KÉVIN,2002,25
1,KÉVIN,2003,30
1,KÉVIN,2004,20
1,KÉVIN,2005,20
1,LAURA,2001,5
1,LAURE,1950,5
1,LAURENCE,1951,5
1,LAURENCE,1952,5
1,LAURENCE,1953,10
1,LAURENCE,1955,5
1,LAURENCE,1957,5
1,LAURENCE,1960,5
1,LAURENCE,1961,5
1,LAURENCE,1962,5
1,LAURENCE,1963,5
1,LAURENCE,1964,5
1,LAURENCE,1966,5
1,LAURENCE,1970,5
1,LAURENT,1943,235
1,LAURENT,1945,260
1,LAURENT,1946,430
1,LAURENT,1947,410
1,LAURENT,1950,615
1,LAURENT,1951,760
1,LAURENT,1952,915
1,LAURENT,1953,975
1,LAURENT,1954,1095
1,LAURENT,1955,1340
1,LAURENT,1957,2005
1,LAURENT,1958,2660
1,LAURENT,1960,4275
1,LAURENT,1961,5270
1,LAURENT,1962,6470
1,LAURENT,1963,8475
1,LAURENT,1964,11915
1,LAURENT,1965,15230
1,LAURENT,1966,16010
1,LAURENT,1967,17455
1,LAURENT,1968,19230
1,LAURENT,1969,19825
1,LAURENT,1970,19955
1,LAURENT,1971,19720
1,LAURENT,1972,16045
1,LAURENT,1973,14055
1,LAURENT,1974,11995
1,LAURENT,1975,10670
1,LAURENT,1976,9110
1,LAURENT,1977,8300
1,LAURENT,1978,7475
1,LAURENT,1979,6965
1,LAURENT,1980,5750
1,LAURENT,1981,5135
1,LAURENT,1982,4405
1,LAURENT,1983,3855
1,LAURENT,1984,3770
1,LAURENT,1985,3175
1,LAURENT,1986,2600
1,LAURENT,1987,2230
1,LAURENT,1988,2105
1,LAURENT,1989,1770
1,LAURENT,1990,1425
1,LAURENT,1991,1180
1,LAURENT,1992,1095
1,LAURENT,1993,925
1,LAURENT,1994,740
1,LAURENT,1995,650
1,LAURENT,1996,585
1,LAURENT,1997,490
1,LAURENT,1998,435
1,LAURENT,1999,415
1,LAURENT,2000,365
1,LAURENT,2001,330
1,LAURENT,2002,240
1,LAURENT,2003,225
1,LAURENT,2004,190
1,LAURENT,2005,155
1,LIONEL,1943,305
1,LIONEL,1945,510
1,LIONEL,1946,815
1,LIONEL,1947,825
1,LIONEL,1950,1135
1,LIONEL,1951,1130
1,LIONEL,1952,1215
1,LIONEL,1953,1295
1,LIONEL,1954,1440
1,LIONEL,1955,1360
1,LIONEL,1957,1725
1,LIONEL,1958,1590
1,LIONEL,1960,1490
1,LIONEL,1961,1655
1,LIONEL,1962,1840
1,LIONEL,1963,1965
1,LIONEL,1964,2040
1,LIONEL,1965,2040
1,LIONEL,1966,2545
1,LIONEL,1967,2485
1,LIONEL,1968,2885
1,LIONEL,1969,3185
1,LIONEL,1970,3640
1,LIONEL,1971,4040
1,LIONEL,1972,3680
1,LIONEL,1973,3025
1,LIONEL,1974,2775
1,LIONEL,1975,2475
1,LIONEL,1976,2165
1,LIONEL,1977,2135
1,LIONEL,1978,1905
1,LIONEL,1979,1885
1,LIONEL,1980,1745
1,LIONEL,1981,2020
1,LIONEL,1982,2025
1,LIONEL,1983,1520
1,LIONEL,1984,1425
1,LIONEL,1985,1270
1,LIONEL,1986,1240
1,LIONEL,1987,1070
1,LIONEL,1988,855
1,LIONEL,1989,685
1,LIONEL,1990,530
1,LIONEL,1991,440
1,LIONEL,1992,410
1,LIONEL,1993,330
1,LIONEL,1994,310
1,LIONEL,1995,280
1,LIONEL,1996,245
1,LIONEL,1997,200
1,LIONEL,1998,210
1,LIONEL,1999,160
1,LIONEL,2000,135
1,LIONEL,2001,135
1,LIONEL,2002,115
1,LIONEL,2003,85
1,LIONEL,2004,80
1,LIONEL,2005,85
1,LISA,2000,5
1,LOIC,1967,5
1,LOIC,1977,5
1,LOIC,1983,5
1,LOIC,1985,5
1,LOIC,1987,5
1,LOIC,1988,5
1,LOIC,1989,5
1,LOIC,1990,5
1,LOIC,1992,5
1,LOIC,1995,5
1,LOLA,1997,5
1,LOLA,1999,5
1,LOLA,2000,5
1,LOUISE,1999,5
1,LOUISE,2000,5
1,LOUISE,2002,5
1,LOUISE,2004,5
1,LOÏC,1943,90
1,LOÏC,1945,105
1,LOÏC,1946,205
1,LOÏC,1947,285
1,LOÏC,1950,390
1,LOÏC,1951,405
1,LOÏC,1952,485
1,LOÏC,1953,510
1,LOÏC,1954,560
1,LOÏC,1955,680
1,LOÏC,1957,795
1,LOÏC,1958,790
1,LOÏC,1960,930
1,LOÏC,1961,925
1,LOÏC,1962,915
1,LOÏC,1963,935
1,LOÏC,1964,980
1,LOÏC,1965,915
1,LOÏC,1966,950
1,LOÏC,1967,1000
1,LOÏC,1968,1050
1,LOÏC,1969,1145
1,LOÏC,1970,1230
1,LOÏC,1971,1305
1,LOÏC,1972,1435
1,LOÏC,1973,1495
1,LOÏC,1974,1455
1,LOÏC,1975,1775
1,LOÏC,1976,1830
1,LOÏC,1977,1970
1,LOÏC,1978,1880
1,LOÏC,1979,2005
1,LOÏC,1980,2295
1,LOÏC,1981,2325
1,LOÏC,1982,2585
1,LOÏC,1983,3090
1,LOÏC,1984,3085
1,LOÏC,1985,3010
1,LOÏC,1986,3305
1,LOÏC,1987,3590
1,LOÏC,1988,3270
1,LOÏC,1989,3420
1,LOÏC,1990,3185
1,LOÏC,1991,3120
1,LOÏC,1992,2830
1,LOÏC,1993,2600
1,LOÏC,1994,2555
1,LOÏC,1995,2450
1,LOÏC,1996,2435
1,LOÏC,1997,2400
1,LOÏC,1998,2215
1,LOÏC,1999,2265
1,LOÏC,2000,2165
1,LOÏC,2001,1995
1,LOÏC,2002,1575
1,LOÏC,2003,1325
1,LOÏC,2004,1150
1,LOÏC,2005,1050
1,LUCIE,1951,5
1,LUCIE,1953,5
1,LUCIE,1998,5
1,LUCIE,2000,5
1,LUCIE,2001,5
1,LUCIE,2002,5
1,LUCIE,2003,5
1,LUCIE,2004,5
1,LUDOVIC,1943,15
1,LUDOVIC,1945,15
1,LUDOVIC,1946,20
1,LUDOVIC,1947,15
1,LUDOVIC,1950,45
1,LUDOVIC,1951,35
1,LUDOVIC,1952,50
1,LUDOVIC,1953,60
1,LUDOVIC,1954,50
1,LUDOVIC,1955,85
1,LUDOVIC,1957,125
1,LUDOVIC,1958,160
1,LUDOVIC,1960,260
1,LUDOVIC,1961,295
1,LUDOVIC,1962,420
1,LUDOVIC,1963,610
1,LUDOVIC,1964,900
1,LUDOVIC,1965,1125
1,LUDOVIC,1966,1440
1,LUDOVIC,1967,1490
1,LUDOVIC,1968,2115
1,LUDOVIC,1969,2820
1,LUDOVIC,1970,3460
1,LUDOVIC,1971,3700
1,LUDOVIC,1972,3300
1,LUDOVIC,1973,3940
1,LUDOVIC,1974,3505
1,LUDOVIC,1975,4910
1,LUDOVIC,1976,6630
1,LUDOVIC,1977,6730
1,LUDOVIC,1978,6140
1,LUDOVIC,1979,6050
1,LUDOVIC,1980,5585
1,LUDOVIC,1981,5650
1,LUDOVIC,1982,5280
1,LUDOVIC,1983,4855
1,LUDOVIC,1984,4575
1,LUDOVIC,1985,4280
1,LUDOVIC,1986,3775
1,LUDOVIC,1987,3455
1,LUDOVIC,1988,3045
1,LUDOVIC,1989,2650
1,LUDOVIC,1990,2310
1,LUDOVIC,1991,2115
1,LUDOVIC,1992,1900
1,LUDOVIC,1993,1705
1,LUDOVIC,1994,1540
1,LUDOVIC,1995,1450
1,LUDOVIC,1996,1285
1,LUDOVIC,1997,1165
1,LUDOVIC,1998,995
1,LUDOVIC,1999,885
1,LUDOVIC,2000,845
1,LUDOVIC,2001,710
1,LUDOVIC,2002,520
1,LUDOVIC,2003,440
1,LUDOVIC,2004,405
1,LUDOVIC,2005,310
1,LÉA,1946,5
1,LÉA,1985,5
1,LÉA,1996,5
1,LÉA,1999,5
1,LÉA,2000,5
1,LÉA,2003,5
1,MAEL,1968,5
1,MAEL,1969,5
1,MAEL,1970,5
1,MAEL,1971,5
1,MAEL,1972,10
1,MAEL,1973,15
1,MAEL,1974,25
1,MAEL,1975,35
1,MAEL,1976,55
1,MAEL,1977,60
1,MAEL,1978,60
1,MAEL,1979,95
1,MAEL,1980,100
1,MAEL,1981,110
1,MAEL,1982,130
1,MAEL,1983,125
1,MAEL,1984,130
1,MAEL,1985,140
1,MAEL,1986,185
1,MAEL,1987,210
1,MAEL,1988,210
1,MAEL,1989,220
1,MAEL,1990,260
1,MAEL,1991,260
1,MAEL,1992,255
1,MAEL,1993,240
1,MAEL,1994,305
1,MAEL,1995,365
1,MAEL,1996,380
1,MAEL,1997,405
1,MAEL,1998,495
1,MAEL,1999,875
1,MAEL,2000,1025
1,MAEL,2001,1160
1,MAEL,2002,1400
1,MAEL,2003,1390
1,MAEL,2004,1725
1,MAEL,2005,1805
1,MAMA,1984,5
1,MAMA,1987,5
1,MANON,2000,5
1,MANU,1979,5
1,MANU,1982,5
1,MANU,1985,5
1,MANU,1986,10
1,MANU,1987,5
1,MANU,1988,5
1,MANU,1989,10
1,MANU,1990,10
1,MANU,1991,10
1,MANU,1992,10
1,MANU,1993,15
1,MANU,1994,15
1,MANU,1995,20
1,MANU,1996,10
1,MANU,1997,15
1,MANU,1998,25
1,MANU,1999,25
1,MANU,2000,20
1,MANU,2001,30
1,MANU,2002,25
1,MANU,2003,25
1,MANU,2004,20
1,MANU,2005,15
1,MARC,1943,1745
1,MARC,1945,2290
1,MARC,1946,3320
1,MARC,1947,3645
1,MARC,1950,4215
1,MARC,1951,4460
1,MARC,1952,5115
1,MARC,1953,5310
1,MARC,1954,5120
1,MARC,1955,5995
1,MARC,1957,6630
1,MARC,1958,6505
1,MARC,1960,5925
1,MARC,1961,5985
1,MARC,1962,6255
1,MARC,1963,6570
1,MARC,1964,6180
1,MARC,1965,5325
1,MARC,1966,5360
1,MARC,1967,5315
1,MARC,1968,4965
1,MARC,1969,4495
1,MARC,1970,3880
1,MARC,1971,3550
1,MARC,1972,3170
1,MARC,1973,2995
1,MARC,1974,2775
1,MARC,1975,2330
1,MARC,1976,1890
1,MARC,1977,1915
1,MARC,1978,2065
1,MARC,1979,2390
1,MARC,1980,2280
1,MARC,1981,1950
1,MARC,1982,1715
1,MARC,1983,1890
1,MARC,1984,1635
1,MARC,1985,1910
1,MARC,1986,1690
1,MARC,1987,1680
1,MARC,1988,1750
1,MARC,1989,1605
1,MARC,1990,1345
1,MARC,1991,1240
1,MARC,1992,1155
1,MARC,1993,920
1,MARC,1994,975
1,MARC,1995,920
1,MARC,1996,850
1,MARC,1997,790
1,MARC,1998,710
1,MARC,1999,630
1,MARC,2000,605
1,MARC,2001,590
1,MARC,2002,485
1,MARC,2003,430
1,MARC,2004,345
1,MARC,2005,365
1,MARGUERITE,1947,5
1,MARGUERITE,1950,5
1,MARGUERITE,1951,5
1,MARGUERITE,1953,5
1,MARGUERITE,1963,5
1,MARIE,1943,175
1,MARIE,1945,200
1,MARIE,1946,210
1,MARIE,1947,240
1,MARIE,1950,245
1,MARIE,1951,195
1,MARIE,1952,175
1,MARIE,1953,165
1,MARIE,1954,205
1,MARIE,1955,185
1,MARIE,1957,135
1,MARIE,1958,145
1,MARIE,1960,95
1,MARIE,1961,95
1,MARIE,1962,110
1,MARIE,1963,65
1,MARIE,1964,60
1,MARIE,1965,60
1,MARIE,1966,50
1,MARIE,1967,30
1,MARIE,1968,35
1,MARIE,1969,30
1,MARIE,1970,20
1,MARIE,1971,30
1,MARIE,1972,25
1,MARIE,1973,10
1,MARIE,1974,10
1,MARIE,1975,5
1,MARIE,1976,5
1,MARIE,1977,5
1,MARIE,1978,10
1,MARIE,1979,5
1,MARIE,1980,5
1,MARIE,1981,5
1,MARIE,1982,5
1,MARIE,1983,5
1,MARIE,1984,5
1,MARIE,1985,5
1,MARIE,1988,5
1,MARIE,1990,5
1,MARIE,1991,5
1,MARIE,1993,5
1,MARIE,2000,5
1,MARIE,2005,5
1,MARIUS,1943,200
1,MARIUS,1945,215
1,MARIUS,1946,255
1,MARIUS,1947,200
1,MARIUS,1950,165
1,MARIUS,1951,165
1,MARIUS,1952,130
1,MARIUS,1953,110
1,MARIUS,1954,120
1,MARIUS,1955,100
1,MARIUS,1957,90
1,MARIUS,1958,95
1,MARIUS,1960,95
1,MARIUS,1961,85
1,MARIUS,1962,85
1,MARIUS,1963,75
1,MARIUS,1964,95
1,MARIUS,1965,65
1,MARIUS,1966,70
1,MARIUS,1967,55
1,MARIUS,1968,65
1,MARIUS,1969,60
1,MARIUS,1970,55
1,MARIUS,1971,60
1,MARIUS,1972,45
1,MARIUS,1973,35
1,MARIUS,1974,40
1,MARIUS,1975,50
1,MARIUS,1976,30
1,MARIUS,1977,30
1,MARIUS,1978,35
1,MARIUS,1979,30
1,MARIUS,1980,35
1,MARIUS,1981,35
1,MARIUS,1982,35
1,MARIUS,1983,30
1,MARIUS,1984,50
1,MARIUS,1985,40
1,MARIUS,1986,45
1,MARIUS,1987,60
1,MARIUS,1988,65
1,MARIUS,1989,85
1,MARIUS,1990,110
1,MARIUS,1991,120
1,MARIUS,1992,125
1,MARIUS,1993,135
1,MARIUS,1994,145
1,MARIUS,1995,195
1,MARIUS,1996,190
1,MARIUS,1997,220
1,MARIUS,1998,360
1,MARIUS,1999,500
1,MARIUS,2000,565
1,MARIUS,2001,610
1,MARIUS,2002,625
1,MARIUS,2003,730
1,MARIUS,2004,760
1,MARIUS,2005,900
1,MARTIN,1943,105
1,MARTIN,1945,85
1,MARTIN,1946,130
1,MARTIN,1947,105
1,MARTIN,1950,170
1,MARTIN,1951,115
1,MARTIN,1952,130
1,MARTIN,1953,135
1,MARTIN,1954,165
1,MARTIN,1955,180
1,MARTIN,1957,165
1,MARTIN,1958,160
1,MARTIN,1960,130
1,MARTIN,1961,185
1,MARTIN,1962,155
1,MARTIN,1963,170
1,MARTIN,1964,135
1,MARTIN,1965,120
1,MARTIN,1966,135
1,MARTIN,1967,110
1,MARTIN,1968,125
1,MARTIN,1969,115
1,MARTIN,1970,125
1,MARTIN,1971,130
1,MARTIN,1972,130
1,MARTIN,1973,135
1,MARTIN,1974,155
1,MARTIN,1975,140
1,MARTIN,1976,175
1,MARTIN,1977,175
1,MARTIN,1978,190
1,MARTIN,1979,255
1,MARTIN,1980,250
1,MARTIN,1981,260
1,MARTIN,1982,285
1,MARTIN,1983,330
1,MARTIN,1984,430
1,MARTIN,1985,545
1,MARTIN,1986,640
1,MARTIN,1987,710
1,MARTIN,1988,775
1,MARTIN,1989,935
1,MARTIN,1990,880
1,MARTIN,1991,980
1,MARTIN,1992,1030
1,MARTIN,1993,1050
1,MARTIN,1994,1135
1,MARTIN,1995,1085
1,MARTIN,1996,1235
1,MARTIN,1997,1500
1,MARTIN,1998,1365
1,MARTIN,1999,1375
1,MARTIN,2000,1605
1,MARTIN,2001,1655
1,MARTIN,2002,1625
1,MARTIN,2003,1530
1,MARTIN,2004,1485
1,MARTIN,2005,1400
1,MARVYN,1985,10
1,MARVYN,1986,5
1,MARVYN,1987,5
1,MARVYN,1988,5
1,MARVYN,1989,10
1,MARVYN,1990,25
1,MARVYN,1991,20
1,MARVYN,1992,35
1,MARVYN,1993,55
1,MARVYN,1994,55
1,MARVYN,1995,65
1,MARVYN,1996,65
1,MARVYN,1997,100
1,MARVYN,1998,80
1,MARVYN,1999,75
1,MARVYN,2000,85
1,MARVYN,2001,70
1,MARVYN,2002,75
1,MARVYN,2003,70
1,MARVYN,2004,55
1,MARVYN,2005,100
1,MATHIEU,1943,50
1,MATHIEU,1945,55
1,MATHIEU,1946,55
1,MATHIEU,1947,55
1,MATHIEU,1950,70
1,MATHIEU,1951,55
1,MATHIEU,1952,50
1,MATHIEU,1953,70
1,MATHIEU,1954,55
1,MATHIEU,1955,80
1,MATHIEU,1957,80
1,MATHIEU,1958,80
1,MATHIEU,1960,105
1,MATHIEU,1961,130
1,MATHIEU,1962,170
1,MATHIEU,1963,155
1,MATHIEU,1964,160
1,MATHIEU,1965,180
1,MATHIEU,1966,250
1,MATHIEU,1967,315
1,MATHIEU,1968,365
1,MATHIEU,1969,360
1,MATHIEU,1970,445
1,MATHIEU,1971,630
1,MATHIEU,1972,830
1,MATHIEU,1973,935
1,MATHIEU,1974,1150
1,MATHIEU,1975,1445
1,MATHIEU,1976,1990
1,MATHIEU,1977,3020
1,MATHIEU,1978,3460
1,MATHIEU,1979,4070
1,MATHIEU,1980,4310
1,MATHIEU,1981,5660
1,MATHIEU,1982,5770
1,MATHIEU,1983,5435
1,MATHIEU,1984,6480
1,MATHIEU,1985,6150
1,MATHIEU,1986,6910
1,MATHIEU,1987,6085
1,MATHIEU,1988,5675
1,MATHIEU,1989,5605
1,MATHIEU,1990,5035
1,MATHIEU,1991,4940
1,MATHIEU,1992,4355
1,MATHIEU,1993,3910
1,MATHIEU,1994,3765
1,MATHIEU,1995,3770
1,MATHIEU,1996,3660
1,MATHIEU,1997,3215
1,MATHIEU,1998,3210
1,MATHIEU,1999,3045
1,MATHIEU,2000,3160
1,MATHIEU,2001,2990
1,MATHIEU,2002,2795
1,MATHIEU,2003,2355
1,MATHIEU,2004,2350
1,MATHIEU,2005,2085
1,MATHILDE,1946,5
1,MATHILDE,1947,5
1,MATHILDE,1950,5
1,MATHILDE,1952,5
1,MATHILDE,1953,5
1,MATHILDE,1966,5
1,MATHILDE,1967,5
1,MATHILDE,1999,5
1,MATTEO,1996,5
1,MATTEO,1998,5
1,MATTEO,1999,5
1,MATTEO,2000,5
1,MATTEO,2001,10
1,MATTEO,2002,10
1,MATTEO,2003,15
1,MATTEO,2004,20
1,MATTEO,2005,20
1,MATTÉO,1950,5
1,MATTÉO,1951,5
1,MATTÉO,1954,5
1,MATTÉO,1957,10
1,MATTÉO,1958,5
1,MATTÉO,1960,15
1,MATTÉO,1961,10
1,MATTÉO,1962,10
1,MATTÉO,1963,15
1,MATTÉO,1964,10
1,MATTÉO,1965,15
1,MATTÉO,1966,10
1,MATTÉO,1967,5
1,MATTÉO,1968,5
1,MATTÉO,1969,10
1,MATTÉO,1970,5
1,MATTÉO,1971,5
1,MATTÉO,1972,10
1,MATTÉO,1973,10
1,MATTÉO,1974,10
1,MATTÉO,1975,5
1,MATTÉO,1976,10
1,MATTÉO,1977,10
1,MATTÉO,1978,5
1,MATTÉO,1979,5
1,MATTÉO,1980,10
1,MATTÉO,1981,15
1,MATTÉO,1982,15
1,MATTÉO,1983,5
1,MATTÉO,1984,15
1,MATTÉO,1985,10
1,MATTÉO,1986,15
1,MATTÉO,1987,15
1,MATTÉO,1988,20
1,MATTÉO,1989,30
1,MATTÉO,1990,30
1,MATTÉO,1991,45
1,MATTÉO,1992,55
1,MATTÉO,1993,65
1,MATTÉO,1994,70
1,MATTÉO,1995,100
1,MATTÉO,1996,140
1,MATTÉO,1997,235
1,MATTÉO,1998,435
1,MATTÉO,1999,670
1,MATTÉO,2000,1160
1,MATTÉO,2001,2370
1,MATTÉO,2002,2480
1,MATTÉO,2003,3055
1,MATTÉO,2004,3590
1,MATTÉO,2005,3255
1,MAXIM,1967,5
1,MAXIM,1978,5
1,MAXIM,1981,5
1,MAXIM,1982,5
1,MAXIM,1983,10
1,MAXIM,1984,5
1,MAXIM,1985,5
1,MAXIM,1986,10
1,MAXIM,1987,5
1,MAXIM,1988,20
1,MAXIM,1989,30
1,MAXIM,1990,20
1,MAXIM,1991,45
1,MAXIM,1992,45
1,MAXIM,1993,40
1,MAXIM,1994,35
1,MAXIM,1995,50
1,MAXIM,1996,55
1,MAXIM,1997,55
1,MAXIM,1998,65
1,MAXIM,1999,50
1,MAXIM,2000,70
1,MAXIM,2001,85
1,MAXIM,2002,85
1,MAXIM,2003,100
1,MAXIM,2004,140
1,MAXIM,2005,145
1,MAXIME,1943,150
1,MAXIME,1945,145
1,MAXIME,1946,195
1,MAXIME,1947,180
1,MAXIME,1950,230
1,MAXIME,1951,230
1,MAXIME,1952,195
1,MAXIME,1953,175
1,MAXIME,1954,185
1,MAXIME,1955,165
1,MAXIME,1957,170
1,MAXIME,1958,155
1,MAXIME,1960,180
1,MAXIME,1961,185
1,MAXIME,1962,165
1,MAXIME,1963,185
1,MAXIME,1964,210
1,MAXIME,1965,195
1,MAXIME,1966,190
1,MAXIME,1967,240
1,MAXIME,1968,205
1,MAXIME,1969,205
1,MAXIME,1970,220
1,MAXIME,1971,270
1,MAXIME,1972,335
1,MAXIME,1973,405
1,MAXIME,1974,460
1,MAXIME,1975,680
1,MAXIME,1976,860
1,MAXIME,1977,980
1,MAXIME,1978,1240
1,MAXIME,1979,1470
1,MAXIME,1980,1635
1,MAXIME,1981,2110
1,MAXIME,1982,2965
1,MAXIME,1983,2850
1,MAXIME,1984,3145
1,MAXIME,1985,4120
1,MAXIME,1986,4835
1,MAXIME,1987,5735
1,MAXIME,1988,6515
1,MAXIME,1989,7800
1,MAXIME,1990,7970
1,MAXIME,1991,8065
1,MAXIME,1992,8925
1,MAXIME,1993,8225
1,MAXIME,1994,7635
1,MAXIME,1995,7700
1,MAXIME,1996,7765
1,MAXIME,1997,7500
1,MAXIME,1998,7195
1,MAXIME,1999,7010
1,MAXIME,2000,6830
1,MAXIME,2001,6595
1,MAXIME,2002,6035
1,MAXIME,2003,5255
1,MAXIME,2004,4755
1,MAXIME,2005,4195
1,MAËL,1973,5
1,MAËL,1974,5
1,MAËL,1975,5
1,MAËL,1976,5
1,MAËL,1977,10
1,MAËL,1978,5
1,MAËL,1979,10
1,MAËL,1980,25
1,MAËL,1981,25
1,MAËL,1982,25
1,MAËL,1983,30
1,MAËL,1984,40
1,MAËL,1985,25
1,MAËL,1986,55
1,MAËL,1987,40
1,MAËL,1988,35
1,MAËL,1989,35
1,MAËL,1990,25
1,MAËL,1991,20
1,MAËL,1992,30
1,MAËL,1993,30
1,MAËL,1994,30
1,MAËL,1995,60
1,MAËL,1996,135
1,MAËL,1997,185
1,MAËL,1998,225
1,MAËL,1999,50
1,MAËL,2000,20
1,MAËL,2001,15
1,MAËL,2002,25
1,MAËL,2003,10
1,MAËL,2004,20
1,MAËL,2005,20
1,MEGANE,1994,5
1,MEHDI,1955,5
1,MEHDI,1960,5
1,MEHDI,1961,10
1,MEHDI,1962,5
1,MEHDI,1963,5
1,MEHDI,1964,5
1,MEHDI,1965,5
1,MEHDI,1966,35
1,MEHDI,1967,40
1,MEHDI,1968,110
1,MEHDI,1969,100
1,MEHDI,1970,160
1,MEHDI,1971,185
1,MEHDI,1972,210
1,MEHDI,1973,370
1,MEHDI,1974,315
1,MEHDI,1975,290
1,MEHDI,1976,390
1,MEHDI,1977,510
1,MEHDI,1978,695
1,MEHDI,1979,745
1,MEHDI,1980,855
1,MEHDI,1981,985
1,MEHDI,1982,1005
1,MEHDI,1983,1050
1,MEHDI,1984,1045
1,MEHDI,1985,1230
1,MEHDI,1986,1265
1,MEHDI,1987,1250
1,MEHDI,1988,1230
1,MEHDI,1989,1280
1,MEHDI,1990,1355
1,MEHDI,1991,1545
1,MEHDI,1992,1445
1,MEHDI,1993,1375
1,MEHDI,1994,1380
1,MEHDI,1995,1350
1,MEHDI,1996,1190
1,MEHDI,1997,1185
1,MEHDI,1998,1125
1,MEHDI,1999,1135
1,MEHDI,2000,1200
1,MEHDI,2001,1280
1,MEHDI,2002,1165
1,MEHDI,2003,1110
1,MEHDI,2004,1020
1,MEHDI,2005,990
1,MEISSA,2004,5
1,MEL,1986,5
1,MEL,1988,5
1,MEL,1989,5
1,MEL,1990,15
1,MEL,1991,5
1,MEL,1992,20
1,MEL,1993,15
1,MEL,1994,10
1,MEL,1995,15
1,MEL,1996,10
1,MEL,1997,20
1,MEL,1998,20
1,MEL,1999,25
1,MEL,2000,20
1,MEL,2001,25
1,MEL,2002,25
1,MEL,2003,15
1,MEL,2004,20
1,MEL,2005,10
1,MICHEL,1943,20720
1,MICHEL,1945,21010
1,MICHEL,1946,31885
1,MICHEL,1947,32585
1,MICHEL,1950,27955
1,MICHEL,1951,25135
1,MICHEL,1952,23770
1,MICHEL,1953,22345
1,MICHEL,1954,21380
1,MICHEL,1955,21555
1,MICHEL,1957,19030
1,MICHEL,1958,17715
1,MICHEL,1960,14460
1,MICHEL,1961,13325
1,MICHEL,1962,12185
1,MICHEL,1963,11435
1,MICHEL,1964,9905
1,MICHEL,1965,8460
1,MICHEL,1966,7925
1,MICHEL,1967,6750
1,MICHEL,1968,6030
1,MICHEL,1969,5005
1,MICHEL,1970,4425
1,MICHEL,1971,3915
1,MICHEL,1972,3295
1,MICHEL,1973,2675
1,MICHEL,1974,2150
1,MICHEL,1975,1695
1,MICHEL,1976,1620
1,MICHEL,1977,1440
1,MICHEL,1978,1365
1,MICHEL,1979,1300
1,MICHEL,1980,1215
1,MICHEL,1981,1135
1,MICHEL,1982,1000
1,MICHEL,1983,935
1,MICHEL,1984,845
1,MICHEL,1985,785
1,MICHEL,1986,705
1,MICHEL,1987,620
1,MICHEL,1988,620
1,MICHEL,1989,570
1,MICHEL,1990,560
1,MICHEL,1991,515
1,MICHEL,1992,460
1,MICHEL,1993,425
1,MICHEL,1994,370
1,MICHEL,1995,340
1,MICHEL,1996,325
1,MICHEL,1997,305
1,MICHEL,1998,270
1,MICHEL,1999,245
1,MICHEL,2000,240
1,MICHEL,2001,240
1,MICHEL,2002,185
1,MICHEL,2003,170
1,MICHEL,2004,180
1,MICHEL,2005,145
1,MICHÈLE,1954,5
1,MICHÈLE,1957,5
1,MICHÈLE,1958,5
1,MICHÈLE,1960,5
1,MICHÈLE,1961,10
1,MICHÈLE,1962,20
1,MICHÈLE,1963,10
1,MICHÈLE,1964,10
1,MICHÈLE,1965,10
1,MICHÈLE,1966,15
1,MICHÈLE,1967,15
1,MICHÈLE,1968,10
1,MICHÈLE,1969,10
1,MICHÈLE,1970,5
1,MICHÈLE,1971,5
1,MICHÈLE,1972,15
1,MICHÈLE,1973,10
1,MICHÈLE,1974,5
1,MICHÈLE,1975,5
1,MICHÈLE,1976,5
1,MICHÈLE,1977,10
1,MICHÈLE,1978,5
1,MICHÈLE,1979,5
1,MICHÈLE,1980,5
1,MICHÈLE,1982,5
1,MICHÈLE,1983,5
1,MICHÈLE,1986,5
1,MICHÈLE,1989,5
1,MICHÈLE,1993,5
1,MICHÈLE,1995,5
1,MICHÈLE,2000,5
1,MICHÈLE,2002,5
1,MICHÈLE,2004,5
1,MICKAEL,1943,5
1,MICKAEL,1945,10
1,MICKAEL,1946,5
1,MICKAEL,1947,5
1,MICKAEL,1950,5
1,MICKAEL,1951,5
1,MICKAEL,1952,10
1,MICKAEL,1953,10
1,MICKAEL,1954,5
1,MICKAEL,1955,15
1,MICKAEL,1957,15
1,MICKAEL,1958,10
1,MICKAEL,1960,15
1,MICKAEL,1961,15
1,MICKAEL,1962,20
1,MICKAEL,1963,25
1,MICKAEL,1964,25
1,MICKAEL,1965,45
1,MICKAEL,1966,75
1,MICKAEL,1967,145
1,MICKAEL,1968,210
1,MICKAEL,1969,335
1,MICKAEL,1970,590
1,MICKAEL,1971,1390
1,MICKAEL,1972,2010
1,MICKAEL,1973,2705
1,MICKAEL,1974,3095
1,MICKAEL,1975,3185
1,MICKAEL,1976,3360
1,MICKAEL,1977,3745
1,MICKAEL,1978,4210
1,MICKAEL,1979,4235
1,MICKAEL,1980,4635
1,MICKAEL,1981,5085
1,MICKAEL,1982,4840
1,MICKAEL,1983,4690
1,MICKAEL,1984,5445
1,MICKAEL,1985,4710
1,MICKAEL,1986,4935
1,MICKAEL,1987,5490
1,MICKAEL,1988,4820
1,MICKAEL,1989,4875
1,MICKAEL,1990,4270
1,MICKAEL,1991,3700
1,MICKAEL,1992,3120
1,MICKAEL,1993,2535
1,MICKAEL,1994,2010
1,MICKAEL,1995,1920
1,MICKAEL,1996,1485
1,MICKAEL,1997,1185
1,MICKAEL,1998,950
1,MICKAEL,1999,1125
1,MICKAEL,2000,1080
1,MICKAEL,2001,915
1,MICKAEL,2002,780
1,MICKAEL,2003,620
1,MICKAEL,2004,490
1,MICKAEL,2005,455
1,MICKAÈL,1983,5
1,MICKAÊL,1974,5
1,MICKAÊL,1979,5
1,MICKAÊL,1981,5
1,MICKAÊL,1982,5
1,MICKAÊL,1983,5
1,MICKAÊL,1984,5
1,MICKAÊL,1985,5
1,MICKAÊL,1986,5
1,MICKAÊL,1987,5
1,MICKAËL,1954,5
1,MICKAËL,1957,5
1,MICKAËL,1961,5
1,MICKAËL,1963,5
1,MICKAËL,1964,5
1,MICKAËL,1965,5
1,MICKAËL,1966,10
1,MICKAËL,1967,15
1,MICKAËL,1968,20
1,MICKAËL,1969,30
1,MICKAËL,1970,60
1,MICKAËL,1971,165
1,MICKAËL,1972,240
1,MICKAËL,1973,255
1,MICKAËL,1974,345
1,MICKAËL,1975,325
1,MICKAËL,1976,385
1,MICKAËL,1977,500
1,MICKAËL,1978,515
1,MICKAËL,1979,560
1,MICKAËL,1980,595
1,MICKAËL,1981,700
1,MICKAËL,1982,715
1,MICKAËL,1983,660
1,MICKAËL,1984,765
1,MICKAËL,1985,685
1,MICKAËL,1986,685
1,MICKAËL,1987,680
1,MICKAËL,1988,525
1,MICKAËL,1989,480
1,MICKAËL,1990,415
1,MICKAËL,1991,325
1,MICKAËL,1992,265
1,MICKAËL,1993,230
1,MICKAËL,1994,215
1,MICKAËL,1995,275
1,MICKAËL,1996,385
1,MICKAËL,1997,415
1,MICKAËL,1998,355
1,MICKAËL,1999,70
1,MICKAËL,2000,15
1,MICKAËL,2001,15
1,MICKAËL,2002,5
1,MICKAËL,2003,10
1,MICKAËL,2004,5
1,MICKAËL,2005,10
1,MICKÄEL,1976,5
1,MICKÄEL,1983,5
1,MICKÄEL,1987,5
1,MICKÄEL,1997,5
1,MIKA,1993,5
1,MIKA,1994,5
1,MIKA,1995,5
1,MIKA,1996,5
1,MIKA,1997,10
1,MIKA,1998,10
1,MIKA,1999,20
1,MIKA,2000,20
1,MIKA,2001,15
1,MIKA,2002,15
1,MIKA,2003,20
1,MIKA,2004,20
1,MIKA,2005,20
1,MOHAMED,1943,10
1,MOHAMED,1945,15
1,MOHAMED,1946,25
1,MOHAMED,1947,35
1,MOHAMED,1950,90
1,MOHAMED,1951,75
1,MOHAMED,1952,105
1,MOHAMED,1953,150
1,MOHAMED,1954,180
1,MOHAMED,1955,190
1,MOHAMED,1957,270
1,MOHAMED,1958,265
1,MOHAMED,1960,380
1,MOHAMED,1961,440
1,MOHAMED,1962,430
1,MOHAMED,1963,510
1,MOHAMED,1964,605
1,MOHAMED,1965,590
1,MOHAMED,1966,665
1,MOHAMED,1967,725
1,MOHAMED,1968,695
1,MOHAMED,1969,725
1,MOHAMED,1970,750
1,MOHAMED,1971,765
1,MOHAMED,1972,795
1,MOHAMED,1973,865
1,MOHAMED,1974,990
1,MOHAMED,1975,1005
1,MOHAMED,1976,1015
1,MOHAMED,1977,1150
1,MOHAMED,1978,1315
1,MOHAMED,1979,1285
1,MOHAMED,1980,1375
1,MOHAMED,1981,1565
1,MOHAMED,1982,1675
1,MOHAMED,1983,1680
1,MOHAMED,1984,1765
1,MOHAMED,1985,1715
1,MOHAMED,1986,1565
1,MOHAMED,1987,1465
1,MOHAMED,1988,1480
1,MOHAMED,1989,1495
1,MOHAMED,1990,1415
1,MOHAMED,1991,1370
1,MOHAMED,1992,1360
1,MOHAMED,1993,1310
1,MOHAMED,1994,1255
1,MOHAMED,1995,1195
1,MOHAMED,1996,1065
1,MOHAMED,1997,1065
1,MOHAMED,1998,1150
1,MOHAMED,1999,1225
1,MOHAMED,2000,1325
1,MOHAMED,2001,1480
1,MOHAMED,2002,1555
1,MOHAMED,2003,1690
1,MOHAMED,2004,1760
1,MOHAMED,2005,1870
1,MORGANE,1972,5
1,MORGANE,1973,5
1,MORGANE,1974,5
1,MORGANE,1975,5
1,MORGANE,1977,5
1,MORGANE,1978,5
1,MORGANE,1979,10
1,MORGANE,1980,5
1,MORGANE,1981,5
1,MORGANE,1982,5
1,MORGANE,1983,5
1,MORGANE,1984,5
1,MORGANE,1985,10
1,MORGANE,1986,15
1,MORGANE,1987,10
1,MORGANE,1988,10
1,MORGANE,1989,10
1,MORGANE,1990,10
1,MORGANE,1991,10
1,MORGANE,1992,10
1,MORGANE,1993,5
1,MORGANE,1994,5
1,MORGANE,1995,5
1,MORGANE,1996,5
1,MORGANE,1997,5
1,MORGANE,1998,5
1,MORGANE,2000,5
1,MORGANE,2001,5
1,MORGANE,2002,5
1,MORGANE,2004,5
1,MOUNDIR,2004,10
1,MOUNDIR,2005,10
1,MOUSSA,1946,5
1,MOUSSA,1950,10
1,MOUSSA,1951,10
1,MOUSSA,1952,10
1,MOUSSA,1953,10
1,MOUSSA,1954,15
1,MOUSSA,1955,15
1,MOUSSA,1957,25
1,MOUSSA,1958,30
1,MOUSSA,1960,35
1,MOUSSA,1961,40
1,MOUSSA,1962,30
1,MOUSSA,1963,45
1,MOUSSA,1964,40
1,MOUSSA,1965,45
1,MOUSSA,1966,50
1,MOUSSA,1967,60
1,MOUSSA,1968,55
1,MOUSSA,1969,60
1,MOUSSA,1970,60
1,MOUSSA,1971,50
1,MOUSSA,1972,65
1,MOUSSA,1973,80
1,MOUSSA,1974,75
1,MOUSSA,1975,70
1,MOUSSA,1976,70
1,MOUSSA,1977,95
1,MOUSSA,1978,75
1,MOUSSA,1979,100
1,MOUSSA,1980,105
1,MOUSSA,1981,130
1,MOUSSA,1982,135
1,MOUSSA,1983,145
1,MOUSSA,1984,170
1,MOUSSA,1985,200
1,MOUSSA,1986,180
1,MOUSSA,1987,200
1,MOUSSA,1988,180
1,MOUSSA,1989,185
1,MOUSSA,1990,170
1,MOUSSA,1991,160
1,MOUSSA,1992,175
1,MOUSSA,1993,150
1,MOUSSA,1994,155
1,MOUSSA,1995,135
1,MOUSSA,1996,130
1,MOUSSA,1997,135
1,MOUSSA,1998,130
1,MOUSSA,1999,145
1,MOUSSA,2000,150
1,MOUSSA,2001,175
1,MOUSSA,2002,200
1,MOUSSA,2003,215
1,MOUSSA,2004,210
1,MOUSSA,2005,240
1,MYRIAM,1945,5
1,MYRIAM,1946,5
1,MYRIAM,1947,10
1,MYRIAM,1950,10
1,MYRIAM,1951,5
1,MYRIAM,1952,15
1,MYRIAM,1953,10
1,MYRIAM,1954,10
1,MYRIAM,1955,10
1,MYRIAM,1957,5
1,MYRIAM,1958,5
1,MYRIAM,1960,5
1,MYRIAM,1961,5
1,MYRIAM,1962,5
1,MYRIAM,1965,5
1,MYRIAM,1966,5
1,MYRIAM,1968,5
1,MYRIAM,1969,5
1,MYRIAM,1974,5
1,MÉLANIE,1950,5
1,MÉLANIE,1951,5
1,MÉLANIE,1953,5
1,MÉLANIE,1965,5
1,NAIS,2004,5
1,NAIS,2005,5
1,NATHALIE,1946,5
1,NATHALIE,1950,5
1,NATHALIE,1964,5
1,NATHALIE,1966,5
1,NATHANAEL,1963,5
1,NATHANAEL,1964,5
1,NATHANAEL,1965,5
1,NATHANAEL,1967,5
1,NATHANAEL,1968,15
1,NATHANAEL,1969,10
1,NATHANAEL,1970,20
1,NATHANAEL,1971,20
1,NATHANAEL,1972,20
1,NATHANAEL,1973,35
1,NATHANAEL,1974,45
1,NATHANAEL,1975,60
1,NATHANAEL,1976,45
1,NATHANAEL,1977,55
1,NATHANAEL,1978,70
1,NATHANAEL,1979,80
1,NATHANAEL,1980,90
1,NATHANAEL,1981,70
1,NATHANAEL,1982,85
1,NATHANAEL,1983,90
1,NATHANAEL,1984,90
1,NATHANAEL,1985,105
1,NATHANAEL,1986,125
1,NATHANAEL,1987,130
1,NATHANAEL,1988,125
1,NATHANAEL,1989,155
1,NATHANAEL,1990,130
1,NATHANAEL,1991,145
1,NATHANAEL,1992,130
1,NATHANAEL,1993,125
1,NATHANAEL,1994,140
1,NATHANAEL,1995,180
1,NATHANAEL,1996,165
1,NATHANAEL,1997,170
1,NATHANAEL,1998,220
1,NATHANAEL,1999,295
1,NATHANAEL,2000,320
1,NATHANAEL,2001,270
1,NATHANAEL,2002,270
1,NATHANAEL,2003,290
1,NATHANAEL,2004,350
1,NATHANAEL,2005,325
1,NATHANAËL,1971,5
1,NATHANAËL,1972,5
1,NATHANAËL,1973,5
1,NATHANAËL,1974,5
1,NATHANAËL,1975,10
1,NATHANAËL,1976,10
1,NATHANAËL,1977,10
1,NATHANAËL,1978,10
1,NATHANAËL,1979,10
1,NATHANAËL,1980,15
1,NATHANAËL,1981,25
1,NATHANAËL,1982,20
1,NATHANAËL,1983,15
1,NATHANAËL,1984,20
1,NATHANAËL,1985,25
1,NATHANAËL,1986,25
1,NATHANAËL,1987,25
1,NATHANAËL,1988,20
1,NATHANAËL,1989,15
1,NATHANAËL,1990,10
1,NATHANAËL,1991,15
1,NATHANAËL,1992,15
1,NATHANAËL,1993,15
1,NATHANAËL,1994,10
1,NATHANAËL,1995,25
1,NATHANAËL,1996,55
1,NATHANAËL,1997,80
1,NATHANAËL,1998,75
1,NATHANAËL,1999,20
1,NATHANAËL,2000,10
1,NATHANAËL,2001,5
1,NATHANAËL,2002,5
1,NATHANAËL,2004,5
1,NATHANAËL,2005,5
1,NELSON,1945,5
1,NELSON,1946,5
1,NELSON,1950,5
1,NELSON,1951,5
1,NELSON,1953,5
1,NELSON,1961,5
1,NELSON,1962,5
1,NELSON,1963,5
1,NELSON,1964,5
1,NELSON,1965,10
1,NELSON,1966,5
1,NELSON,1967,15
1,NELSON,1968,35
1,NELSON,1969,40
1,NELSON,1970,55
1,NELSON,1971,70
1,NELSON,1972,75
1,NELSON,1973,105
1,NELSON,1974,110
1,NELSON,1975,110
1,NELSON,1976,95
1,NELSON,1977,135
1,NELSON,1978,120
1,NELSON,1979,105
1,NELSON,1980,105
1,NELSON,1981,130
1,NELSON,1982,115
1,NELSON,1983,125
1,NELSON,1984,120
1,NELSON,1985,100
1,NELSON,1986,140
1,NELSON,1987,125
1,NELSON,1988,135
1,NELSON,1989,140
1,NELSON,1990,180
1,NELSON,1991,170
1,NELSON,1992,195
1,NELSON,1993,175
1,NELSON,1994,175
1,NELSON,1995,170
1,NELSON,1996,160
1,NELSON,1997,170
1,NELSON,1998,185
1,NELSON,1999,190
1,NELSON,2000,200
1,NELSON,2001,205
1,NELSON,2002,165
1,NELSON,2003,160
1,NELSON,2004,150
1,NELSON,2005,170
1,NESSIM,1968,5
1,NESSIM,1970,5
1,NESSIM,1971,5
1,NESSIM,1974,5
1,NESSIM,1975,10
1,NESSIM,1976,5
1,NESSIM,1977,10
1,NESSIM,1978,5
1,NESSIM,1979,5
1,NESSIM,1980,5
1,NESSIM,1981,10
1,NESSIM,1982,5
1,NESSIM,1983,5
1,NESSIM,1984,10
1,NESSIM,1985,5
1,NESSIM,1986,10
1,NESSIM,1987,5
1,NESSIM,1988,20
1,NESSIM,1989,15
1,NESSIM,1990,10
1,NESSIM,1991,10
1,NESSIM,1992,10
1,NESSIM,1993,15
1,NESSIM,1994,20
1,NESSIM,1995,20
1,NESSIM,1996,25
1,NESSIM,1997,20
1,NESSIM,1998,15
1,NESSIM,1999,25
1,NESSIM,2000,25
1,NESSIM,2001,25
1,NESSIM,2002,25
1,NESSIM,2003,25
1,NESSIM,2004,20
1,NESSIM,2005,30
1,NICO,1945,5
1,NICO,1987,5
1,NICO,1992,5
1,NICO,1993,5
1,NICO,1994,5
1,NICO,1995,10
1,NICO,1996,10
1,NICO,1997,10
1,NICO,1998,15
1,NICO,1999,15
1,NICO,2000,20
1,NICO,2001,20
1,NICO,2002,15
1,NICO,2003,25
1,NICO,2004,15
1,NICO,2005,15
1,NICOLAS,1943,170
1,NICOLAS,1945,165
1,NICOLAS,1946,215
1,NICOLAS,1947,200
1,NICOLAS,1950,240
1,NICOLAS,1951,225
1,NICOLAS,1952,270
1,NICOLAS,1953,265
1,NICOLAS,1954,300
1,NICOLAS,1955,285
1,NICOLAS,1957,340
1,NICOLAS,1958,485
1,NICOLAS,1960,885
1,NICOLAS,1961,1170
1,NICOLAS,1962,1435
1,NICOLAS,1963,1735
1,NICOLAS,1964,2205
1,NICOLAS,1965,2390
1,NICOLAS,1966,2490
1,NICOLAS,1967,2825
1,NICOLAS,1968,3685
1,NICOLAS,1969,4340
1,NICOLAS,1970,5080
1,NICOLAS,1971,6135
1,NICOLAS,1972,7985
1,NICOLAS,1973,8115
1,NICOLAS,1974,7640
1,NICOLAS,1975,8565
1,NICOLAS,1976,10240
1,NICOLAS,1977,15225
1,NICOLAS,1978,13535
1,NICOLAS,1979,13165
1,NICOLAS,1980,21800
1,NICOLAS,1981,20825
1,NICOLAS,1982,17795
1,NICOLAS,1983,14540
1,NICOLAS,1984,13580
1,NICOLAS,1985,13840
1,NICOLAS,1986,12500
1,NICOLAS,1987,10910
1,NICOLAS,1988,10745
1,NICOLAS,1989,9540
1,NICOLAS,1990,9150
1,NICOLAS,1991,8580
1,NICOLAS,1992,8335
1,NICOLAS,1993,8680
1,NICOLAS,1994,9240
1,NICOLAS,1995,9135
1,NICOLAS,1996,8840
1,NICOLAS,1997,7735
1,NICOLAS,1998,7180
1,NICOLAS,1999,6535
1,NICOLAS,2000,6660
1,NICOLAS,2001,5650
1,NICOLAS,2002,4590
1,NICOLAS,2003,3915
1,NICOLAS,2004,3220
1,NICOLAS,2005,2795
1,ODILE,1943,5
1,ODILE,1950,5
1,ODILE,1953,5
1,ODILE,1954,5
1,ODILE,1955,5
1,ODILE,1957,5
1,ODILE,1960,5
1,ODILE,1961,5
1,ODILE,1962,5
1,ODILE,1963,5
1,ODILE,1970,5
1,OLGA,1943,5
1,OLGA,1950,5
1,OLGA,1951,5
1,OLGA,1952,5
1,OLGA,1953,10
1,OLGA,1954,5
1,OLGA,1955,5
1,OLGA,1957,5
1,OLGA,1958,5
1,OLGA,1960,5
1,OLGA,1961,5
1,OLGA,1963,5
1,OLGA,1967,5
1,OLGA,1971,5
1,OLIVIER,1943,215
1,OLIVIER,1945,250
1,OLIVIER,1946,395
1,OLIVIER,1947,435
1,OLIVIER,1950,685
1,OLIVIER,1951,745
1,OLIVIER,1952,885
1,OLIVIER,1953,940
1,OLIVIER,1954,1060
1,OLIVIER,1955,1400
1,OLIVIER,1957,1775
1,OLIVIER,1958,2375
1,OLIVIER,1960,3580
1,OLIVIER,1961,4370
1,OLIVIER,1962,5190
1,OLIVIER,1963,6645
1,OLIVIER,1964,7825
1,OLIVIER,1965,8725
1,OLIVIER,1966,10245
1,OLIVIER,1967,11165
1,OLIVIER,1968,11175
1,OLIVIER,1969,12715
1,OLIVIER,1970,14455
1,OLIVIER,1971,15525
1,OLIVIER,1972,15120
1,OLIVIER,1973,14170
1,OLIVIER,1974,12150
1,OLIVIER,1975,10570
1,OLIVIER,1976,9180
1,OLIVIER,1977,8665
1,OLIVIER,1978,7860
1,OLIVIER,1979,7595
1,OLIVIER,1980,7190
1,OLIVIER,1981,6615
1,OLIVIER,1982,5590
1,OLIVIER,1983,4445
1,OLIVIER,1984,3820
1,OLIVIER,1985,3545
1,OLIVIER,1986,3240
1,OLIVIER,1987,2715
1,OLIVIER,1988,2395
1,OLIVIER,1989,2245
1,OLIVIER,1990,1995
1,OLIVIER,1991,1680
1,OLIVIER,1992,1425
1,OLIVIER,1993,1170
1,OLIVIER,1994,1085
1,OLIVIER,1995,995
1,OLIVIER,1996,985
1,OLIVIER,1997,815
1,OLIVIER,1998,735
1,OLIVIER,1999,685
1,OLIVIER,2000,570
1,OLIVIER,2001,500
1,OLIVIER,2002,455
1,OLIVIER,2003,455
1,OLIVIER,2004,380
1,OLIVIER,2005,340
1,PASCAL,1943,145
1,PASCAL,1945,240
1,PASCAL,1946,410
1,PASCAL,1947,505
1,PASCAL,1950,1195
1,PASCAL,1951,1525
1,PASCAL,1952,1980
1,PASCAL,1953,2645
1,PASCAL,1954,3975
1,PASCAL,1955,5375
1,PASCAL,1957,10295
1,PASCAL,1958,13625
1,PASCAL,1960,17780
1,PASCAL,1961,19890
1,PASCAL,1962,21255
1,PASCAL,1963,20640
1,PASCAL,1964,17850
1,PASCAL,1965,17525
1,PASCAL,1966,16715
1,PASCAL,1967,15390
1,PASCAL,1968,14025
1,PASCAL,1969,12550
1,PASCAL,1970,9080
1,PASCAL,1971,7885
1,PASCAL,1972,7115
1,PASCAL,1973,5950
1,PASCAL,1974,4850
1,PASCAL,1975,3545
1,PASCAL,1976,2970
1,PASCAL,1977,2660
1,PASCAL,1978,2245
1,PASCAL,1979,2060
1,PASCAL,1980,1900
1,PASCAL,1981,1635
1,PASCAL,1982,1480
1,PASCAL,1983,1120
1,PASCAL,1984,1005
1,PASCAL,1985,890
1,PASCAL,1986,780
1,PASCAL,1987,670
1,PASCAL,1988,565
1,PASCAL,1989,495
1,PASCAL,1990,390
1,PASCAL,1991,390
1,PASCAL,1992,330
1,PASCAL,1993,255
1,PASCAL,1994,235
1,PASCAL,1995,210
1,PASCAL,1996,195
1,PASCAL,1997,145
1,PASCAL,1998,140
1,PASCAL,1999,155
1,PASCAL,2000,130
1,PASCAL,2001,115
1,PASCAL,2002,110
1,PASCAL,2003,80
1,PASCAL,2004,75
1,PASCAL,2005,60
1,PASCALE,1958,5
1,PATRICK,1943,780
1,PATRICK,1945,1845
1,PATRICK,1946,3370
1,PATRICK,1947,4860
1,PATRICK,1950,11930
1,PATRICK,1951,14130
1,PATRICK,1952,16100
1,PATRICK,1953,18445
1,PATRICK,1954,20730
1,PATRICK,1955,20310
1,PATRICK,1957,21065
1,PATRICK,1958,19910
1,PATRICK,1960,18525
1,PATRICK,1961,17700
1,PATRICK,1962,16250
1,PATRICK,1963,17215
1,PATRICK,1964,16110
1,PATRICK,1965,12680
1,PATRICK,1966,11040
1,PATRICK,1967,9925
1,PATRICK,1968,8575
1,PATRICK,1969,7720
1,PATRICK,1970,6675
1,PATRICK,1971,5750
1,PATRICK,1972,4290
1,PATRICK,1973,3545
1,PATRICK,1974,2905
1,PATRICK,1975,2240
1,PATRICK,1976,2080
1,PATRICK,1977,1895
1,PATRICK,1978,1565
1,PATRICK,1979,1410
1,PATRICK,1980,1270
1,PATRICK,1981,1130
1,PATRICK,1982,1060
1,PATRICK,1983,970
1,PATRICK,1984,790
1,PATRICK,1985,760
1,PATRICK,1986,655
1,PATRICK,1987,615
1,PATRICK,1988,500
1,PATRICK,1989,460
1,PATRICK,1990,410
1,PATRICK,1991,420
1,PATRICK,1992,330
1,PATRICK,1993,315
1,PATRICK,1994,265
1,PATRICK,1995,235
1,PATRICK,1996,180
1,PATRICK,1997,205
1,PATRICK,1998,165
1,PATRICK,1999,130
1,PATRICK,2000,170
1,PATRICK,2001,140
1,PATRICK,2002,130
1,PATRICK,2003,105
1,PATRICK,2004,95
1,PATRICK,2005,75
1,PAUL,1943,3105
1,PAUL,1945,2500
1,PAUL,1946,3530
1,PAUL,1947,3370
1,PAUL,1950,2685
1,PAUL,1951,2465
1,PAUL,1952,2235
1,PAUL,1953,2010
1,PAUL,1954,1905
1,PAUL,1955,1750
1,PAUL,1957,1490
1,PAUL,1958,1460
1,PAUL,1960,1245
1,PAUL,1961,1175
1,PAUL,1962,1100
1,PAUL,1963,1335
1,PAUL,1964,1125
1,PAUL,1965,1055
1,PAUL,1966,890
1,PAUL,1967,820
1,PAUL,1968,830
1,PAUL,1969,710
1,PAUL,1970,665
1,PAUL,1971,655
1,PAUL,1972,640
1,PAUL,1973,605
1,PAUL,1974,575
1,PAUL,1975,490
1,PAUL,1976,475
1,PAUL,1977,535
1,PAUL,1978,550
1,PAUL,1979,630
1,PAUL,1980,675
1,PAUL,1981,740
1,PAUL,1982,770
1,PAUL,1983,860
1,PAUL,1984,960
1,PAUL,1985,1050
1,PAUL,1986,1090
1,PAUL,1987,1365
1,PAUL,1988,1695
1,PAUL,1989,1720
1,PAUL,1990,1895
1,PAUL,1991,2225
1,PAUL,1992,2295
1,PAUL,1993,2610
1,PAUL,1994,2735
1,PAUL,1995,3280
1,PAUL,1996,3565
1,PAUL,1997,3350
1,PAUL,1998,3365
1,PAUL,1999,3865
1,PAUL,2000,4230
1,PAUL,2001,4185
1,PAUL,2002,3845
1,PAUL,2003,3625
1,PAUL,2004,3480
1,PAUL,2005,3490
1,PHIL,1991,5
1,PHIL,1994,5
1,PHIL,1999,5
1,PHIL,2002,5
1,PHIL,2005,5
1,PHILIPPE,1943,1835
1,PHILIPPE,1945,1195
1,PHILIPPE,1946,2185
1,PHILIPPE,1947,2920
1,PHILIPPE,1950,7525
1,PHILIPPE,1951,8190
1,PHILIPPE,1952,10080
1,PHILIPPE,1953,12920
1,PHILIPPE,1954,14860
1,PHILIPPE,1955,17615
1,PHILIPPE,1957,20745
1,PHILIPPE,1958,22110
1,PHILIPPE,1960,24765
1,PHILIPPE,1961,24965
1,PHILIPPE,1962,24920
1,PHILIPPE,1963,26215
1,PHILIPPE,1964,26020
1,PHILIPPE,1965,24160
1,PHILIPPE,1966,22735
1,PHILIPPE,1967,21230
1,PHILIPPE,1968,18530
1,PHILIPPE,1969,16040
1,PHILIPPE,1970,14145
1,PHILIPPE,1971,13385
1,PHILIPPE,1972,10680
1,PHILIPPE,1973,8225
1,PHILIPPE,1974,5980
1,PHILIPPE,1975,4830
1,PHILIPPE,1976,4240
1,PHILIPPE,1977,3625
1,PHILIPPE,1978,3310
1,PHILIPPE,1979,3155
1,PHILIPPE,1980,3010
1,PHILIPPE,1981,2660
1,PHILIPPE,1982,2375
1,PHILIPPE,1983,1985
1,PHILIPPE,1984,1750
1,PHILIPPE,1985,1490
1,PHILIPPE,1986,1345
1,PHILIPPE,1987,1185
1,PHILIPPE,1988,1125
1,PHILIPPE,1989,935
1,PHILIPPE,1990,865
1,PHILIPPE,1991,810
1,PHILIPPE,1992,715
1,PHILIPPE,1993,645
1,PHILIPPE,1994,625
1,PHILIPPE,1995,515
1,PHILIPPE,1996,520
1,PHILIPPE,1997,465
1,PHILIPPE,1998,435
1,PHILIPPE,1999,340
1,PHILIPPE,2000,335
1,PHILIPPE,2001,310
1,PHILIPPE,2002,255
1,PHILIPPE,2003,195
1,PHILIPPE,2004,195
1,PHILIPPE,2005,160
1,PIERRE,1943,9860
1,PIERRE,1945,8590
1,PIERRE,1946,12395
1,PIERRE,1947,12160
1,PIERRE,1950,10305
1,PIERRE,1951,9225
1,PIERRE,1952,8740
1,PIERRE,1953,8220
1,PIERRE,1954,7895
1,PIERRE,1955,7650
1,PIERRE,1957,7395
1,PIERRE,1958,7290
1,PIERRE,1960,6840
1,PIERRE,1961,6495
1,PIERRE,1962,6050
1,PIERRE,1963,6185
1,PIERRE,1964,5745
1,PIERRE,1965,5630
1,PIERRE,1966,5310
1,PIERRE,1967,4885
1,PIERRE,1968,4740
1,PIERRE,1969,4210
1,PIERRE,1970,3745
1,PIERRE,1971,3640
1,PIERRE,1972,3250
1,PIERRE,1973,3025
1,PIERRE,1974,2600
1,PIERRE,1975,2410
1,PIERRE,1976,2440
1,PIERRE,1977,2685
1,PIERRE,1978,3200
1,PIERRE,1979,3595
1,PIERRE,1980,3950
1,PIERRE,1981,3960
1,PIERRE,1982,4280
1,PIERRE,1983,4250
1,PIERRE,1984,4320
1,PIERRE,1985,4725
1,PIERRE,1986,4820
1,PIERRE,1987,5165
1,PIERRE,1988,5555
1,PIERRE,1989,5060
1,PIERRE,1990,5240
1,PIERRE,1991,5445
1,PIERRE,1992,5035
1,PIERRE,1993,4945
1,PIERRE,1994,4810
1,PIERRE,1995,5130
1,PIERRE,1996,4975
1,PIERRE,1997,4660
1,PIERRE,1998,4270
1,PIERRE,1999,4370
1,PIERRE,2000,4150
1,PIERRE,2001,3620
1,PIERRE,2002,2910
1,PIERRE,2003,2650
1,PIERRE,2004,2615
1,PIERRE,2005,2275
1,PIERRE-MARIE,1943,5
1,PIERRE-MARIE,1945,10
1,PIERRE-MARIE,1946,15
1,PIERRE-MARIE,1947,20
1,PIERRE-MARIE,1950,45
1,PIERRE-MARIE,1951,45
1,PIERRE-MARIE,1952,45
1,PIERRE-MARIE,1953,35
1,PIERRE-MARIE,1954,80
1,PIERRE-MARIE,1955,55
1,PIERRE-MARIE,1957,50
1,PIERRE-MARIE,1958,65
1,PIERRE-MARIE,1960,65
1,PIERRE-MARIE,1961,65
1,PIERRE-MARIE,1962,50
1,PIERRE-MARIE,1963,60
1,PIERRE-MARIE,1964,45
1,PIERRE-MARIE,1965,60
1,PIERRE-MARIE,1966,30
1,PIERRE-MARIE,1967,45
1,PIERRE-MARIE,1968,40
1,PIERRE-MARIE,1969,45
1,PIERRE-MARIE,1970,55
1,PIERRE-MARIE,1971,45
1,PIERRE-MARIE,1972,45
1,PIERRE-MARIE,1973,55
1,PIERRE-MARIE,1974,45
1,PIERRE-MARIE,1975,45
1,PIERRE-MARIE,1976,55
1,PIERRE-MARIE,1977,55
1,PIERRE-MARIE,1978,60
1,PIERRE-MARIE,1979,50
1,PIERRE-MARIE,1980,65
1,PIERRE-MARIE,1981,90
1,PIERRE-MARIE,1982,70
1,PIERRE-MARIE,1983,85
1,PIERRE-MARIE,1984,75
1,PIERRE-MARIE,1985,95
1,PIERRE-MARIE,1986,130
1,PIERRE-MARIE,1987,125
1,PIERRE-MARIE,1988,120
1,PIERRE-MARIE,1989,110
1,PIERRE-MARIE,1990,85
1,PIERRE-MARIE,1991,100
1,PIERRE-MARIE,1992,85
1,PIERRE-MARIE,1993,85
1,PIERRE-MARIE,1994,50
1,PIERRE-MARIE,1995,60
1,PIERRE-MARIE,1996,65
1,PIERRE-MARIE,1997,50
1,PIERRE-MARIE,1998,50
1,PIERRE-MARIE,1999,45
1,PIERRE-MARIE,2000,45
1,PIERRE-MARIE,2001,25
1,PIERRE-MARIE,2002,25
1,PIERRE-MARIE,2003,30
1,PIERRE-MARIE,2004,30
1,PIERRE-MARIE,2005,25
1,QUENTIN,1945,5
1,QUENTIN,1947,10
1,QUENTIN,1953,10
1,QUENTIN,1955,10
1,QUENTIN,1957,10
1,QUENTIN,1958,10
1,QUENTIN,1960,10
1,QUENTIN,1961,10
1,QUENTIN,1962,5
1,QUENTIN,1963,10
1,QUENTIN,1964,10
1,QUENTIN,1965,20
1,QUENTIN,1966,10
1,QUENTIN,1967,15
1,QUENTIN,1968,15
1,QUENTIN,1969,15
1,QUENTIN,1970,20
1,QUENTIN,1971,35
1,QUENTIN,1972,40
1,QUENTIN,1973,35
1,QUENTIN,1974,50
1,QUENTIN,1975,55
1,QUENTIN,1976,95
1,QUENTIN,1977,150
1,QUENTIN,1978,210
1,QUENTIN,1979,270
1,QUENTIN,1980,385
1,QUENTIN,1981,425
1,QUENTIN,1982,540
1,QUENTIN,1983,520
1,QUENTIN,1984,660
1,QUENTIN,1985,975
1,QUENTIN,1986,1445
1,QUENTIN,1987,1995
1,QUENTIN,1988,2975
1,QUENTIN,1989,3755
1,QUENTIN,1990,4435
1,QUENTIN,1991,4795
1,QUENTIN,1992,5760
1,QUENTIN,1993,5860
1,QUENTIN,1994,6755
1,QUENTIN,1995,6970
1,QUENTIN,1996,6760
1,QUENTIN,1997,7185
1,QUENTIN,1998,7500
1,QUENTIN,1999,6765
1,QUENTIN,2000,6500
1,QUENTIN,2001,5595
1,QUENTIN,2002,4795
1,QUENTIN,2003,4150
1,QUENTIN,2004,4055
1,QUENTIN,2005,3500
1,RAPHAEL,1974,5
1,RAPHAEL,1987,5
1,RAPHAEL,1989,5
1,RAPHAEL,1992,5
1,RAPHAEL,1996,5
1,RAPHAEL,2000,5
1,RAPHAEL,2004,5
1,RAPHAEL,2005,5
1,RAPHAËL,1943,120
1,RAPHAËL,1945,110
1,RAPHAËL,1946,160
1,RAPHAËL,1947,145
1,RAPHAËL,1950,185
1,RAPHAËL,1951,195
1,RAPHAËL,1952,165
1,RAPHAËL,1953,195
1,RAPHAËL,1954,160
1,RAPHAËL,1955,195
1,RAPHAËL,1957,220
1,RAPHAËL,1958,255
1,RAPHAËL,1960,290
1,RAPHAËL,1961,340
1,RAPHAËL,1962,385
1,RAPHAËL,1963,440
1,RAPHAËL,1964,465
1,RAPHAËL,1965,545
1,RAPHAËL,1966,595
1,RAPHAËL,1967,820
1,RAPHAËL,1968,845
1,RAPHAËL,1969,1095
1,RAPHAËL,1970,1435
1,RAPHAËL,1971,1615
1,RAPHAËL,1972,1580
1,RAPHAËL,1973,1480
1,RAPHAËL,1974,2675
1,RAPHAËL,1975,2000
1,RAPHAËL,1976,1665
1,RAPHAËL,1977,1625
1,RAPHAËL,1978,1515
1,RAPHAËL,1979,1635
1,RAPHAËL,1980,1680
1,RAPHAËL,1981,1560
1,RAPHAËL,1982,1550
1,RAPHAËL,1983,1345
1,RAPHAËL,1984,1445
1,RAPHAËL,1985,1420
1,RAPHAËL,1986,1630
1,RAPHAËL,1987,1710
1,RAPHAËL,1988,1835
1,RAPHAËL,1989,1695
1,RAPHAËL,1990,1715
1,RAPHAËL,1991,1610
1,RAPHAËL,1992,1550
1,RAPHAËL,1993,1630
1,RAPHAËL,1994,1915
1,RAPHAËL,1995,1920
1,RAPHAËL,1996,2055
1,RAPHAËL,1997,2000
1,RAPHAËL,1998,1985
1,RAPHAËL,1999,1990
1,RAPHAËL,2000,2045
1,RAPHAËL,2001,1845
1,RAPHAËL,2002,1985
1,RAPHAËL,2003,2430
1,RAPHAËL,2004,3150
1,RAPHAËL,2005,3460
1,REGIS,1943,385
1,REGIS,1945,420
1,REGIS,1946,650
1,REGIS,1947,750
1,REGIS,1950,1040
1,REGIS,1951,1145
1,REGIS,1952,1235
1,REGIS,1953,1440
1,REGIS,1954,1425
1,REGIS,1955,1485
1,REGIS,1957,1520
1,REGIS,1958,1465
1,REGIS,1960,1565
1,REGIS,1961,1595
1,REGIS,1962,1565
1,REGIS,1963,1485
1,REGIS,1964,1380
1,REGIS,1965,1325
1,REGIS,1966,1365
1,REGIS,1967,1665
1,REGIS,1968,2035
1,REGIS,1969,1880
1,REGIS,1970,1715
1,REGIS,1971,1810
1,REGIS,1972,1755
1,REGIS,1973,1575
1,REGIS,1974,1150
1,REGIS,1975,1080
1,REGIS,1976,1055
1,REGIS,1977,960
1,REGIS,1978,895
1,REGIS,1979,850
1,REGIS,1980,780
1,REGIS,1981,675
1,REGIS,1982,635
1,REGIS,1983,475
1,REGIS,1984,425
1,REGIS,1985,375
1,REGIS,1986,330
1,REGIS,1987,300
1,REGIS,1988,240
1,REGIS,1989,225
1,REGIS,1990,210
1,REGIS,1991,155
1,REGIS,1992,125
1,REGIS,1993,130
1,REGIS,1994,115
1,REGIS,1995,80
1,REGIS,1996,70
1,REGIS,1997,55
1,REGIS,1998,50
1,REGIS,1999,60
1,REGIS,2000,50
1,REGIS,2001,55
1,REGIS,2002,45
1,REGIS,2003,30
1,REGIS,2004,35
1,REGIS,2005,20
1,RICHARD,1943,870
1,RICHARD,1945,990
1,RICHARD,1946,1680
1,RICHARD,1947,1940
1,RICHARD,1950,2170
1,RICHARD,1951,1875
1,RICHARD,1952,1900
1,RICHARD,1953,1805
1,RICHARD,1954,1745
1,RICHARD,1955,1540
1,RICHARD,1957,1840
1,RICHARD,1958,1695
1,RICHARD,1960,1410
1,RICHARD,1961,1560
1,RICHARD,1962,1620
1,RICHARD,1963,1935
1,RICHARD,1964,2155
1,RICHARD,1965,2270
1,RICHARD,1966,1935
1,RICHARD,1967,1930
1,RICHARD,1968,2320
1,RICHARD,1969,2560
1,RICHARD,1970,2275
1,RICHARD,1971,2325
1,RICHARD,1972,2250
1,RICHARD,1973,1840
1,RICHARD,1974,1575
1,RICHARD,1975,1400
1,RICHARD,1976,1140
1,RICHARD,1977,995
1,RICHARD,1978,860
1,RICHARD,1979,895
1,RICHARD,1980,925
1,RICHARD,1981,870
1,RICHARD,1982,860
1,RICHARD,1983,630
1,RICHARD,1984,645
1,RICHARD,1985,620
1,RICHARD,1986,605
1,RICHARD,1987,580
1,RICHARD,1988,490
1,RICHARD,1989,470
1,RICHARD,1990,425
1,RICHARD,1991,440
1,RICHARD,1992,375
1,RICHARD,1993,335
1,RICHARD,1994,340
1,RICHARD,1995,320
1,RICHARD,1996,270
1,RICHARD,1997,265
1,RICHARD,1998,235
1,RICHARD,1999,200
1,RICHARD,2000,205
1,RICHARD,2001,160
1,RICHARD,2002,115
1,RICHARD,2003,105
1,RICHARD,2004,90
1,RICHARD,2005,70
1,RICKY,1955,5
1,RICKY,1957,5
1,RICKY,1958,5
1,RICKY,1960,5
1,RICKY,1961,5
1,RICKY,1963,5
1,RICKY,1966,5
1,RICKY,1971,5
1,RICKY,1985,10
1,RICKY,1986,5
1,RICKY,1987,5
1,RICKY,1988,10
1,RICKY,1989,5
1,RICKY,1990,10
1,RICKY,1991,15
1,RICKY,1992,15
1,RICKY,1993,10
1,RICKY,1994,5
1,RICKY,1995,5
1,RICKY,1996,5
1,RICKY,1997,20
1,RICKY,1998,30
1,RICKY,1999,20
1,RICKY,2000,30
1,RICKY,2001,10
1,RICKY,2002,5
1,RICKY,2003,15
1,RICKY,2004,5
1,RICKY,2005,10
1,RODOLPHE,1943,90
1,RODOLPHE,1945,25
1,RODOLPHE,1946,30
1,RODOLPHE,1947,45
1,RODOLPHE,1950,60
1,RODOLPHE,1951,60
1,RODOLPHE,1952,55
1,RODOLPHE,1953,70
1,RODOLPHE,1954,65
1,RODOLPHE,1955,135
1,RODOLPHE,1957,140
1,RODOLPHE,1958,145
1,RODOLPHE,1960,220
1,RODOLPHE,1961,190
1,RODOLPHE,1962,270
1,RODOLPHE,1963,300
1,RODOLPHE,1964,280
1,RODOLPHE,1965,375
1,RODOLPHE,1966,440
1,RODOLPHE,1967,415
1,RODOLPHE,1968,570
1,RODOLPHE,1969,835
1,RODOLPHE,1970,995
1,RODOLPHE,1971,920
1,RODOLPHE,1972,855
1,RODOLPHE,1973,1045
1,RODOLPHE,1974,730
1,RODOLPHE,1975,830
1,RODOLPHE,1976,680
1,RODOLPHE,1977,675
1,RODOLPHE,1978,585
1,RODOLPHE,1979,605
1,RODOLPHE,1980,565
1,RODOLPHE,1981,575
1,RODOLPHE,1982,425
1,RODOLPHE,1983,370
1,RODOLPHE,1984,370
1,RODOLPHE,1985,275
1,RODOLPHE,1986,270
1,RODOLPHE,1987,205
1,RODOLPHE,1988,205
1,RODOLPHE,1989,190
1,RODOLPHE,1990,195
1,RODOLPHE,1991,400
1,RODOLPHE,1992,385
1,RODOLPHE,1993,380
1,RODOLPHE,1994,290
1,RODOLPHE,1995,225
1,RODOLPHE,1996,215
1,RODOLPHE,1997,195
1,RODOLPHE,1998,130
1,RODOLPHE,1999,110
1,RODOLPHE,2000,90
1,RODOLPHE,2001,95
1,RODOLPHE,2002,70
1,RODOLPHE,2003,55
1,RODOLPHE,2004,55
1,RODOLPHE,2005,35
1,ROMAIN,1943,40
1,ROMAIN,1945,75
1,ROMAIN,1946,85
1,ROMAIN,1947,95
1,ROMAIN,1950,110
1,ROMAIN,1951,100
1,ROMAIN,1952,85
1,ROMAIN,1953,80
1,ROMAIN,1954,75
1,ROMAIN,1955,80
1,ROMAIN,1957,90
1,ROMAIN,1958,105
1,ROMAIN,1960,100
1,ROMAIN,1961,125
1,ROMAIN,1962,110
1,ROMAIN,1963,125
1,ROMAIN,1964,130
1,ROMAIN,1965,90
1,ROMAIN,1966,125
1,ROMAIN,1967,165
1,ROMAIN,1968,255
1,ROMAIN,1969,315
1,ROMAIN,1970,380
1,ROMAIN,1971,445
1,ROMAIN,1972,610
1,ROMAIN,1973,760
1,ROMAIN,1974,920
1,ROMAIN,1975,1025
1,ROMAIN,1976,1220
1,ROMAIN,1977,1665
1,ROMAIN,1978,2090
1,ROMAIN,1979,2190
1,ROMAIN,1980,3500
1,ROMAIN,1981,4595
1,ROMAIN,1982,5585
1,ROMAIN,1983,6275
1,ROMAIN,1984,6665
1,ROMAIN,1985,7815
1,ROMAIN,1986,8025
1,ROMAIN,1987,9630
1,ROMAIN,1988,9400
1,ROMAIN,1989,9085
1,ROMAIN,1990,7530
1,ROMAIN,1991,7570
1,ROMAIN,1992,6510
1,ROMAIN,1993,6010
1,ROMAIN,1994,6185
1,ROMAIN,1995,5515
1,ROMAIN,1996,5525
1,ROMAIN,1997,5475
1,ROMAIN,1998,5230
1,ROMAIN,1999,4595
1,ROMAIN,2000,4560
1,ROMAIN,2001,3945
1,ROMAIN,2002,4500
1,ROMAIN,2003,4540
1,ROMAIN,2004,4290
1,ROMAIN,2005,3560
1,ROMANE,1970,5
1,ROMANE,1972,5
1,ROMANE,1974,5
1,ROMANE,1976,5
1,ROMANE,1978,5
1,ROMANE,1979,5
1,ROMANE,1980,5
1,ROMANE,1982,5
1,ROMANE,1983,5
1,ROMANE,1985,5
1,ROMANE,1987,5
1,ROMANE,1988,5
1,ROMANE,1989,5
1,ROMANE,1990,10
1,ROMANE,1992,5
1,ROMANE,1993,5
1,ROMANE,1996,5
1,ROMANE,1997,5
1,ROMANE,1998,5
1,ROMANE,1999,5
1,ROMANE,2000,5
1,ROMANE,2001,10
1,ROMANE,2002,5
1,ROMANE,2003,10
1,ROMANE,2004,5
1,ROMANE,2005,20
1,ROMUALD,1943,15
1,ROMUALD,1945,15
1,ROMUALD,1946,15
1,ROMUALD,1947,10
1,ROMUALD,1950,15
1,ROMUALD,1951,5
1,ROMUALD,1952,25
1,ROMUALD,1953,30
1,ROMUALD,1954,20
1,ROMUALD,1955,30
1,ROMUALD,1957,25
1,ROMUALD,1958,30
1,ROMUALD,1960,30
1,ROMUALD,1961,40
1,ROMUALD,1962,55
1,ROMUALD,1963,55
1,ROMUALD,1964,155
1,ROMUALD,1965,215
1,ROMUALD,1966,260
1,ROMUALD,1967,205
1,ROMUALD,1968,350
1,ROMUALD,1969,545
1,ROMUALD,1970,650
1,ROMUALD,1971,610
1,ROMUALD,1972,835
1,ROMUALD,1973,955
1,ROMUALD,1974,955
1,ROMUALD,1975,950
1,ROMUALD,1976,895
1,ROMUALD,1977,710
1,ROMUALD,1978,710
1,ROMUALD,1979,825
1,ROMUALD,1980,775
1,ROMUALD,1981,740
1,ROMUALD,1982,725
1,ROMUALD,1983,525
1,ROMUALD,1984,500
1,ROMUALD,1985,555
1,ROMUALD,1986,520
1,ROMUALD,1987,525
1,ROMUALD,1988,410
1,ROMUALD,1989,405
1,ROMUALD,1990,335
1,ROMUALD,1991,310
1,ROMUALD,1992,300
1,ROMUALD,1993,215
1,ROMUALD,1994,190
1,ROMUALD,1995,220
1,ROMUALD,1996,195
1,ROMUALD,1997,195
1,ROMUALD,1998,150
1,ROMUALD,1999,160
1,ROMUALD,2000,155
1,ROMUALD,2001,155
1,ROMUALD,2002,135
1,ROMUALD,2003,90
1,ROMUALD,2004,110
1,ROMUALD,2005,60
1,RUDY,1947,5
1,RUDY,1950,20
1,RUDY,1951,15
1,RUDY,1952,30
1,RUDY,1953,30
1,RUDY,1954,60
1,RUDY,1955,55
1,RUDY,1957,55
1,RUDY,1958,60
1,RUDY,1960,75
1,RUDY,1961,60
1,RUDY,1962,80
1,RUDY,1963,100
1,RUDY,1964,110
1,RUDY,1965,145
1,RUDY,1966,155
1,RUDY,1967,160
1,RUDY,1968,170
1,RUDY,1969,190
1,RUDY,1970,205
1,RUDY,1971,255
1,RUDY,1972,285
1,RUDY,1973,265
1,RUDY,1974,230
1,RUDY,1975,265
1,RUDY,1976,230
1,RUDY,1977,270
1,RUDY,1978,430
1,RUDY,1979,940
1,RUDY,1980,1050
1,RUDY,1981,880
1,RUDY,1982,865
1,RUDY,1983,720
1,RUDY,1984,735
1,RUDY,1985,550
1,RUDY,1986,595
1,RUDY,1987,625
1,RUDY,1988,705
1,RUDY,1989,645
1,RUDY,1990,645
1,RUDY,1991,560
1,RUDY,1992,580
1,RUDY,1993,570
1,RUDY,1994,530
1,RUDY,1995,445
1,RUDY,1996,420
1,RUDY,1997,335
1,RUDY,1998,265
1,RUDY,1999,265
1,RUDY,2000,255
1,RUDY,2001,235
1,RUDY,2002,255
1,RUDY,2003,250
1,RUDY,2004,220
1,RUDY,2005,255
1,RÉGIS,1943,20
1,RÉGIS,1945,20
1,RÉGIS,1946,25
1,RÉGIS,1947,35
1,RÉGIS,1950,65
1,RÉGIS,1951,60
1,RÉGIS,1952,65
1,RÉGIS,1953,85
1,RÉGIS,1954,85
1,RÉGIS,1955,70
1,RÉGIS,1957,80
1,RÉGIS,1958,70
1,RÉGIS,1960,80
1,RÉGIS,1961,100
1,RÉGIS,1962,100
1,RÉGIS,1963,90
1,RÉGIS,1964,115
1,RÉGIS,1965,100
1,RÉGIS,1966,120
1,RÉGIS,1967,150
1,RÉGIS,1968,205
1,RÉGIS,1969,190
1,RÉGIS,1970,185
1,RÉGIS,1971,215
1,RÉGIS,1972,220
1,RÉGIS,1973,190
1,RÉGIS,1974,150
1,RÉGIS,1975,150
1,RÉGIS,1976,150
1,RÉGIS,1977,145
1,RÉGIS,1978,155
1,RÉGIS,1979,145
1,RÉGIS,1980,120
1,RÉGIS,1981,105
1,RÉGIS,1982,90
1,RÉGIS,1983,100
1,RÉGIS,1984,80
1,RÉGIS,1985,55
1,RÉGIS,1986,45
1,RÉGIS,1987,50
1,RÉGIS,1988,30
1,RÉGIS,1989,20
1,RÉGIS,1990,20
1,RÉGIS,1991,10
1,RÉGIS,1992,10
1,RÉGIS,1993,15
1,RÉGIS,1994,10
1,RÉGIS,1995,15
1,RÉGIS,1996,10
1,RÉGIS,1997,15
1,RÉGIS,1998,20
1,RÉGIS,1999,5
1,RÉGIS,2001,5
1,SABINE,1953,5
1,SABINE,1967,5
1,SAM,1946,5
1,SAM,1947,5
1,SAM,1950,5
1,SAM,1952,5
1,SAM,1954,5
1,SAM,1955,5
1,SAM,1958,5
1,SAM,1960,5
1,SAM,1961,5
1,SAM,1962,5
1,SAM,1963,10
1,SAM,1964,5
1,SAM,1966,5
1,SAM,1967,10
1,SAM,1968,5
1,SAM,1969,5
1,SAM,1970,10
1,SAM,1971,15
1,SAM,1972,10
1,SAM,1973,20
1,SAM,1974,15
1,SAM,1975,5
1,SAM,1976,5
1,SAM,1977,15
1,SAM,1978,5
1,SAM,1979,15
1,SAM,1980,15
1,SAM,1981,15
1,SAM,1982,10
1,SAM,1983,15
1,SAM,1984,10
1,SAM,1985,15
1,SAM,1986,25
1,SAM,1987,25
1,SAM,1988,20
1,SAM,1989,20
1,SAM,1990,25
1,SAM,1991,35
1,SAM,1992,40
1,SAM,1993,45
1,SAM,1994,45
1,SAM,1995,50
1,SAM,1996,75
1,SAM,1997,110
1,SAM,1998,130
1,SAM,1999,155
1,SAM,2000,165
1,SAM,2001,230
1,SAM,2002,220
1,SAM,2003,220
1,SAM,2004,235
1,SAM,2005,245
1,SAMUEL,1943,25
1,SAMUEL,1945,30
1,SAMUEL,1946,35
1,SAMUEL,1947,40
1,SAMUEL,1950,35
1,SAMUEL,1951,45
1,SAMUEL,1952,40
1,SAMUEL,1953,45
1,SAMUEL,1954,40
1,SAMUEL,1955,50
1,SAMUEL,1957,60
1,SAMUEL,1958,50
1,SAMUEL,1960,90
1,SAMUEL,1961,105
1,SAMUEL,1962,140
1,SAMUEL,1963,165
1,SAMUEL,1964,225
1,SAMUEL,1965,210
1,SAMUEL,1966,315
1,SAMUEL,1967,405
1,SAMUEL,1968,575
1,SAMUEL,1969,705
1,SAMUEL,1970,1050
1,SAMUEL,1971,1715
1,SAMUEL,1972,1780
1,SAMUEL,1973,1790
1,SAMUEL,1974,1790
1,SAMUEL,1975,1980
1,SAMUEL,1976,2150
1,SAMUEL,1977,2015
1,SAMUEL,1978,1965
1,SAMUEL,1979,2335
1,SAMUEL,1980,2310
1,SAMUEL,1981,2175
1,SAMUEL,1982,1985
1,SAMUEL,1983,1565
1,SAMUEL,1984,1550
1,SAMUEL,1985,1565
1,SAMUEL,1986,1555
1,SAMUEL,1987,1535
1,SAMUEL,1988,1485
1,SAMUEL,1989,1450
1,SAMUEL,1990,1415
1,SAMUEL,1991,1230
1,SAMUEL,1992,1255
1,SAMUEL,1993,1145
1,SAMUEL,1994,1210
1,SAMUEL,1995,1300
1,SAMUEL,1996,1305
1,SAMUEL,1997,1475
1,SAMUEL,1998,1570
1,SAMUEL,1999,1780
1,SAMUEL,2000,2110
1,SAMUEL,2001,2170
1,SAMUEL,2002,1810
1,SAMUEL,2003,1810
1,SAMUEL,2004,1790
1,SAMUEL,2005,1745
1,SAMUËL,1977,5
1,SAMUËL,1978,5
1,SAMUËL,1980,5
1,SAMUËL,1996,5
1,SANDRINE,1973,5
1,SANDRO,1952,5
1,SANDRO,1953,5
1,SANDRO,1954,5
1,SANDRO,1957,10
1,SANDRO,1958,15
1,SANDRO,1960,10
1,SANDRO,1961,15
1,SANDRO,1962,20
1,SANDRO,1963,25
1,SANDRO,1964,20
1,SANDRO,1965,20
1,SANDRO,1966,45
1,SANDRO,1967,60
1,SANDRO,1968,45
1,SANDRO,1969,45
1,SANDRO,1970,50
1,SANDRO,1971,45
1,SANDRO,1972,85
1,SANDRO,1973,80
1,SANDRO,1974,85
1,SANDRO,1975,65
1,SANDRO,1976,45
1,SANDRO,1977,55
1,SANDRO,1978,40
1,SANDRO,1979,35
1,SANDRO,1980,40
1,SANDRO,1981,45
1,SANDRO,1982,40
1,SANDRO,1983,30
1,SANDRO,1984,40
1,SANDRO,1985,35
1,SANDRO,1986,20
1,SANDRO,1987,35
1,SANDRO,1988,35
1,SANDRO,1989,35
1,SANDRO,1990,45
1,SANDRO,1991,40
1,SANDRO,1992,30
1,SANDRO,1993,40
1,SANDRO,1994,40
1,SANDRO,1995,40
1,SANDRO,1996,45
1,SANDRO,1997,65
1,SANDRO,1998,65
1,SANDRO,1999,65
1,SANDRO,2000,70
1,SANDRO,2001,75
1,SANDRO,2002,100
1,SANDRO,2003,85
1,SANDRO,2004,75
1,SANDRO,2005,120
1,SARAH,1995,5
1,SARAH,1996,5
1,SARAH,1997,5
1,SARAH,2001,5
1,SARAH,2004,5
1,SEBASTIEN,1973,5
1,SEBASTIEN,1974,10
1,SEBASTIEN,1975,5
1,SEBASTIEN,1976,5
1,SEBASTIEN,1977,5
1,SEBASTIEN,1978,5
1,SEBASTIEN,1979,5
1,SEBASTIEN,1980,5
1,SEBASTIEN,1981,5
1,SEBASTIEN,1982,5
1,SEBASTIEN,1983,5
1,SEBASTIEN,1992,5
1,SETHA,1979,5
1,SIMON,1943,165
1,SIMON,1945,165
1,SIMON,1946,210
1,SIMON,1947,235
1,SIMON,1950,205
1,SIMON,1951,175
1,SIMON,1952,200
1,SIMON,1953,155
1,SIMON,1954,170
1,SIMON,1955,145
1,SIMON,1957,180
1,SIMON,1958,160
1,SIMON,1960,155
1,SIMON,1961,165
1,SIMON,1962,145
1,SIMON,1963,165
1,SIMON,1964,140
1,SIMON,1965,160
1,SIMON,1966,170
1,SIMON,1967,170
1,SIMON,1968,145
1,SIMON,1969,140
1,SIMON,1970,180
1,SIMON,1971,200
1,SIMON,1972,170
1,SIMON,1973,235
1,SIMON,1974,200
1,SIMON,1975,255
1,SIMON,1976,290
1,SIMON,1977,440
1,SIMON,1978,460
1,SIMON,1979,580
1,SIMON,1980,725
1,SIMON,1981,875
1,SIMON,1982,1065
1,SIMON,1983,1105
1,SIMON,1984,1245
1,SIMON,1985,1500
1,SIMON,1986,1515
1,SIMON,1987,2060
1,SIMON,1988,2050
1,SIMON,1989,2155
1,SIMON,1990,2365
1,SIMON,1991,2380
1,SIMON,1992,2185
1,SIMON,1993,2175
1,SIMON,1994,2085
1,SIMON,1995,2195
1,SIMON,1996,2150
1,SIMON,1997,1990
1,SIMON,1998,2025
1,SIMON,1999,2025
1,SIMON,2000,2120
1,SIMON,2001,2095
1,SIMON,2002,1990
1,SIMON,2003,1845
1,SIMON,2004,1910
1,SIMON,2005,1655
1,SOPHIE,1950,5
1,SOPHIE,1951,5
1,SOPHIE,1952,5
1,SOPHIE,1955,5
1,SOPHIE,1961,5
1,SOPHIE,1965,5
1,STEEVE,1962,5
1,STEEVE,1964,10
1,STEEVE,1965,5
1,STEEVE,1966,15
1,STEEVE,1967,15
1,STEEVE,1968,15
1,STEEVE,1969,55
1,STEEVE,1970,75
1,STEEVE,1971,95
1,STEEVE,1972,135
1,STEEVE,1973,170
1,STEEVE,1974,220
1,STEEVE,1975,240
1,STEEVE,1976,295
1,STEEVE,1977,370
1,STEEVE,1978,435
1,STEEVE,1979,490
1,STEEVE,1980,505
1,STEEVE,1981,570
1,STEEVE,1982,515
1,STEEVE,1983,475
1,STEEVE,1984,550
1,STEEVE,1985,465
1,STEEVE,1986,385
1,STEEVE,1987,405
1,STEEVE,1988,425
1,STEEVE,1989,355
1,STEEVE,1990,315
1,STEEVE,1991,315
1,STEEVE,1992,225
1,STEEVE,1993,230
1,STEEVE,1994,160
1,STEEVE,1995,140
1,STEEVE,1996,135
1,STEEVE,1997,115
1,STEEVE,1998,105
1,STEEVE,1999,100
1,STEEVE,2000,90
1,STEEVE,2001,100
1,STEEVE,2002,75
1,STEEVE,2003,70
1,STEEVE,2004,120
1,STEEVE,2005,75
1,STEPHANE,1968,5
1,STEPHANE,1969,5
1,STEPHANE,1970,5
1,STEPHANE,1972,10
1,STEPHANE,1973,5
1,STEPHANE,1974,5
1,STEPHANE,1975,5
1,STEPHANE,1976,5
1,STEPHANE,1977,5
1,STEPHANE,1978,5
1,STEPHANE,1979,5
1,STEPHANE,1980,5
1,STEPHANE,1981,5
1,STEPHANE,1982,5
1,STEPHANE,1983,5
1,STEPHANE,1984,5
1,STEPHANE,1985,5
1,STEPHANE,1986,5
1,STEPHANE,1987,5
1,STEVE,1946,5
1,STEVE,1947,5
1,STEVE,1950,5
1,STEVE,1951,5
1,STEVE,1952,5
1,STEVE,1953,10
1,STEVE,1954,15
1,STEVE,1955,10
1,STEVE,1957,15
1,STEVE,1958,10
1,STEVE,1960,20
1,STEVE,1961,20
1,STEVE,1962,30
1,STEVE,1963,25
1,STEVE,1964,45
1,STEVE,1965,45
1,STEVE,1966,70
1,STEVE,1967,85
1,STEVE,1968,100
1,STEVE,1969,155
1,STEVE,1970,220
1,STEVE,1971,290
1,STEVE,1972,375
1,STEVE,1973,435
1,STEVE,1974,595
1,STEVE,1975,685
1,STEVE,1976,760
1,STEVE,1977,895
1,STEVE,1978,935
1,STEVE,1979,805
1,STEVE,1980,920
1,STEVE,1981,1085
1,STEVE,1982,1065
1,STEVE,1983,935
1,STEVE,1984,990
1,STEVE,1985,940
1,STEVE,1986,885
1,STEVE,1987,875
1,STEVE,1988,820
1,STEVE,1989,765
1,STEVE,1990,725
1,STEVE,1991,705
1,STEVE,1992,570
1,STEVE,1993,390
1,STEVE,1994,415
1,STEVE,1995,465
1,STEVE,1996,350
1,STEVE,1997,300
1,STEVE,1998,340
1,STEVE,1999,240
1,STEVE,2000,245
1,STEVE,2001,200
1,STEVE,2002,125
1,STEVE,2003,85
1,STEVE,2004,75
1,STEVE,2005,65
1,STÈVE,1967,5
1,STÈVE,1968,5
1,STÈVE,1969,10
1,STÈVE,1970,5
1,STÈVE,1971,15
1,STÈVE,1972,15
1,STÈVE,1973,15
1,STÈVE,1974,25
1,STÈVE,1975,35
1,STÈVE,1976,25
1,STÈVE,1977,45
1,STÈVE,1978,30
1,STÈVE,1979,30
1,STÈVE,1980,20
1,STÈVE,1981,25
1,STÈVE,1982,25
1,STÈVE,1983,20
1,STÈVE,1984,10
1,STÈVE,1985,15
1,STÈVE,1986,15
1,STÈVE,1987,5
1,STÈVE,1988,5
1,STÈVE,1990,5
1,STÈVE,1991,5
1,STÈVE,1992,5
1,STÈVE,1997,5
1,STÈVE,1998,5
1,STÉPHANE,1943,80
1,STÉPHANE,1945,110
1,STÉPHANE,1946,115
1,STÉPHANE,1947,125
1,STÉPHANE,1950,215
1,STÉPHANE,1951,235
1,STÉPHANE,1952,330
1,STÉPHANE,1953,375
1,STÉPHANE,1954,480
1,STÉPHANE,1955,555
1,STÉPHANE,1957,1060
1,STÉPHANE,1958,1210
1,STÉPHANE,1960,2470
1,STÉPHANE,1961,3190
1,STÉPHANE,1962,3895
1,STÉPHANE,1963,5115
1,STÉPHANE,1964,6165
1,STÉPHANE,1965,7935
1,STÉPHANE,1966,9900
1,STÉPHANE,1967,12295
1,STÉPHANE,1968,14725
1,STÉPHANE,1969,17685
1,STÉPHANE,1970,21790
1,STÉPHANE,1971,23325
1,STÉPHANE,1972,20970
1,STÉPHANE,1973,19190
1,STÉPHANE,1974,18510
1,STÉPHANE,1975,15360
1,STÉPHANE,1976,12475
1,STÉPHANE,1977,11085
1,STÉPHANE,1978,8740
1,STÉPHANE,1979,7640
1,STÉPHANE,1980,6550
1,STÉPHANE,1981,5660
1,STÉPHANE,1982,5215
1,STÉPHANE,1983,4345
1,STÉPHANE,1984,3815
1,STÉPHANE,1985,3585
1,STÉPHANE,1986,3290
1,STÉPHANE,1987,2960
1,STÉPHANE,1988,2460
1,STÉPHANE,1989,2170
1,STÉPHANE,1990,1795
1,STÉPHANE,1991,1735
1,STÉPHANE,1992,1555
1,STÉPHANE,1993,1165
1,STÉPHANE,1994,1030
1,STÉPHANE,1995,925
1,STÉPHANE,1996,845
1,STÉPHANE,1997,700
1,STÉPHANE,1998,645
1,STÉPHANE,1999,580
1,STÉPHANE,2000,550
1,STÉPHANE,2001,455
1,STÉPHANE,2002,350
1,STÉPHANE,2003,310
1,STÉPHANE,2004,275
1,STÉPHANE,2005,185
1,STÉPHANIE,1972,5
1,STÉPHANIE,1974,5
1,STÉPHANIE,1975,5
1,STÉVE,1979,5
1,STÉVE,1981,5
1,SYLVIE,1950,5
1,SYLVIE,1951,5
1,SYLVIE,1952,5
1,SYLVIE,1954,5
1,SYLVIE,1955,5
1,SYLVIE,1957,5
1,SYLVIE,1958,5
1,SYLVIE,1962,5
1,SYLVIE,1967,5
1,SYLVIE,1968,5
1,SYLVIE,1970,5
1,SÉBASTIEN,1943,30
1,SÉBASTIEN,1945,30
1,SÉBASTIEN,1946,45
1,SÉBASTIEN,1947,35
1,SÉBASTIEN,1950,50
1,SÉBASTIEN,1951,45
1,SÉBASTIEN,1952,35
1,SÉBASTIEN,1953,40
1,SÉBASTIEN,1954,45
1,SÉBASTIEN,1955,45
1,SÉBASTIEN,1957,50
1,SÉBASTIEN,1958,50
1,SÉBASTIEN,1960,70
1,SÉBASTIEN,1961,70
1,SÉBASTIEN,1962,60
1,SÉBASTIEN,1963,90
1,SÉBASTIEN,1964,80
1,SÉBASTIEN,1965,135
1,SÉBASTIEN,1966,525
1,SÉBASTIEN,1967,715
1,SÉBASTIEN,1968,2620
1,SÉBASTIEN,1969,4205
1,SÉBASTIEN,1970,5865
1,SÉBASTIEN,1971,9210
1,SÉBASTIEN,1972,13745
1,SÉBASTIEN,1973,14950
1,SÉBASTIEN,1974,16220
1,SÉBASTIEN,1975,16775
1,SÉBASTIEN,1976,19280
1,SÉBASTIEN,1977,19465
1,SÉBASTIEN,1978,19100
1,SÉBASTIEN,1979,17495
1,SÉBASTIEN,1980,16475
1,SÉBASTIEN,1981,14650
1,SÉBASTIEN,1982,13545
1,SÉBASTIEN,1983,11550
1,SÉBASTIEN,1984,10400
1,SÉBASTIEN,1985,8855
1,SÉBASTIEN,1986,8150
1,SÉBASTIEN,1987,7110
1,SÉBASTIEN,1988,6065
1,SÉBASTIEN,1989,5275
1,SÉBASTIEN,1990,4540
1,SÉBASTIEN,1991,3905
1,SÉBASTIEN,1992,3515
1,SÉBASTIEN,1993,3205
1,SÉBASTIEN,1994,3185
1,SÉBASTIEN,1995,2970
1,SÉBASTIEN,1996,2585
1,SÉBASTIEN,1997,2085
1,SÉBASTIEN,1998,1820
1,SÉBASTIEN,1999,1600
1,SÉBASTIEN,2000,1310
1,SÉBASTIEN,2001,1095
1,SÉBASTIEN,2002,885
1,SÉBASTIEN,2003,725
1,SÉBASTIEN,2004,685
1,SÉBASTIEN,2005,495
1,THEOTIME,1984,5
1,THEOTIME,1985,5
1,THEOTIME,1987,5
1,THEOTIME,1989,10
1,THEOTIME,1990,15
1,THEOTIME,1991,10
1,THEOTIME,1992,15
1,THEOTIME,1993,20
1,THEOTIME,1994,20
1,THEOTIME,1995,30
1,THEOTIME,1996,25
1,THEOTIME,1997,35
1,THEOTIME,1998,40
1,THEOTIME,1999,40
1,THEOTIME,2000,70
1,THEOTIME,2001,75
1,THEOTIME,2002,85
1,THEOTIME,2003,55
1,THEOTIME,2004,70
1,THEOTIME,2005,55
1,THIBAULT,1951,5
1,THIBAULT,1955,5
1,THIBAULT,1957,25
1,THIBAULT,1958,15
1,THIBAULT,1960,30
1,THIBAULT,1961,35
1,THIBAULT,1962,35
1,THIBAULT,1963,40
1,THIBAULT,1964,45
1,THIBAULT,1965,45
1,THIBAULT,1966,40
1,THIBAULT,1967,50
1,THIBAULT,1968,35
1,THIBAULT,1969,80
1,THIBAULT,1970,110
1,THIBAULT,1971,150
1,THIBAULT,1972,165
1,THIBAULT,1973,215
1,THIBAULT,1974,200
1,THIBAULT,1975,190
1,THIBAULT,1976,210
1,THIBAULT,1977,275
1,THIBAULT,1978,280
1,THIBAULT,1979,345
1,THIBAULT,1980,490
1,THIBAULT,1981,595
1,THIBAULT,1982,710
1,THIBAULT,1983,885
1,THIBAULT,1984,1085
1,THIBAULT,1985,1040
1,THIBAULT,1986,1215
1,THIBAULT,1987,1430
1,THIBAULT,1988,1705
1,THIBAULT,1989,1840
1,THIBAULT,1990,1740
1,THIBAULT,1991,2160
1,THIBAULT,1992,2315
1,THIBAULT,1993,1995
1,THIBAULT,1994,2010
1,THIBAULT,1995,2080
1,THIBAULT,1996,2140
1,THIBAULT,1997,2045
1,THIBAULT,1998,1855
1,THIBAULT,1999,1815
1,THIBAULT,2000,1865
1,THIBAULT,2001,1755
1,THIBAULT,2002,1635
1,THIBAULT,2003,1485
1,THIBAULT,2004,1400
1,THIBAULT,2005,1185
1,THIERRY,1943,110
1,THIERRY,1945,185
1,THIERRY,1946,320
1,THIERRY,1947,520
1,THIERRY,1950,1140
1,THIERRY,1951,1330
1,THIERRY,1952,1795
1,THIERRY,1953,2410
1,THIERRY,1954,3310
1,THIERRY,1955,4265
1,THIERRY,1957,7225
1,THIERRY,1958,8400
1,THIERRY,1960,12945
1,THIERRY,1961,14500
1,THIERRY,1962,15745
1,THIERRY,1963,19020
1,THIERRY,1964,25515
1,THIERRY,1965,24540
1,THIERRY,1966,19355
1,THIERRY,1967,15750
1,THIERRY,1968,13180
1,THIERRY,1969,11520
1,THIERRY,1970,10180
1,THIERRY,1971,9425
1,THIERRY,1972,8650
1,THIERRY,1973,7070
1,THIERRY,1974,4985
1,THIERRY,1975,3785
1,THIERRY,1976,2915
1,THIERRY,1977,2565
1,THIERRY,1978,2035
1,THIERRY,1979,1760
1,THIERRY,1980,1725
1,THIERRY,1981,1570
1,THIERRY,1982,1360
1,THIERRY,1983,1130
1,THIERRY,1984,980
1,THIERRY,1985,905
1,THIERRY,1986,865
1,THIERRY,1987,730
1,THIERRY,1988,625
1,THIERRY,1989,565
1,THIERRY,1990,420
1,THIERRY,1991,415
1,THIERRY,1992,310
1,THIERRY,1993,300
1,THIERRY,1994,210
1,THIERRY,1995,195
1,THIERRY,1996,175
1,THIERRY,1997,160
1,THIERRY,1998,140
1,THIERRY,1999,125
1,THIERRY,2000,130
1,THIERRY,2001,100
1,THIERRY,2002,100
1,THIERRY,2003,95
1,THIERRY,2004,80
1,THIERRY,2005,80
1,THIÉRRY,1965,5
1,THIÉRRY,1966,5
1,THIÉRRY,1968,5
1,THIÉRRY,1971,5
1,THOMAS,1943,40
1,THOMAS,1945,60
1,THOMAS,1946,55
1,THOMAS,1947,65
1,THOMAS,1950,60
1,THOMAS,1951,75
1,THOMAS,1952,60
1,THOMAS,1953,85
1,THOMAS,1954,75
1,THOMAS,1955,110
1,THOMAS,1957,150
1,THOMAS,1958,130
1,THOMAS,1960,165
1,THOMAS,1961,170
1,THOMAS,1962,170
1,THOMAS,1963,265
1,THOMAS,1964,275
1,THOMAS,1965,275
1,THOMAS,1966,305
1,THOMAS,1967,355
1,THOMAS,1968,405
1,THOMAS,1969,525
1,THOMAS,1970,800
1,THOMAS,1971,1050
1,THOMAS,1972,1305
1,THOMAS,1973,1680
1,THOMAS,1974,2315
1,THOMAS,1975,2330
1,THOMAS,1976,2570
1,THOMAS,1977,3165
1,THOMAS,1978,3675
1,THOMAS,1979,4055
1,THOMAS,1980,4850
1,THOMAS,1981,5650
1,THOMAS,1982,5880
1,THOMAS,1983,5935
1,THOMAS,1984,6825
1,THOMAS,1985,7135
1,THOMAS,1986,8140
1,THOMAS,1987,7630
1,THOMAS,1988,8215
1,THOMAS,1989,8095
1,THOMAS,1990,9810
1,THOMAS,1991,9790
1,THOMAS,1992,9780
1,THOMAS,1993,8975
1,THOMAS,1994,8145
1,THOMAS,1995,8860
1,THOMAS,1996,9380
1,THOMAS,1997,9585
1,THOMAS,1998,9415
1,THOMAS,1999,9395
1,THOMAS,2000,10450
1,THOMAS,2001,10100
1,THOMAS,2002,8155
1,THOMAS,2003,6850
1,THOMAS,2004,6455
1,THOMAS,2005,5660
1,THÉOTIME,1992,5
1,THÉOTIME,1995,5
1,THÉOTIME,1996,5
1,THÉOTIME,1997,10
1,THÉOTIME,1998,10
1,THÉOTIME,1999,5
1,TUGDUAL,1947,5
1,TUGDUAL,1952,5
1,TUGDUAL,1953,5
1,TUGDUAL,1961,5
1,TUGDUAL,1962,5
1,TUGDUAL,1963,5
1,TUGDUAL,1964,5
1,TUGDUAL,1968,5
1,TUGDUAL,1969,5
1,TUGDUAL,1970,5
1,TUGDUAL,1971,5
1,TUGDUAL,1972,5
1,TUGDUAL,1973,10
1,TUGDUAL,1974,10
1,TUGDUAL,1975,10
1,TUGDUAL,1976,15
1,TUGDUAL,1977,15
1,TUGDUAL,1978,10
1,TUGDUAL,1979,5
1,TUGDUAL,1980,10
1,TUGDUAL,1981,15
1,TUGDUAL,1982,10
1,TUGDUAL,1983,10
1,TUGDUAL,1984,10
1,TUGDUAL,1985,10
1,TUGDUAL,1986,15
1,TUGDUAL,1987,15
1,TUGDUAL,1988,20
1,TUGDUAL,1989,15
1,TUGDUAL,1990,15
1,TUGDUAL,1991,10
1,TUGDUAL,1992,10
1,TUGDUAL,1993,10
1,TUGDUAL,1994,20
1,TUGDUAL,1995,10
1,TUGDUAL,1996,20
1,TUGDUAL,1997,20
1,TUGDUAL,1998,20
1,TUGDUAL,1999,25
1,TUGDUAL,2000,20
1,TUGDUAL,2001,20
1,TUGDUAL,2002,15
1,TUGDUAL,2003,25
1,TUGDUAL,2004,20
1,TUGDUAL,2005,20
1,UGO,1943,5
1,UGO,1951,5
1,UGO,1953,5
1,UGO,1954,5
1,UGO,1955,5
1,UGO,1960,5
1,UGO,1961,10
1,UGO,1962,10
1,UGO,1963,5
1,UGO,1964,5
1,UGO,1965,5
1,UGO,1966,5
1,UGO,1967,5
1,UGO,1968,5
1,UGO,1969,5
1,UGO,1970,10
1,UGO,1971,25
1,UGO,1972,35
1,UGO,1973,25
1,UGO,1974,30
1,UGO,1975,35
1,UGO,1976,25
1,UGO,1977,35
1,UGO,1978,35
1,UGO,1979,45
1,UGO,1980,40
1,UGO,1981,55
1,UGO,1982,50
1,UGO,1983,65
1,UGO,1984,50
1,UGO,1985,75
1,UGO,1986,85
1,UGO,1987,105
1,UGO,1988,160
1,UGO,1989,165
1,UGO,1990,175
1,UGO,1991,220
1,UGO,1992,225
1,UGO,1993,185
1,UGO,1994,175
1,UGO,1995,165
1,UGO,1996,215
1,UGO,1997,300
1,UGO,1998,345
1,UGO,1999,425
1,UGO,2000,570
1,UGO,2001,405
1,UGO,2002,680
1,UGO,2003,665
1,UGO,2004,500
1,UGO,2005,440
1,ULRICH,1943,5
1,ULRICH,1957,5
1,ULRICH,1962,5
1,ULRICH,1963,5
1,ULRICH,1965,5
1,ULRICH,1967,5
1,ULRICH,1968,5
1,ULRICH,1969,5
1,ULRICH,1971,15
1,ULRICH,1972,60
1,ULRICH,1973,95
1,ULRICH,1974,70
1,ULRICH,1975,85
1,ULRICH,1976,85
1,ULRICH,1977,85
1,ULRICH,1978,85
1,ULRICH,1979,80
1,ULRICH,1980,85
1,ULRICH,1981,65
1,ULRICH,1982,85
1,ULRICH,1983,80
1,ULRICH,1984,70
1,ULRICH,1985,75
1,ULRICH,1986,90
1,ULRICH,1987,100
1,ULRICH,1988,90
1,ULRICH,1989,70
1,ULRICH,1990,85
1,ULRICH,1991,100
1,ULRICH,1992,85
1,ULRICH,1993,70
1,ULRICH,1994,55
1,ULRICH,1995,60
1,ULRICH,1996,50
1,ULRICH,1997,60
1,ULRICH,1998,65
1,ULRICH,1999,55
1,ULRICH,2000,70
1,ULRICH,2001,55
1,ULRICH,2002,45
1,ULRICH,2003,65
1,ULRICH,2004,45
1,ULRICH,2005,40
1,VALENTIN,1943,50
1,VALENTIN,1945,35
1,VALENTIN,1946,50
1,VALENTIN,1947,45
1,VALENTIN,1950,55
1,VALENTIN,1951,55
1,VALENTIN,1952,45
1,VALENTIN,1953,50
1,VALENTIN,1954,30
1,VALENTIN,1955,50
1,VALENTIN,1957,30
1,VALENTIN,1958,60
1,VALENTIN,1960,25
1,VALENTIN,1961,35
1,VALENTIN,1962,35
1,VALENTIN,1963,50
1,VALENTIN,1964,35
1,VALENTIN,1965,40
1,VALENTIN,1966,65
1,VALENTIN,1967,35
1,VALENTIN,1968,60
1,VALENTIN,1969,50
1,VALENTIN,1970,35
1,VALENTIN,1971,45
1,VALENTIN,1972,35
1,VALENTIN,1973,60
1,VALENTIN,1974,45
1,VALENTIN,1975,60
1,VALENTIN,1976,55
1,VALENTIN,1977,90
1,VALENTIN,1978,95
1,VALENTIN,1979,100
1,VALENTIN,1980,125
1,VALENTIN,1981,195
1,VALENTIN,1982,245
1,VALENTIN,1983,255
1,VALENTIN,1984,380
1,VALENTIN,1985,505
1,VALENTIN,1986,585
1,VALENTIN,1987,745
1,VALENTIN,1988,995
1,VALENTIN,1989,1660
1,VALENTIN,1990,2325
1,VALENTIN,1991,3060
1,VALENTIN,1992,4565
1,VALENTIN,1993,4245
1,VALENTIN,1994,4685
1,VALENTIN,1995,5320
1,VALENTIN,1996,5770
1,VALENTIN,1997,5545
1,VALENTIN,1998,5600
1,VALENTIN,1999,5595
1,VALENTIN,2000,5095
1,VALENTIN,2001,4305
1,VALENTIN,2002,3850
1,VALENTIN,2003,3380
1,VALENTIN,2004,3020
1,VALENTIN,2005,2795
1,VALÉRIE,1950,5
1,VALÉRIE,1952,5
1,VALÉRIE,1954,5
1,VALÉRIE,1960,5
1,VALÉRIE,1961,5
1,VALÉRIE,1963,5
1,VALÉRIE,1965,5
1,VALÉRIE,1966,5
1,VALÉRIE,1967,5
1,VALÉRIE,1970,5
1,VALÉRIE,1971,5
1,VALÉRIE,1973,5
1,VALÉRIE,1974,5
1,VALÉRIE,1976,5
1,VICKY,1978,5
1,VICKY,1979,5
1,VICKY,1981,5
1,VICKY,1982,5
1,VICKY,1983,5
1,VICKY,1984,5
1,VICKY,1985,10
1,VICKY,1986,5
1,VICKY,1988,5
1,VICKY,1989,5
1,VICKY,1991,5
1,VICKY,1994,5
1,VICKY,1995,5
1,VICKY,1996,5
1,VICKY,1998,5
1,VICKY,2001,5
1,VICKY,2002,5
1,VICKY,2003,5
1,VINCENT,1943,210
1,VINCENT,1945,245
1,VINCENT,1946,345
1,VINCENT,1947,345
1,VINCENT,1950,570
1,VINCENT,1951,580
1,VINCENT,1952,610
1,VINCENT,1953,570
1,VINCENT,1954,620
1,VINCENT,1955,720
1,VINCENT,1957,1100
1,VINCENT,1958,1245
1,VINCENT,1960,1925
1,VINCENT,1961,2120
1,VINCENT,1962,2505
1,VINCENT,1963,2585
1,VINCENT,1964,2935
1,VINCENT,1965,3205
1,VINCENT,1966,3265
1,VINCENT,1967,3380
1,VINCENT,1968,4070
1,VINCENT,1969,4390
1,VINCENT,1970,4925
1,VINCENT,1971,5495
1,VINCENT,1972,6170
1,VINCENT,1973,5765
1,VINCENT,1974,5650
1,VINCENT,1975,5730
1,VINCENT,1976,5580
1,VINCENT,1977,6095
1,VINCENT,1978,5770
1,VINCENT,1979,6445
1,VINCENT,1980,7095
1,VINCENT,1981,7125
1,VINCENT,1982,6815
1,VINCENT,1983,6415
1,VINCENT,1984,6305
1,VINCENT,1985,6145
1,VINCENT,1986,5945
1,VINCENT,1987,5515
1,VINCENT,1988,5145
1,VINCENT,1989,5545
1,VINCENT,1990,5225
1,VINCENT,1991,5175
1,VINCENT,1992,4585
1,VINCENT,1993,4245
1,VINCENT,1994,4280
1,VINCENT,1995,4220
1,VINCENT,1996,4455
1,VINCENT,1997,3865
1,VINCENT,1998,3410
1,VINCENT,1999,3040
1,VINCENT,2000,2780
1,VINCENT,2001,2230
1,VINCENT,2002,1835
1,VINCENT,2003,1605
1,VINCENT,2004,1225
1,VINCENT,2005,1015
1,VIRGINIE,1946,5
1,VIRGINIE,1950,5
1,VIRGINIE,1951,5
1,VIRGINIE,1953,5
1,VIRGINIE,1954,5
1,VIRGINIE,1955,5
1,VIVIEN,1943,5
1,VIVIEN,1945,10
1,VIVIEN,1946,10
1,VIVIEN,1947,10
1,VIVIEN,1950,5
1,VIVIEN,1951,10
1,VIVIEN,1952,10
1,VIVIEN,1953,5
1,VIVIEN,1954,10
1,VIVIEN,1955,5
1,VIVIEN,1957,10
1,VIVIEN,1958,10
1,VIVIEN,1960,10
1,VIVIEN,1961,10
1,VIVIEN,1962,5
1,VIVIEN,1963,15
1,VIVIEN,1964,5
1,VIVIEN,1965,5
1,VIVIEN,1966,5
1,VIVIEN,1967,5
1,VIVIEN,1968,10
1,VIVIEN,1969,5
1,VIVIEN,1970,5
1,VIVIEN,1971,15
1,VIVIEN,1972,60
1,VIVIEN,1973,85
1,VIVIEN,1974,90
1,VIVIEN,1975,90
1,VIVIEN,1976,95
1,VIVIEN,1977,130
1,VIVIEN,1978,155
1,VIVIEN,1979,175
1,VIVIEN,1980,210
1,VIVIEN,1981,220
1,VIVIEN,1982,315
1,VIVIEN,1983,240
1,VIVIEN,1984,355
1,VIVIEN,1985,530
1,VIVIEN,1986,665
1,VIVIEN,1987,645
1,VIVIEN,1988,495
1,VIVIEN,1989,415
1,VIVIEN,1990,510
1,VIVIEN,1991,380
1,VIVIEN,1992,310
1,VIVIEN,1993,305
1,VIVIEN,1994,260
1,VIVIEN,1995,245
1,VIVIEN,1996,195
1,VIVIEN,1997,205
1,VIVIEN,1998,180
1,VIVIEN,1999,175
1,VIVIEN,2000,140
1,VIVIEN,2001,140
1,VIVIEN,2002,125
1,VIVIEN,2003,115
1,VIVIEN,2004,120
1,VIVIEN,2005,100
1,VÉRONIQUE,1943,5
1,VÉRONIQUE,1947,5
1,VÉRONIQUE,1951,5
1,VÉRONIQUE,1952,5
1,VÉRONIQUE,1954,5
1,VÉRONIQUE,1957,5
1,WENDY,1978,5
1,WENDY,1980,5
1,WENDY,1981,5
1,WENDY,1982,5
1,WENDY,1983,5
1,WENDY,1984,10
1,WENDY,1985,15
1,WENDY,1986,20
1,WENDY,1987,15
1,WENDY,1988,15
1,WENDY,1989,40
1,WENDY,1990,25
1,WENDY,1991,30
1,WENDY,1992,25
1,WENDY,1993,15
1,WENDY,1994,25
1,WENDY,1995,15
1,WENDY,1996,10
1,WENDY,1997,10
1,WENDY,1998,5
1,WENDY,1999,10
1,WENDY,2000,5
1,WENDY,2001,10
1,WENDY,2002,15
1,WENDY,2003,15
1,WENDY,2004,10
1,WENDY,2005,5
1,WILLIAM,1943,265
1,WILLIAM,1945,410
1,WILLIAM,1946,545
1,WILLIAM,1947,480
1,WILLIAM,1950,470
1,WILLIAM,1951,490
1,WILLIAM,1952,485
1,WILLIAM,1953,540
1,WILLIAM,1954,530
1,WILLIAM,1955,540
1,WILLIAM,1957,660
1,WILLIAM,1958,605
1,WILLIAM,1960,695
1,WILLIAM,1961,675
1,WILLIAM,1962,730
1,WILLIAM,1963,890
1,WILLIAM,1964,815
1,WILLIAM,1965,765
1,WILLIAM,1966,840
1,WILLIAM,1967,955
1,WILLIAM,1968,1080
1,WILLIAM,1969,1255
1,WILLIAM,1970,1375
1,WILLIAM,1971,1355
1,WILLIAM,1972,1275
1,WILLIAM,1973,1125
1,WILLIAM,1974,1050
1,WILLIAM,1975,975
1,WILLIAM,1976,955
1,WILLIAM,1977,975
1,WILLIAM,1978,865
1,WILLIAM,1979,990
1,WILLIAM,1980,935
1,WILLIAM,1981,855
1,WILLIAM,1982,945
1,WILLIAM,1983,1030
1,WILLIAM,1984,975
1,WILLIAM,1985,1000
1,WILLIAM,1986,1135
1,WILLIAM,1987,1145
1,WILLIAM,1988,1270
1,WILLIAM,1989,1215
1,WILLIAM,1990,1195
1,WILLIAM,1991,1275
1,WILLIAM,1992,1295
1,WILLIAM,1993,1280
1,WILLIAM,1994,1150
1,WILLIAM,1995,1140
1,WILLIAM,1996,1180
1,WILLIAM,1997,1220
1,WILLIAM,1998,1585
1,WILLIAM,1999,1600
1,WILLIAM,2000,1535
1,WILLIAM,2001,1375
1,WILLIAM,2002,1090
1,WILLIAM,2003,1075
1,WILLIAM,2004,1095
1,WILLIAM,2005,1005
1,XAVIER,1943,240
1,XAVIER,1945,230
1,XAVIER,1946,375
1,XAVIER,1947,365
1,XAVIER,1950,515
1,XAVIER,1951,575
1,XAVIER,1952,620
1,XAVIER,1953,660
1,XAVIER,1954,785
1,XAVIER,1955,870
1,XAVIER,1957,1055
1,XAVIER,1958,1135
1,XAVIER,1960,1410
1,XAVIER,1961,1575
1,XAVIER,1962,1855
1,XAVIER,1963,2020
1,XAVIER,1964,2320
1,XAVIER,1965,2485
1,XAVIER,1966,2590
1,XAVIER,1967,2790
1,XAVIER,1968,3030
1,XAVIER,1969,3185
1,XAVIER,1970,3535
1,XAVIER,1971,3965
1,XAVIER,1972,4060
1,XAVIER,1973,3900
1,XAVIER,1974,3515
1,XAVIER,1975,3015
1,XAVIER,1976,3080
1,XAVIER,1977,3150
1,XAVIER,1978,2710
1,XAVIER,1979,2950
1,XAVIER,1980,2855
1,XAVIER,1981,2835
1,XAVIER,1982,2755
1,XAVIER,1983,2155
1,XAVIER,1984,2240
1,XAVIER,1985,1995
1,XAVIER,1986,2005
1,XAVIER,1987,1910
1,XAVIER,1988,1820
1,XAVIER,1989,1555
1,XAVIER,1990,1435
1,XAVIER,1991,1300
1,XAVIER,1992,1235
1,XAVIER,1993,1060
1,XAVIER,1994,950
1,XAVIER,1995,890
1,XAVIER,1996,775
1,XAVIER,1997,770
1,XAVIER,1998,650
1,XAVIER,1999,625
1,XAVIER,2000,550
1,XAVIER,2001,480
1,XAVIER,2002,405
1,XAVIER,2003,370
1,XAVIER,2004,310
1,XAVIER,2005,270
1,YANNICK,1943,140
1,YANNICK,1945,210
1,YANNICK,1946,355
1,YANNICK,1947,450
1,YANNICK,1950,650
1,YANNICK,1951,630
1,YANNICK,1952,780
1,YANNICK,1953,1060
1,YANNICK,1954,1060
1,YANNICK,1955,1005
1,YANNICK,1957,1065
1,YANNICK,1958,1110
1,YANNICK,1960,1205
1,YANNICK,1961,1405
1,YANNICK,1962,1490
1,YANNICK,1963,1675
1,YANNICK,1964,1630
1,YANNICK,1965,1605
1,YANNICK,1966,1740
1,YANNICK,1967,1890
1,YANNICK,1968,2190
1,YANNICK,1969,2480
1,YANNICK,1970,2520
1,YANNICK,1971,2850
1,YANNICK,1972,3600
1,YANNICK,1973,3365
1,YANNICK,1974,3285
1,YANNICK,1975,2830
1,YANNICK,1976,2545
1,YANNICK,1977,2470
1,YANNICK,1978,2425
1,YANNICK,1979,2615
1,YANNICK,1980,2755
1,YANNICK,1981,2640
1,YANNICK,1982,2440
1,YANNICK,1983,2590
1,YANNICK,1984,2095
1,YANNICK,1985,1920
1,YANNICK,1986,1930
1,YANNICK,1987,1650
1,YANNICK,1988,1335
1,YANNICK,1989,1115
1,YANNICK,1990,920
1,YANNICK,1991,860
1,YANNICK,1992,705
1,YANNICK,1993,510
1,YANNICK,1994,465
1,YANNICK,1995,410
1,YANNICK,1996,365
1,YANNICK,1997,310
1,YANNICK,1998,330
1,YANNICK,1999,290
1,YANNICK,2000,270
1,YANNICK,2001,240
1,YANNICK,2002,230
1,YANNICK,2003,175
1,YANNICK,2004,175
1,YANNICK,2005,155
1,YASSIN,1964,5
1,YASSIN,1965,5
1,YASSIN,1967,5
1,YASSIN,1969,5
1,YASSIN,1970,5
1,YASSIN,1971,5
1,YASSIN,1972,10
1,YASSIN,1973,10
1,YASSIN,1974,5
1,YASSIN,1975,15
1,YASSIN,1976,15
1,YASSIN,1977,20
1,YASSIN,1978,30
1,YASSIN,1979,30
1,YASSIN,1980,40
1,YASSIN,1981,55
1,YASSIN,1982,50
1,YASSIN,1983,65
1,YASSIN,1984,50
1,YASSIN,1985,70
1,YASSIN,1986,80
1,YASSIN,1987,75
1,YASSIN,1988,85
1,YASSIN,1989,110
1,YASSIN,1990,110
1,YASSIN,1991,120
1,YASSIN,1992,150
1,YASSIN,1993,135
1,YASSIN,1994,140
1,YASSIN,1995,125
1,YASSIN,1996,120
1,YASSIN,1997,140
1,YASSIN,1998,145
1,YASSIN,1999,115
1,YASSIN,2000,135
1,YASSIN,2001,130
1,YASSIN,2002,145
1,YASSIN,2003,165
1,YASSIN,2004,155
1,YASSIN,2005,175
1,YVES,1943,4005
1,YVES,1945,4045
1,YVES,1946,6215
1,YVES,1947,6420
1,YVES,1950,6385
1,YVES,1951,6045
1,YVES,1952,5690
1,YVES,1953,6000
1,YVES,1954,6055
1,YVES,1955,5065
1,YVES,1957,5115
1,YVES,1958,4985
1,YVES,1960,4485
1,YVES,1961,4090
1,YVES,1962,3715
1,YVES,1963,3690
1,YVES,1964,3250
1,YVES,1965,3020
1,YVES,1966,2485
1,YVES,1967,2385
1,YVES,1968,2115
1,YVES,1969,1775
1,YVES,1970,1490
1,YVES,1971,1340
1,YVES,1972,1080
1,YVES,1973,880
1,YVES,1974,695
1,YVES,1975,590
1,YVES,1976,530
1,YVES,1977,480
1,YVES,1978,485
1,YVES,1979,535
1,YVES,1980,450
1,YVES,1981,440
1,YVES,1982,435
1,YVES,1983,365
1,YVES,1984,340
1,YVES,1985,310
1,YVES,1986,285
1,YVES,1987,245
1,YVES,1988,225
1,YVES,1989,215
1,YVES,1990,160
1,YVES,1991,155
1,YVES,1992,160
1,YVES,1993,110
1,YVES,1994,105
1,YVES,1995,95
1,YVES,1996,95
1,YVES,1997,95
1,YVES,1998,75
1,YVES,1999,80
1,YVES,2000,65
1,YVES,2001,65
1,YVES,2002,55
1,YVES,2003,50
1,YVES,2004,40
1,YVES,2005,45
1,ZAKARIYA,1977,5
1,ZAKARIYA,1980,5
1,ZAKARIYA,1981,5
1,ZAKARIYA,1982,10
1,ZAKARIYA,1983,5
1,ZAKARIYA,1984,5
1,ZAKARIYA,1985,5
1,ZAKARIYA,1986,5
1,ZAKARIYA,1987,5
1,ZAKARIYA,1988,5
1,ZAKARIYA,1989,10
1,ZAKARIYA,1990,10
1,ZAKARIYA,1991,10
1,ZAKARIYA,1992,15
1,ZAKARIYA,1993,15
1,ZAKARIYA,1994,20
1,ZAKARIYA,1995,25
1,ZAKARIYA,1996,15
1,ZAKARIYA,1997,30
1,ZAKARIYA,1998,35
1,ZAKARIYA,1999,25
1,ZAKARIYA,2000,35
1,ZAKARIYA,2001,50
1,ZAKARIYA,2002,50
1,ZAKARIYA,2003,40
1,ZAKARIYA,2004,45
1,ZAKARIYA,2005,65
1,ÉMILIE,2001,5
1,ÉRIC,1945,5
1,ÉRIC,1947,5
1,ÉRIC,1950,10
1,ÉRIC,1951,10
1,ÉRIC,1952,15
1,ÉRIC,1953,5
1,ÉRIC,1954,10
1,ÉRIC,1955,15
1,ÉRIC,1957,35
1,ÉRIC,1958,30
1,ÉRIC,1960,80
1,ÉRIC,1961,105
1,ÉRIC,1962,105
1,ÉRIC,1963,150
1,ÉRIC,1964,125
1,ÉRIC,1965,140
1,ÉRIC,1966,155
1,ÉRIC,1967,120
1,ÉRIC,1968,140
1,ÉRIC,1969,100
1,ÉRIC,1970,120
1,ÉRIC,1971,105
1,ÉRIC,1972,115
1,ÉRIC,1973,90
1,ÉRIC,1974,95
1,ÉRIC,1975,55
1,ÉRIC,1976,65
1,ÉRIC,1977,55
1,ÉRIC,1978,65
1,ÉRIC,1979,65
1,ÉRIC,1980,40
1,ÉRIC,1981,50
1,ÉRIC,1982,40
1,ÉRIC,1983,30
1,ÉRIC,1984,30
1,ÉRIC,1985,20
1,ÉRIC,1986,15
1,ÉRIC,1987,10
1,ÉRIC,1988,5
1,ÉRIC,1989,10
1,ÉRIC,1990,5
1,ÉRIC,1991,5
1,ÉRIC,1993,5
1,ÉRIC,1994,5
1,ÉRIC,1995,10
1,ÉRIC,1996,10
1,ÉRIC,1997,5
1,ÉRIC,1998,10
1,ÉRICK,1961,5
2,ADRIEN,1952,5
2,ADRIEN,1954,5
2,ADRIEN,2002,5
2,ADRIEN,2004,5
2,ALAIN,1950,5
2,ALAIN,1951,5
2,ALAIN,1957,5
2,ALBAN,1950,5
2,ALBAN,1953,5
2,ALBAN,1955,5
2,ALEXANDRA,1943,5
2,ALEXANDRA,1945,15
2,ALEXANDRA,1946,10
2,ALEXANDRA,1947,10
2,ALEXANDRA,1950,10
2,ALEXANDRA,1951,20
2,ALEXANDRA,1952,25
2,ALEXANDRA,1953,25
2,ALEXANDRA,1954,25
2,ALEXANDRA,1955,20
2,ALEXANDRA,1957,40
2,ALEXANDRA,1958,45
2,ALEXANDRA,1960,60
2,ALEXANDRA,1961,80
2,ALEXANDRA,1962,65
2,ALEXANDRA,1963,110
2,ALEXANDRA,1964,130
2,ALEXANDRA,1965,170
2,ALEXANDRA,1966,220
2,ALEXANDRA,1967,335
2,ALEXANDRA,1968,405
2,ALEXANDRA,1969,625
2,ALEXANDRA,1970,815
2,ALEXANDRA,1971,1755
2,ALEXANDRA,1972,3170
2,ALEXANDRA,1973,3440
2,ALEXANDRA,1974,3085
2,ALEXANDRA,1975,3110
2,ALEXANDRA,1976,3430
2,ALEXANDRA,1977,3325
2,ALEXANDRA,1978,4695
2,ALEXANDRA,1979,4635
2,ALEXANDRA,1980,4015
2,ALEXANDRA,1981,3750
2,ALEXANDRA,1982,3135
2,ALEXANDRA,1983,2790
2,ALEXANDRA,1984,2935
2,ALEXANDRA,1985,3055
2,ALEXANDRA,1986,3175
2,ALEXANDRA,1987,3000
2,ALEXANDRA,1988,2465
2,ALEXANDRA,1989,2555
2,ALEXANDRA,1990,2570
2,ALEXANDRA,1991,2280
2,ALEXANDRA,1992,2325
2,ALEXANDRA,1993,2095
2,ALEXANDRA,1994,1995
2,ALEXANDRA,1995,1690
2,ALEXANDRA,1996,1780
2,ALEXANDRA,1997,1485
2,ALEXANDRA,1998,1325
2,ALEXANDRA,1999,1125
2,ALEXANDRA,2000,1230
2,ALEXANDRA,2001,940
2,ALEXANDRA,2002,825
2,ALEXANDRA,2003,700
2,ALEXANDRA,2004,620
2,ALEXANDRA,2005,535
2,ALEXANDRE,1945,5
2,ALEXANDRE,1946,5
2,ALEXANDRE,1947,5
2,ALEXANDRE,1952,5
2,ALEXANDRE,1964,5
2,ALEXANDRE,1971,5
2,ALEXANDRE,1972,5
2,ALEXANDRE,1991,5
2,ALEXANDRE,1992,5
2,ALEXANDRE,1994,5
2,ALEXANDRE,1998,5
2,ALEXANDRE,2000,5
2,ALEXANDRE,2001,5
2,ALEXANDRE,2002,10
2,ALEXANDRE,2003,10
2,ALEXANDRE,2004,5
2,ALEXANDRE,2005,5
2,ALEXIS,1947,5
2,ALEXIS,1950,5
2,ALEXIS,1952,5
2,ALEXIS,1953,5
2,ALEXIS,1954,5
2,ALEXIS,1955,5
2,ALEXIS,1965,5
2,ALEXIS,1966,5
2,ALEXIS,1984,5
2,ALEXIS,1985,10
2,ALEXIS,1986,10
2,ALEXIS,1987,10
2,ALEXIS,1988,5
2,ALEXIS,1989,15
2,ALEXIS,1990,15
2,ALEXIS,1991,15
2,ALEXIS,1992,15
2,ALEXIS,1993,10
2,ALEXIS,1994,15
2,ALEXIS,1995,5
2,ALEXIS,1996,10
2,ALEXIS,1997,5
2,ALEXIS,1998,5
2,ALEXIS,1999,5
2,ALEXIS,2000,5
2,ALEXIS,2001,5
2,ALEXIS,2002,5
2,ALEXIS,2003,5
2,ALEXIS,2004,5
2,ALEXIS,2005,5
2,ALI,1999,5
2,ALI,2000,5
2,ALI,2002,5
2,ALICIA,1943,5
2,ALICIA,1945,5
2,ALICIA,1950,5
2,ALICIA,1951,5
2,ALICIA,1952,5
2,ALICIA,1953,5
2,ALICIA,1954,10
2,ALICIA,1955,5
2,ALICIA,1957,10
2,ALICIA,1958,10
2,ALICIA,1960,20
2,ALICIA,1961,15
2,ALICIA,1962,20
2,ALICIA,1963,25
2,ALICIA,1964,20
2,ALICIA,1965,25
2,ALICIA,1966,30
2,ALICIA,1967,30
2,ALICIA,1968,20
2,ALICIA,1969,30
2,ALICIA,1970,30
2,ALICIA,1971,30
2,ALICIA,1972,35
2,ALICIA,1973,30
2,ALICIA,1974,20
2,ALICIA,1975,40
2,ALICIA,1976,50
2,ALICIA,1977,60
2,ALICIA,1978,100
2,ALICIA,1979,110
2,ALICIA,1980,85
2,ALICIA,1981,95
2,ALICIA,1982,165
2,ALICIA,1983,225
2,ALICIA,1984,250
2,ALICIA,1985,670
2,ALICIA,1986,725
2,ALICIA,1987,595
2,ALICIA,1988,690
2,ALICIA,1989,935
2,ALICIA,1990,960
2,ALICIA,1991,1010
2,ALICIA,1992,1100
2,ALICIA,1993,1435
2,ALICIA,1994,1195
2,ALICIA,1995,1305
2,ALICIA,1996,1555
2,ALICIA,1997,1755
2,ALICIA,1998,1435
2,ALICIA,1999,1615
2,ALICIA,2000,1615
2,ALICIA,2001,1645
2,ALICIA,2002,2030
2,ALICIA,2003,1625
2,ALICIA,2004,1750
2,ALICIA,2005,1875
2,ALISEA,1997,15
2,ALISEA,1998,20
2,ALISEA,1999,25
2,ALISEA,2000,30
2,ALISEA,2001,20
2,ALISEA,2002,5
2,ALISEA,2003,20
2,ALISEA,2004,10
2,ALISEA,2005,15
2,ALISÉA,1997,10
2,ALISÉA,1998,5
2,ALIX,1943,30
2,ALIX,1945,20
2,ALIX,1946,35
2,ALIX,1947,35
2,ALIX,1950,55
2,ALIX,1951,45
2,ALIX,1952,25
2,ALIX,1953,40
2,ALIX,1954,35
2,ALIX,1955,35
2,ALIX,1957,35
2,ALIX,1958,40
2,ALIX,1960,30
2,ALIX,1961,30
2,ALIX,1962,25
2,ALIX,1963,45
2,ALIX,1964,35
2,ALIX,1965,35
2,ALIX,1966,35
2,ALIX,1967,30
2,ALIX,1968,40
2,ALIX,1969,55
2,ALIX,1970,50
2,ALIX,1971,65
2,ALIX,1972,75
2,ALIX,1973,95
2,ALIX,1974,115
2,ALIX,1975,110
2,ALIX,1976,110
2,ALIX,1977,90
2,ALIX,1978,115
2,ALIX,1979,130
2,ALIX,1980,135
2,ALIX,1981,140
2,ALIX,1982,160
2,ALIX,1983,175
2,ALIX,1984,195
2,ALIX,1985,215
2,ALIX,1986,255
2,ALIX,1987,280
2,ALIX,1988,330
2,ALIX,1989,325
2,ALIX,1990,340
2,ALIX,1991,340
2,ALIX,1992,375
2,ALIX,1993,330
2,ALIX,1994,365
2,ALIX,1995,455
2,ALIX,1996,415
2,ALIX,1997,465
2,ALIX,1998,490
2,ALIX,1999,500
2,ALIX,2000,525
2,ALIX,2001,540
2,ALIX,2002,540
2,ALIX,2003,565
2,ALIX,2004,630
2,ALIX,2005,570
2,AMANDINE,1946,5
2,AMANDINE,1952,5
2,AMANDINE,1954,5
2,AMANDINE,1955,5
2,AMANDINE,1965,5
2,AMANDINE,1966,5
2,AMANDINE,1968,5
2,AMANDINE,1969,10
2,AMANDINE,1970,5
2,AMANDINE,1971,15
2,AMANDINE,1972,90
2,AMANDINE,1973,175
2,AMANDINE,1974,195
2,AMANDINE,1975,255
2,AMANDINE,1976,345
2,AMANDINE,1977,535
2,AMANDINE,1978,960
2,AMANDINE,1979,1150
2,AMANDINE,1980,2005
2,AMANDINE,1981,2210
2,AMANDINE,1982,3680
2,AMANDINE,1983,4050
2,AMANDINE,1984,4170
2,AMANDINE,1985,4075
2,AMANDINE,1986,4930
2,AMANDINE,1987,4815
2,AMANDINE,1988,4540
2,AMANDINE,1989,4360
2,AMANDINE,1990,4225
2,AMANDINE,1991,4285
2,AMANDINE,1992,3980
2,AMANDINE,1993,3560
2,AMANDINE,1994,3380
2,AMANDINE,1995,2980
2,AMANDINE,1996,2770
2,AMANDINE,1997,2725
2,AMANDINE,1998,2675
2,AMANDINE,1999,2415
2,AMANDINE,2000,2340
2,AMANDINE,2001,2095
2,AMANDINE,2002,2330
2,AMANDINE,2003,1845
2,AMANDINE,2004,1630
2,AMANDINE,2005,1380
2,AMBRE,1952,5
2,AMBRE,1955,5
2,AMBRE,1958,5
2,AMBRE,1960,5
2,AMBRE,1963,5
2,AMBRE,1964,5
2,AMBRE,1965,5
2,AMBRE,1967,5
2,AMBRE,1968,5
2,AMBRE,1969,5
2,AMBRE,1970,20
2,AMBRE,1971,20
2,AMBRE,1972,25
2,AMBRE,1973,20
2,AMBRE,1974,25
2,AMBRE,1975,20
2,AMBRE,1976,30
2,AMBRE,1977,25
2,AMBRE,1978,35
2,AMBRE,1979,40
2,AMBRE,1980,85
2,AMBRE,1981,75
2,AMBRE,1982,70
2,AMBRE,1983,60
2,AMBRE,1984,65
2,AMBRE,1985,90
2,AMBRE,1986,155
2,AMBRE,1987,215
2,AMBRE,1988,280
2,AMBRE,1989,295
2,AMBRE,1990,295
2,AMBRE,1991,265
2,AMBRE,1992,240
2,AMBRE,1993,260
2,AMBRE,1994,305
2,AMBRE,1995,380
2,AMBRE,1996,410
2,AMBRE,1997,705
2,AMBRE,1998,790
2,AMBRE,1999,835
2,AMBRE,2000,1190
2,AMBRE,2001,1290
2,AMBRE,2002,1465
2,AMBRE,2003,1620
2,AMBRE,2004,1840
2,AMBRE,2005,2105
2,AMEL,1960,5
2,AMEL,1962,5
2,AMEL,1964,5
2,AMEL,1965,5
2,AMEL,1966,10
2,AMEL,1967,10
2,AMEL,1968,20
2,AMEL,1969,15
2,AMEL,1970,30
2,AMEL,1971,35
2,AMEL,1972,60
2,AMEL,1973,70
2,AMEL,1974,70
2,AMEL,1975,90
2,AMEL,1976,70
2,AMEL,1977,120
2,AMEL,1978,120
2,AMEL,1979,175
2,AMEL,1980,145
2,AMEL,1981,185
2,AMEL,1982,220
2,AMEL,1983,245
2,AMEL,1984,225
2,AMEL,1985,215
2,AMEL,1986,225
2,AMEL,1987,175
2,AMEL,1988,190
2,AMEL,1989,205
2,AMEL,1990,215
2,AMEL,1991,255
2,AMEL,1992,220
2,AMEL,1993,240
2,AMEL,1994,245
2,AMEL,1995,240
2,AMEL,1996,300
2,AMEL,1997,245
2,AMEL,1998,305
2,AMEL,1999,325
2,AMEL,2000,320
2,AMEL,2001,315
2,AMEL,2002,380
2,AMEL,2003,315
2,AMEL,2004,435
2,AMEL,2005,505
2,AMELIE,1990,5
2,AMÉLIE,1943,50
2,AMÉLIE,1945,55
2,AMÉLIE,1946,70
2,AMÉLIE,1947,35
2,AMÉLIE,1950,60
2,AMÉLIE,1951,50
2,AMÉLIE,1952,45
2,AMÉLIE,1953,45
2,AMÉLIE,1954,50
2,AMÉLIE,1955,45
2,AMÉLIE,1957,35
2,AMÉLIE,1958,40
2,AMÉLIE,1960,35
2,AMÉLIE,1961,40
2,AMÉLIE,1962,35
2,AMÉLIE,1963,55
2,AMÉLIE,1964,50
2,AMÉLIE,1965,45
2,AMÉLIE,1966,70
2,AMÉLIE,1967,65
2,AMÉLIE,1968,70
2,AMÉLIE,1969,80
2,AMÉLIE,1970,115
2,AMÉLIE,1971,145
2,AMÉLIE,1972,150
2,AMÉLIE,1973,230
2,AMÉLIE,1974,365
2,AMÉLIE,1975,450
2,AMÉLIE,1976,595
2,AMÉLIE,1977,825
2,AMÉLIE,1978,1170
2,AMÉLIE,1979,1560
2,AMÉLIE,1980,2095
2,AMÉLIE,1981,2790
2,AMÉLIE,1982,3245
2,AMÉLIE,1983,3250
2,AMÉLIE,1984,3290
2,AMÉLIE,1985,3335
2,AMÉLIE,1986,3370
2,AMÉLIE,1987,3335
2,AMÉLIE,1988,2705
2,AMÉLIE,1989,2655
2,AMÉLIE,1990,2835
2,AMÉLIE,1991,4215
2,AMÉLIE,1992,2625
2,AMÉLIE,1993,2375
2,AMÉLIE,1994,2330
2,AMÉLIE,1995,2180
2,AMÉLIE,1996,2210
2,AMÉLIE,1997,2345
2,AMÉLIE,1998,2655
2,AMÉLIE,1999,2580
2,AMÉLIE,2000,2200
2,AMÉLIE,2001,2055
2,AMÉLIE,2002,1760
2,AMÉLIE,2003,1515
2,AMÉLIE,2004,1335
2,AMÉLIE,2005,1150
2,ANDREA,1993,5
2,ANDREA,1998,5
2,ANDREA,1999,5
2,ANDREA,2000,5
2,ANDREA,2001,5
2,ANDREA,2002,5
2,ANDREA,2004,5
2,ANDREA,2005,5
2,ANDRÉ,1943,5
2,ANDRÉ,1945,5
2,ANDRÉ,1946,10
2,ANDRÉ,1947,5
2,ANDRÉ,1950,5
2,ANDRÉ,1951,5
2,ANDRÉ,1954,5
2,ANDRÉ,1958,5
2,ANDRÉA,1943,90
2,ANDRÉA,1945,80
2,ANDRÉA,1946,85
2,ANDRÉA,1947,55
2,ANDRÉA,1950,50
2,ANDRÉA,1951,55
2,ANDRÉA,1952,45
2,ANDRÉA,1953,60
2,ANDRÉA,1954,35
2,ANDRÉA,1955,45
2,ANDRÉA,1957,30
2,ANDRÉA,1958,50
2,ANDRÉA,1960,55
2,ANDRÉA,1961,45
2,ANDRÉA,1962,45
2,ANDRÉA,1963,45
2,ANDRÉA,1964,50
2,ANDRÉA,1965,45
2,ANDRÉA,1966,40
2,ANDRÉA,1967,30
2,ANDRÉA,1968,30
2,ANDRÉA,1969,25
2,ANDRÉA,1970,35
2,ANDRÉA,1971,25
2,ANDRÉA,1972,35
2,ANDRÉA,1973,35
2,ANDRÉA,1974,40
2,ANDRÉA,1975,30
2,ANDRÉA,1976,45
2,ANDRÉA,1977,60
2,ANDRÉA,1978,50
2,ANDRÉA,1979,55
2,ANDRÉA,1980,80
2,ANDRÉA,1981,90
2,ANDRÉA,1982,80
2,ANDRÉA,1983,95
2,ANDRÉA,1984,120
2,ANDRÉA,1985,175
2,ANDRÉA,1986,275
2,ANDRÉA,1987,295
2,ANDRÉA,1988,335
2,ANDRÉA,1989,430
2,ANDRÉA,1990,420
2,ANDRÉA,1991,525
2,ANDRÉA,1992,490
2,ANDRÉA,1993,715
2,ANDRÉA,1994,955
2,ANDRÉA,1995,1370
2,ANDRÉA,1996,1100
2,ANDRÉA,1997,1050
2,ANDRÉA,1998,1235
2,ANDRÉA,1999,1275
2,ANDRÉA,2000,1190
2,ANDRÉA,2001,1165
2,ANDRÉA,2002,990
2,ANDRÉA,2003,855
2,ANDRÉA,2004,835
2,ANDRÉA,2005,770
2,ANGELIQUE,1943,15
2,ANGELIQUE,1945,10
2,ANGELIQUE,1946,15
2,ANGELIQUE,1947,15
2,ANGELIQUE,1950,15
2,ANGELIQUE,1951,15
2,ANGELIQUE,1952,15
2,ANGELIQUE,1953,15
2,ANGELIQUE,1954,15
2,ANGELIQUE,1955,20
2,ANGELIQUE,1957,15
2,ANGELIQUE,1958,25
2,ANGELIQUE,1960,25
2,ANGELIQUE,1961,25
2,ANGELIQUE,1962,50
2,ANGELIQUE,1963,50
2,ANGELIQUE,1964,60
2,ANGELIQUE,1965,105
2,ANGELIQUE,1966,295
2,ANGELIQUE,1967,650
2,ANGELIQUE,1968,550
2,ANGELIQUE,1969,645
2,ANGELIQUE,1970,745
2,ANGELIQUE,1971,750
2,ANGELIQUE,1972,1200
2,ANGELIQUE,1973,1905
2,ANGELIQUE,1974,4175
2,ANGELIQUE,1975,3575
2,ANGELIQUE,1976,3265
2,ANGELIQUE,1977,3405
2,ANGELIQUE,1978,3105
2,ANGELIQUE,1979,3300
2,ANGELIQUE,1980,3950
2,ANGELIQUE,1981,4065
2,ANGELIQUE,1982,3760
2,ANGELIQUE,1983,3185
2,ANGELIQUE,1984,2960
2,ANGELIQUE,1985,3130
2,ANGELIQUE,1986,2690
2,ANGELIQUE,1987,2495
2,ANGELIQUE,1988,2450
2,ANGELIQUE,1989,2165
2,ANGELIQUE,1990,2105
2,ANGELIQUE,1991,1910
2,ANGELIQUE,1992,1630
2,ANGELIQUE,1993,1300
2,ANGELIQUE,1994,1225
2,ANGELIQUE,1995,955
2,ANGELIQUE,1996,765
2,ANGELIQUE,1997,600
2,ANGELIQUE,1998,515
2,ANGELIQUE,1999,550
2,ANGELIQUE,2000,545
2,ANGELIQUE,2001,395
2,ANGELIQUE,2002,330
2,ANGELIQUE,2003,275
2,ANGELIQUE,2004,255
2,ANGELIQUE,2005,215
2,ANGÈLIQUE,1973,5
2,ANGÈLIQUE,1975,5
2,ANGÈLIQUE,1976,5
2,ANGÈLIQUE,1978,5
2,ANGÈLIQUE,1979,5
2,ANGÈLIQUE,1980,5
2,ANGÈLIQUE,1981,5
2,ANGÈLIQUE,1982,5
2,ANGÈLIQUE,1983,5
2,ANGÈLIQUE,1984,5
2,ANGÈLIQUE,1985,5
2,ANGÈLIQUE,1986,5
2,ANGÈLIQUE,1987,5
2,ANGÈLIQUE,1988,5
2,ANGÈLIQUE,1990,5
2,ANGÈLIQUE,1992,5
2,ANGÈLIQUE,1996,5
2,ANGÉLIQUE,1960,5
2,ANGÉLIQUE,1963,10
2,ANGÉLIQUE,1964,5
2,ANGÉLIQUE,1965,20
2,ANGÉLIQUE,1966,50
2,ANGÉLIQUE,1967,80
2,ANGÉLIQUE,1968,90
2,ANGÉLIQUE,1969,75
2,ANGÉLIQUE,1970,105
2,ANGÉLIQUE,1971,85
2,ANGÉLIQUE,1972,190
2,ANGÉLIQUE,1973,270
2,ANGÉLIQUE,1974,590
2,ANGÉLIQUE,1975,530
2,ANGÉLIQUE,1976,565
2,ANGÉLIQUE,1977,640
2,ANGÉLIQUE,1978,600
2,ANGÉLIQUE,1979,670
2,ANGÉLIQUE,1980,890
2,ANGÉLIQUE,1981,950
2,ANGÉLIQUE,1982,920
2,ANGÉLIQUE,1983,810
2,ANGÉLIQUE,1984,890
2,ANGÉLIQUE,1985,915
2,ANGÉLIQUE,1986,805
2,ANGÉLIQUE,1987,735
2,ANGÉLIQUE,1988,695
2,ANGÉLIQUE,1989,575
2,ANGÉLIQUE,1990,435
2,ANGÉLIQUE,1991,395
2,ANGÉLIQUE,1992,255
2,ANGÉLIQUE,1993,220
2,ANGÉLIQUE,1994,215
2,ANGÉLIQUE,1995,200
2,ANGÉLIQUE,1996,255
2,ANGÉLIQUE,1997,295
2,ANGÉLIQUE,1998,235
2,ANGÉLIQUE,1999,40
2,ANGÉLIQUE,2000,10
2,ANGÉLIQUE,2001,5
2,ANGÉLIQUE,2003,10
2,ANGÉLIQUE,2004,5
2,ANGÉLIQUE,2005,5
2,ANNE-SOPHIE,1950,5
2,ANNE-SOPHIE,1952,5
2,ANNE-SOPHIE,1953,5
2,ANNE-SOPHIE,1954,5
2,ANNE-SOPHIE,1955,10
2,ANNE-SOPHIE,1957,25
2,ANNE-SOPHIE,1958,15
2,ANNE-SOPHIE,1960,45
2,ANNE-SOPHIE,1961,40
2,ANNE-SOPHIE,1962,70
2,ANNE-SOPHIE,1963,110
2,ANNE-SOPHIE,1964,125
2,ANNE-SOPHIE,1965,160
2,ANNE-SOPHIE,1966,225
2,ANNE-SOPHIE,1967,260
2,ANNE-SOPHIE,1968,325
2,ANNE-SOPHIE,1969,515
2,ANNE-SOPHIE,1970,700
2,ANNE-SOPHIE,1971,825
2,ANNE-SOPHIE,1972,920
2,ANNE-SOPHIE,1973,955
2,ANNE-SOPHIE,1974,995
2,ANNE-SOPHIE,1975,960
2,ANNE-SOPHIE,1976,1000
2,ANNE-SOPHIE,1977,1170
2,ANNE-SOPHIE,1978,1120
2,ANNE-SOPHIE,1979,1170
2,ANNE-SOPHIE,1980,1270
2,ANNE-SOPHIE,1981,1315
2,ANNE-SOPHIE,1982,1225
2,ANNE-SOPHIE,1983,1135
2,ANNE-SOPHIE,1984,1190
2,ANNE-SOPHIE,1985,1490
2,ANNE-SOPHIE,1986,1555
2,ANNE-SOPHIE,1987,1710
2,ANNE-SOPHIE,1988,1490
2,ANNE-SOPHIE,1989,1305
2,ANNE-SOPHIE,1990,1185
2,ANNE-SOPHIE,1991,1045
2,ANNE-SOPHIE,1992,855
2,ANNE-SOPHIE,1993,640
2,ANNE-SOPHIE,1994,560
2,ANNE-SOPHIE,1995,495
2,ANNE-SOPHIE,1996,415
2,ANNE-SOPHIE,1997,305
2,ANNE-SOPHIE,1998,225
2,ANNE-SOPHIE,1999,220
2,ANNE-SOPHIE,2000,200
2,ANNE-SOPHIE,2001,165
2,ANNE-SOPHIE,2002,125
2,ANNE-SOPHIE,2003,85
2,ANNE-SOPHIE,2004,65
2,ANNE-SOPHIE,2005,60
2,ANTOINE,1943,5
2,ANTOINE,1945,10
2,ANTOINE,1946,5
2,ANTOINE,1947,5
2,ANTOINE,1950,5
2,ANTOINE,1951,10
2,ANTOINE,1952,5
2,ANTOINE,1953,10
2,ANTOINE,1954,5
2,ANTOINE,1955,5
2,ANTOINE,1958,5
2,ANTOINE,1961,10
2,ANTOINE,1964,5
2,ANTOINE,2005,5
2,AUBIN,1945,5
2,AUBIN,1946,5
2,AUBIN,1947,5
2,AUBIN,1952,5
2,AUDE,1943,10
2,AUDE,1945,15
2,AUDE,1946,20
2,AUDE,1947,25
2,AUDE,1950,25
2,AUDE,1951,35
2,AUDE,1952,35
2,AUDE,1953,40
2,AUDE,1954,35
2,AUDE,1955,40
2,AUDE,1957,55
2,AUDE,1958,55
2,AUDE,1960,80
2,AUDE,1961,95
2,AUDE,1962,100
2,AUDE,1963,110
2,AUDE,1964,150
2,AUDE,1965,140
2,AUDE,1966,195
2,AUDE,1967,180
2,AUDE,1968,210
2,AUDE,1969,255
2,AUDE,1970,325
2,AUDE,1971,395
2,AUDE,1972,590
2,AUDE,1973,715
2,AUDE,1974,740
2,AUDE,1975,835
2,AUDE,1976,935
2,AUDE,1977,1320
2,AUDE,1978,1315
2,AUDE,1979,1355
2,AUDE,1980,1320
2,AUDE,1981,1290
2,AUDE,1982,1270
2,AUDE,1983,1165
2,AUDE,1984,1310
2,AUDE,1985,1245
2,AUDE,1986,1195
2,AUDE,1987,1085
2,AUDE,1988,1060
2,AUDE,1989,1005
2,AUDE,1990,855
2,AUDE,1991,785
2,AUDE,1992,670
2,AUDE,1993,575
2,AUDE,1994,545
2,AUDE,1995,560
2,AUDE,1996,490
2,AUDE,1997,460
2,AUDE,1998,430
2,AUDE,1999,385
2,AUDE,2000,345
2,AUDE,2001,315
2,AUDE,2002,305
2,AUDE,2003,265
2,AUDE,2004,230
2,AUDE,2005,200
2,AUDREY,1951,5
2,AUDREY,1954,5
2,AUDREY,1955,10
2,AUDREY,1957,5
2,AUDREY,1958,15
2,AUDREY,1960,10
2,AUDREY,1961,15
2,AUDREY,1962,35
2,AUDREY,1963,15
2,AUDREY,1964,30
2,AUDREY,1965,30
2,AUDREY,1966,60
2,AUDREY,1967,55
2,AUDREY,1968,65
2,AUDREY,1969,240
2,AUDREY,1970,200
2,AUDREY,1971,295
2,AUDREY,1972,595
2,AUDREY,1973,1315
2,AUDREY,1974,1605
2,AUDREY,1975,2485
2,AUDREY,1976,3240
2,AUDREY,1977,5150
2,AUDREY,1978,5445
2,AUDREY,1979,6125
2,AUDREY,1980,7170
2,AUDREY,1981,7280
2,AUDREY,1982,7495
2,AUDREY,1983,7390
2,AUDREY,1984,8285
2,AUDREY,1985,7590
2,AUDREY,1986,7405
2,AUDREY,1987,6640
2,AUDREY,1988,6255
2,AUDREY,1989,5775
2,AUDREY,1990,5020
2,AUDREY,1991,4455
2,AUDREY,1992,4200
2,AUDREY,1993,4055
2,AUDREY,1994,3380
2,AUDREY,1995,3070
2,AUDREY,1996,2680
2,AUDREY,1997,2465
2,AUDREY,1998,2110
2,AUDREY,1999,1825
2,AUDREY,2000,1700
2,AUDREY,2001,1555
2,AUDREY,2002,1270
2,AUDREY,2003,925
2,AUDREY,2004,845
2,AUDREY,2005,690
2,AURELIE,1977,5
2,AURELIE,1978,5
2,AURELIE,1979,5
2,AURELIE,1980,5
2,AURELIE,1981,10
2,AURELIE,1982,10
2,AURELIE,1983,15
2,AURELIE,1984,5
2,AURELIE,1985,5
2,AURELIE,1986,5
2,AURELIE,1987,5
2,AURELIE,1990,5
2,AURELIE,1991,5
2,AURELIE,1998,5
2,AURÉLIE,1943,20
2,AURÉLIE,1945,20
2,AURÉLIE,1946,25
2,AURÉLIE,1947,25
2,AURÉLIE,1950,15
2,AURÉLIE,1951,20
2,AURÉLIE,1952,25
2,AURÉLIE,1953,15
2,AURÉLIE,1954,20
2,AURÉLIE,1955,20
2,AURÉLIE,1957,20
2,AURÉLIE,1958,15
2,AURÉLIE,1960,10
2,AURÉLIE,1961,20
2,AURÉLIE,1962,20
2,AURÉLIE,1963,25
2,AURÉLIE,1964,40
2,AURÉLIE,1965,50
2,AURÉLIE,1966,75
2,AURÉLIE,1967,115
2,AURÉLIE,1968,175
2,AURÉLIE,1969,235
2,AURÉLIE,1970,315
2,AURÉLIE,1971,435
2,AURÉLIE,1972,525
2,AURÉLIE,1973,920
2,AURÉLIE,1974,995
2,AURÉLIE,1975,1675
2,AURÉLIE,1976,2815
2,AURÉLIE,1977,4355
2,AURÉLIE,1978,6160
2,AURÉLIE,1979,8795
2,AURÉLIE,1980,11190
2,AURÉLIE,1981,12355
2,AURÉLIE,1982,13670
2,AURÉLIE,1983,13920
2,AURÉLIE,1984,12885
2,AURÉLIE,1985,12565
2,AURÉLIE,1986,11310
2,AURÉLIE,1987,9880
2,AURÉLIE,1988,7885
2,AURÉLIE,1989,7625
2,AURÉLIE,1990,5950
2,AURÉLIE,1991,4960
2,AURÉLIE,1992,4005
2,AURÉLIE,1993,3065
2,AURÉLIE,1994,2580
2,AURÉLIE,1995,2285
2,AURÉLIE,1996,1955
2,AURÉLIE,1997,1655
2,AURÉLIE,1998,1385
2,AURÉLIE,1999,1235
2,AURÉLIE,2000,1145
2,AURÉLIE,2001,900
2,AURÉLIE,2002,735
2,AURÉLIE,2003,825
2,AURÉLIE,2004,565
2,AURÉLIE,2005,425
2,AURÉLIEN,1947,5
2,AURÉLIEN,1953,5
2,AURÉLIEN,1995,5
2,AVA,1955,5
2,AVA,1974,5
2,AVA,1975,5
2,AVA,1976,5
2,AVA,1986,5
2,AVA,1988,5
2,AVA,1989,5
2,AVA,1990,20
2,AVA,1991,15
2,AVA,1992,20
2,AVA,1993,20
2,AVA,1994,20
2,AVA,1995,20
2,AVA,1996,25
2,AVA,1997,30
2,AVA,1998,25
2,AVA,1999,35
2,AVA,2000,25
2,AVA,2001,35
2,AVA,2002,40
2,AVA,2003,45
2,AVA,2004,45
2,AVA,2005,95
2,BABETH,1966,5
2,BABETH,1968,5
2,BABETH,1982,5
2,BABETH,1983,5
2,BABETH,1995,5
2,BABETH,2001,5
2,BEATRICE,1965,5
2,BENJAMIN,1951,5
2,BENJAMIN,1952,5
2,BENJAMIN,1953,5
2,BENJAMIN,1955,5
2,BENJAMIN,1962,5
2,BENJAMIN,2003,5
2,BENOÎT,1946,5
2,BENOÎT,1947,5
2,BENOÎT,1951,5
2,BENOÎT,1953,5
2,BENOÎT,1954,5
2,BENOÎT,1955,5
2,BENOÎT,1958,5
2,BERNARD,1954,5
2,BERNARD,1960,5
2,BERNARD,1961,5
2,BERTRAND,1945,5
2,BERYL,1947,5
2,BERYL,1950,5
2,BERYL,1955,5
2,BERYL,1961,5
2,BERYL,1963,5
2,BERYL,1970,5
2,BERYL,1971,10
2,BERYL,1972,5
2,BERYL,1973,5
2,BERYL,1974,5
2,BERYL,1975,5
2,BERYL,1976,5
2,BERYL,1977,5
2,BERYL,1978,5
2,BERYL,1979,5
2,BERYL,1980,10
2,BERYL,1981,10
2,BERYL,1982,10
2,BERYL,1983,15
2,BERYL,1984,5
2,BERYL,1985,10
2,BERYL,1986,20
2,BERYL,1987,10
2,BERYL,1988,10
2,BERYL,1989,15
2,BERYL,1990,15
2,BERYL,1991,15
2,BERYL,1992,10
2,BERYL,1993,5
2,BERYL,1994,10
2,BERYL,1995,20
2,BERYL,1996,10
2,BERYL,1997,15
2,BERYL,1998,10
2,BERYL,1999,10
2,BERYL,2000,10
2,BERYL,2001,10
2,BERYL,2002,10
2,BERYL,2003,15
2,BERYL,2004,15
2,BERYL,2005,25
2,BRICE,1952,5
2,BRICE,1960,5
2,BRICE,1970,5
2,BRUNO,1947,5
2,BRUNO,1950,5
2,BRUNO,1951,5
2,BRUNO,1953,10
2,BRUNO,1955,5
2,BRUNO,1957,5
2,BRUNO,1958,5
2,BRUNO,1965,5
2,BÉATRICE,1943,430
2,BÉATRICE,1945,485
2,BÉATRICE,1946,855
2,BÉATRICE,1947,895
2,BÉATRICE,1950,2065
2,BÉATRICE,1951,2260
2,BÉATRICE,1952,2530
2,BÉATRICE,1953,2570
2,BÉATRICE,1954,2935
2,BÉATRICE,1955,3505
2,BÉATRICE,1957,4455
2,BÉATRICE,1958,4610
2,BÉATRICE,1960,5485
2,BÉATRICE,1961,5840
2,BÉATRICE,1962,5910
2,BÉATRICE,1963,6210
2,BÉATRICE,1964,5820
2,BÉATRICE,1965,5330
2,BÉATRICE,1966,5315
2,BÉATRICE,1967,4880
2,BÉATRICE,1968,4850
2,BÉATRICE,1969,4410
2,BÉATRICE,1970,4085
2,BÉATRICE,1971,4295
2,BÉATRICE,1972,3890
2,BÉATRICE,1973,3425
2,BÉATRICE,1974,2665
2,BÉATRICE,1975,2100
2,BÉATRICE,1976,1800
2,BÉATRICE,1977,1520
2,BÉATRICE,1978,1270
2,BÉATRICE,1979,1125
2,BÉATRICE,1980,925
2,BÉATRICE,1981,910
2,BÉATRICE,1982,715
2,BÉATRICE,1983,510
2,BÉATRICE,1984,440
2,BÉATRICE,1985,395
2,BÉATRICE,1986,360
2,BÉATRICE,1987,325
2,BÉATRICE,1988,270
2,BÉATRICE,1989,285
2,BÉATRICE,1990,250
2,BÉATRICE,1991,195
2,BÉATRICE,1992,190
2,BÉATRICE,1993,150
2,BÉATRICE,1994,130
2,BÉATRICE,1995,130
2,BÉATRICE,1996,110
2,BÉATRICE,1997,90
2,BÉATRICE,1998,105
2,BÉATRICE,1999,65
2,BÉATRICE,2000,65
2,BÉATRICE,2001,70
2,BÉATRICE,2002,70
2,BÉATRICE,2003,65
2,BÉATRICE,2004,55
2,BÉATRICE,2005,55
2,BÉRYL,1977,5
2,BÉRYL,1982,5
2,BÉRYL,1983,5
2,BÉRYL,1984,5
2,BÉRYL,1986,5
2,BÉRYL,1997,10
2,CAMILLE,1943,150
2,CAMILLE,1945,155
2,CAMILLE,1946,160
2,CAMILLE,1947,145
2,CAMILLE,1950,140
2,CAMILLE,1951,115
2,CAMILLE,1952,120
2,CAMILLE,1953,125
2,CAMILLE,1954,110
2,CAMILLE,1955,105
2,CAMILLE,1957,95
2,CAMILLE,1958,90
2,CAMILLE,1960,70
2,CAMILLE,1961,75
2,CAMILLE,1962,105
2,CAMILLE,1963,95
2,CAMILLE,1964,105
2,CAMILLE,1965,110
2,CAMILLE,1966,105
2,CAMILLE,1967,100
2,CAMILLE,1968,95
2,CAMILLE,1969,125
2,CAMILLE,1970,115
2,CAMILLE,1971,145
2,CAMILLE,1972,155
2,CAMILLE,1973,165
2,CAMILLE,1974,225
2,CAMILLE,1975,235
2,CAMILLE,1976,280
2,CAMILLE,1977,395
2,CAMILLE,1978,485
2,CAMILLE,1979,775
2,CAMILLE,1980,980
2,CAMILLE,1981,1180
2,CAMILLE,1982,1365
2,CAMILLE,1983,1390
2,CAMILLE,1984,1875
2,CAMILLE,1985,2700
2,CAMILLE,1986,2770
2,CAMILLE,1987,3090
2,CAMILLE,1988,3890
2,CAMILLE,1989,4845
2,CAMILLE,1990,5500
2,CAMILLE,1991,5695
2,CAMILLE,1992,6215
2,CAMILLE,1993,6510
2,CAMILLE,1994,7010
2,CAMILLE,1995,7330
2,CAMILLE,1996,7235
2,CAMILLE,1997,7020
2,CAMILLE,1998,7455
2,CAMILLE,1999,7185
2,CAMILLE,2000,7350
2,CAMILLE,2001,6575
2,CAMILLE,2002,5810
2,CAMILLE,2003,5350
2,CAMILLE,2004,5280
2,CAMILLE,2005,4995
2,CANDICE,1968,5
2,CANDICE,1969,15
2,CANDICE,1970,55
2,CANDICE,1971,50
2,CANDICE,1972,135
2,CANDICE,1973,115
2,CANDICE,1974,95
2,CANDICE,1975,140
2,CANDICE,1976,155
2,CANDICE,1977,175
2,CANDICE,1978,140
2,CANDICE,1979,230
2,CANDICE,1980,220
2,CANDICE,1981,230
2,CANDICE,1982,170
2,CANDICE,1983,180
2,CANDICE,1984,170
2,CANDICE,1985,150
2,CANDICE,1986,175
2,CANDICE,1987,190
2,CANDICE,1988,235
2,CANDICE,1989,205
2,CANDICE,1990,270
2,CANDICE,1991,290
2,CANDICE,1992,310
2,CANDICE,1993,255
2,CANDICE,1994,360
2,CANDICE,1995,360
2,CANDICE,1996,395
2,CANDICE,1997,380
2,CANDICE,1998,470
2,CANDICE,1999,410
2,CANDICE,2000,495
2,CANDICE,2001,515
2,CANDICE,2002,565
2,CANDICE,2003,635
2,CANDICE,2004,1465
2,CANDICE,2005,1315
2,CARINE,1943,5
2,CARINE,1950,15
2,CARINE,1951,10
2,CARINE,1952,25
2,CARINE,1953,15
2,CARINE,1954,30
2,CARINE,1955,30
2,CARINE,1957,55
2,CARINE,1958,105
2,CARINE,1960,195
2,CARINE,1961,220
2,CARINE,1962,290
2,CARINE,1963,305
2,CARINE,1964,370
2,CARINE,1965,370
2,CARINE,1966,470
2,CARINE,1967,665
2,CARINE,1968,700
2,CARINE,1969,610
2,CARINE,1970,780
2,CARINE,1971,900
2,CARINE,1972,3325
2,CARINE,1973,4230
2,CARINE,1974,3700
2,CARINE,1975,3800
2,CARINE,1976,3225
2,CARINE,1977,3010
2,CARINE,1978,2845
2,CARINE,1979,2395
2,CARINE,1980,2110
2,CARINE,1981,1915
2,CARINE,1982,1455
2,CARINE,1983,1295
2,CARINE,1984,1070
2,CARINE,1985,890
2,CARINE,1986,680
2,CARINE,1987,640
2,CARINE,1988,495
2,CARINE,1989,360
2,CARINE,1990,345
2,CARINE,1991,285
2,CARINE,1992,255
2,CARINE,1993,160
2,CARINE,1994,190
2,CARINE,1995,140
2,CARINE,1996,120
2,CARINE,1997,105
2,CARINE,1998,90
2,CARINE,1999,70
2,CARINE,2000,60
2,CARINE,2001,60
2,CARINE,2002,70
2,CARINE,2003,50
2,CARINE,2004,45
2,CARINE,2005,25
2,CARINNE,1952,5
2,CARINNE,1953,5
2,CARINNE,1954,5
2,CARINNE,1958,5
2,CARINNE,1960,25
2,CARINNE,1961,30
2,CARINNE,1962,35
2,CARINNE,1963,40
2,CARINNE,1964,35
2,CARINNE,1965,35
2,CARINNE,1966,30
2,CARINNE,1967,40
2,CARINNE,1968,45
2,CARINNE,1969,45
2,CARINNE,1970,50
2,CARINNE,1971,60
2,CARINNE,1972,100
2,CARINNE,1973,110
2,CARINNE,1974,100
2,CARINNE,1975,95
2,CARINNE,1976,70
2,CARINNE,1977,65
2,CARINNE,1978,40
2,CARINNE,1979,40
2,CARINNE,1980,30
2,CARINNE,1981,20
2,CARINNE,1982,20
2,CARINNE,1983,15
2,CARINNE,1984,10
2,CARINNE,1985,5
2,CARINNE,1986,5
2,CARINNE,1987,5
2,CARINNE,1988,5
2,CARINNE,1989,5
2,CARINNE,1990,5
2,CARINNE,1992,5
2,CARINNE,1995,5
2,CAROLE,1943,10
2,CAROLE,1945,10
2,CAROLE,1946,20
2,CAROLE,1947,65
2,CAROLE,1950,120
2,CAROLE,1951,160
2,CAROLE,1952,245
2,CAROLE,1953,505
2,CAROLE,1954,555
2,CAROLE,1955,625
2,CAROLE,1957,810
2,CAROLE,1958,1150
2,CAROLE,1960,1700
2,CAROLE,1961,2225
2,CAROLE,1962,2435
2,CAROLE,1963,2845
2,CAROLE,1964,3635
2,CAROLE,1965,4095
2,CAROLE,1966,4120
2,CAROLE,1967,4395
2,CAROLE,1968,4450
2,CAROLE,1969,5130
2,CAROLE,1970,6220
2,CAROLE,1971,5955
2,CAROLE,1972,5225
2,CAROLE,1973,5470
2,CAROLE,1974,4385
2,CAROLE,1975,3955
2,CAROLE,1976,3640
2,CAROLE,1977,3195
2,CAROLE,1978,2880
2,CAROLE,1979,2540
2,CAROLE,1980,2270
2,CAROLE,1981,2110
2,CAROLE,1982,2025
2,CAROLE,1983,1645
2,CAROLE,1984,1500
2,CAROLE,1985,1460
2,CAROLE,1986,1405
2,CAROLE,1987,1285
2,CAROLE,1988,1205
2,CAROLE,1989,985
2,CAROLE,1990,835
2,CAROLE,1991,730
2,CAROLE,1992,590
2,CAROLE,1993,465
2,CAROLE,1994,375
2,CAROLE,1995,265
2,CAROLE,1996,275
2,CAROLE,1997,215
2,CAROLE,1998,185
2,CAROLE,1999,150
2,CAROLE,2000,125
2,CAROLE,2001,90
2,CAROLE,2002,70
2,CAROLE,2003,65
2,CAROLE,2004,55
2,CAROLE,2005,45
2,CAROLINE,1943,40
2,CAROLINE,1945,35
2,CAROLINE,1946,40
2,CAROLINE,1947,65
2,CAROLINE,1950,125
2,CAROLINE,1951,155
2,CAROLINE,1952,290
2,CAROLINE,1953,290
2,CAROLINE,1954,250
2,CAROLINE,1955,295
2,CAROLINE,1957,560
2,CAROLINE,1958,770
2,CAROLINE,1960,1040
2,CAROLINE,1961,1685
2,CAROLINE,1962,1625
2,CAROLINE,1963,2000
2,CAROLINE,1964,2530
2,CAROLINE,1965,2190
2,CAROLINE,1966,2205
2,CAROLINE,1967,2210
2,CAROLINE,1968,2495
2,CAROLINE,1969,3100
2,CAROLINE,1970,3205
2,CAROLINE,1971,3295
2,CAROLINE,1972,3840
2,CAROLINE,1973,4240
2,CAROLINE,1974,4300
2,CAROLINE,1975,4500
2,CAROLINE,1976,4925
2,CAROLINE,1977,5470
2,CAROLINE,1978,6255
2,CAROLINE,1979,6215
2,CAROLINE,1980,6040
2,CAROLINE,1981,5545
2,CAROLINE,1982,5640
2,CAROLINE,1983,5275
2,CAROLINE,1984,4755
2,CAROLINE,1985,4450
2,CAROLINE,1986,4335
2,CAROLINE,1987,4025
2,CAROLINE,1988,3740
2,CAROLINE,1989,3575
2,CAROLINE,1990,3135
2,CAROLINE,1991,3015
2,CAROLINE,1992,2815
2,CAROLINE,1993,2460
2,CAROLINE,1994,2290
2,CAROLINE,1995,2060
2,CAROLINE,1996,1940
2,CAROLINE,1997,1680
2,CAROLINE,1998,1480
2,CAROLINE,1999,1385
2,CAROLINE,2000,1185
2,CAROLINE,2001,990
2,CAROLINE,2002,790
2,CAROLINE,2003,635
2,CAROLINE,2004,535
2,CAROLINE,2005,450
2,CASSANDRE,1966,5
2,CASSANDRE,1968,5
2,CASSANDRE,1970,5
2,CASSANDRE,1971,10
2,CASSANDRE,1972,10
2,CASSANDRE,1973,10
2,CASSANDRE,1974,15
2,CASSANDRE,1975,10
2,CASSANDRE,1976,10
2,CASSANDRE,1977,15
2,CASSANDRE,1978,20
2,CASSANDRE,1979,30
2,CASSANDRE,1980,35
2,CASSANDRE,1981,25
2,CASSANDRE,1982,25
2,CASSANDRE,1983,30
2,CASSANDRE,1984,25
2,CASSANDRE,1985,45
2,CASSANDRE,1986,55
2,CASSANDRE,1987,70
2,CASSANDRE,1988,125
2,CASSANDRE,1989,145
2,CASSANDRE,1990,215
2,CASSANDRE,1991,295
2,CASSANDRE,1992,345
2,CASSANDRE,1993,315
2,CASSANDRE,1994,360
2,CASSANDRE,1995,390
2,CASSANDRE,1996,385
2,CASSANDRE,1997,390
2,CASSANDRE,1998,405
2,CASSANDRE,1999,455
2,CASSANDRE,2000,505
2,CASSANDRE,2001,470
2,CASSANDRE,2002,415
2,CASSANDRE,2003,455
2,CASSANDRE,2004,435
2,CASSANDRE,2005,430
2,CATHERINE,1943,1155
2,CATHERINE,1945,1565
2,CATHERINE,1946,2505
2,CATHERINE,1947,3005
2,CATHERINE,1950,5285
2,CATHERINE,1951,5890
2,CATHERINE,1952,7400
2,CATHERINE,1953,8785
2,CATHERINE,1954,9960
2,CATHERINE,1955,12495
2,CATHERINE,1957,15430
2,CATHERINE,1958,16415
2,CATHERINE,1960,18040
2,CATHERINE,1961,19005
2,CATHERINE,1962,19705
2,CATHERINE,1963,19900
2,CATHERINE,1964,18590
2,CATHERINE,1965,16435
2,CATHERINE,1966,15105
2,CATHERINE,1967,12785
2,CATHERINE,1968,12205
2,CATHERINE,1969,11175
2,CATHERINE,1970,9985
2,CATHERINE,1971,8580
2,CATHERINE,1972,6690
2,CATHERINE,1973,5985
2,CATHERINE,1974,4370
2,CATHERINE,1975,3605
2,CATHERINE,1976,3145
2,CATHERINE,1977,2770
2,CATHERINE,1978,2300
2,CATHERINE,1979,1880
2,CATHERINE,1980,1750
2,CATHERINE,1981,1530
2,CATHERINE,1982,1205
2,CATHERINE,1983,1090
2,CATHERINE,1984,895
2,CATHERINE,1985,815
2,CATHERINE,1986,715
2,CATHERINE,1987,655
2,CATHERINE,1988,450
2,CATHERINE,1989,420
2,CATHERINE,1990,350
2,CATHERINE,1991,330
2,CATHERINE,1992,270
2,CATHERINE,1993,250
2,CATHERINE,1994,230
2,CATHERINE,1995,205
2,CATHERINE,1996,185
2,CATHERINE,1997,150
2,CATHERINE,1998,170
2,CATHERINE,1999,145
2,CATHERINE,2000,165
2,CATHERINE,2001,120
2,CATHERINE,2002,105
2,CATHERINE,2003,85
2,CATHERINE,2004,95
2,CATHERINE,2005,85
2,CATHÉRINE,1966,5
2,CECILE,1980,5
2,CECILE,1984,5
2,CELIA,1983,5
2,CELIA,1994,5
2,CELIA,1995,5
2,CELIA,2000,5
2,CELIA,2003,5
2,CELIA,2004,5
2,CELINE,1968,5
2,CELINE,1972,5
2,CELINE,1974,5
2,CELINE,1976,5
2,CELINE,1977,5
2,CELINE,1979,5
2,CELINE,1980,5
2,CELINE,1981,5
2,CELINE,1982,5
2,CELINE,1983,5
2,CELINE,1985,5
2,CELINE,1988,5
2,CELINE,1991,5
2,CELINE,1995,5
2,CELINE,2001,5
2,CHANTAL,1943,2780
2,CHANTAL,1945,4495
2,CHANTAL,1946,7390
2,CHANTAL,1947,9055
2,CHANTAL,1950,11720
2,CHANTAL,1951,11515
2,CHANTAL,1952,12300
2,CHANTAL,1953,12890
2,CHANTAL,1954,13190
2,CHANTAL,1955,12540
2,CHANTAL,1957,10300
2,CHANTAL,1958,9445
2,CHANTAL,1960,7855
2,CHANTAL,1961,7430
2,CHANTAL,1962,6830
2,CHANTAL,1963,6270
2,CHANTAL,1964,5180
2,CHANTAL,1965,4500
2,CHANTAL,1966,3605
2,CHANTAL,1967,3215
2,CHANTAL,1968,2555
2,CHANTAL,1969,2140
2,CHANTAL,1970,1695
2,CHANTAL,1971,1435
2,CHANTAL,1972,1160
2,CHANTAL,1973,990
2,CHANTAL,1974,670
2,CHANTAL,1975,520
2,CHANTAL,1976,415
2,CHANTAL,1977,360
2,CHANTAL,1978,265
2,CHANTAL,1979,240
2,CHANTAL,1980,210
2,CHANTAL,1981,170
2,CHANTAL,1982,155
2,CHANTAL,1983,135
2,CHANTAL,1984,120
2,CHANTAL,1985,95
2,CHANTAL,1986,80
2,CHANTAL,1987,60
2,CHANTAL,1988,50
2,CHANTAL,1989,35
2,CHANTAL,1990,35
2,CHANTAL,1991,45
2,CHANTAL,1992,40
2,CHANTAL,1993,30
2,CHANTAL,1994,20
2,CHANTAL,1995,30
2,CHANTAL,1996,20
2,CHANTAL,1997,15
2,CHANTAL,1998,15
2,CHANTAL,1999,20
2,CHANTAL,2000,20
2,CHANTAL,2001,15
2,CHANTAL,2002,15
2,CHANTAL,2003,15
2,CHANTAL,2004,15
2,CHANTAL,2005,5
2,CHARLAINE,1951,5
2,CHARLAINE,1953,5
2,CHARLAINE,1976,5
2,CHARLAINE,1977,5
2,CHARLAINE,1978,5
2,CHARLAINE,1980,5
2,CHARLAINE,1981,15
2,CHARLAINE,1982,10
2,CHARLAINE,1983,10
2,CHARLAINE,1984,10
2,CHARLAINE,1985,10
2,CHARLAINE,1986,25
2,CHARLAINE,1987,20
2,CHARLAINE,1988,20
2,CHARLAINE,1989,20
2,CHARLAINE,1990,20
2,CHARLAINE,1991,20
2,CHARLAINE,1992,20
2,CHARLAINE,1993,30
2,CHARLAINE,1994,25
2,CHARLAINE,1995,20
2,CHARLAINE,1996,20
2,CHARLAINE,1997,15
2,CHARLAINE,1998,10
2,CHARLAINE,1999,20
2,CHARLAINE,2000,15
2,CHARLAINE,2001,10
2,CHARLAINE,2002,5
2,CHARLAINE,2003,5
2,CHARLAINE,2004,15
2,CHARLES,1943,5
2,CHARLES,1945,5
2,CHARLES,1946,5
2,CHARLES,1951,5
2,CHARLES,1953,5
2,CHARLES,1954,5
2,CHARLES,1955,5
2,CHARLES,1964,5
2,CHARLES,1967,5
2,CHARLES,1971,5
2,CHARLES,2002,5
2,CHARLIE,1954,5
2,CHARLIE,1974,5
2,CHARLIE,1975,5
2,CHARLIE,1980,5
2,CHARLIE,1981,5
2,CHARLIE,1982,5
2,CHARLIE,1983,5
2,CHARLIE,1984,10
2,CHARLIE,1985,30
2,CHARLIE,1986,40
2,CHARLIE,1987,55
2,CHARLIE,1988,35
2,CHARLIE,1989,35
2,CHARLIE,1990,55
2,CHARLIE,1991,45
2,CHARLIE,1992,40
2,CHARLIE,1993,40
2,CHARLIE,1994,50
2,CHARLIE,1995,50
2,CHARLIE,1996,65
2,CHARLIE,1997,55
2,CHARLIE,1998,55
2,CHARLIE,1999,65
2,CHARLIE,2000,55
2,CHARLIE,2001,65
2,CHARLIE,2002,55
2,CHARLIE,2003,50
2,CHARLIE,2004,75
2,CHARLIE,2005,70
2,CHARLOTTE,1943,230
2,CHARLOTTE,1945,155
2,CHARLOTTE,1946,185
2,CHARLOTTE,1947,170
2,CHARLOTTE,1950,145
2,CHARLOTTE,1951,135
2,CHARLOTTE,1952,130
2,CHARLOTTE,1953,120
2,CHARLOTTE,1954,105
2,CHARLOTTE,1955,85
2,CHARLOTTE,1957,90
2,CHARLOTTE,1958,90
2,CHARLOTTE,1960,80
2,CHARLOTTE,1961,75
2,CHARLOTTE,1962,70
2,CHARLOTTE,1963,95
2,CHARLOTTE,1964,80
2,CHARLOTTE,1965,100
2,CHARLOTTE,1966,95
2,CHARLOTTE,1967,100
2,CHARLOTTE,1968,110
2,CHARLOTTE,1969,125
2,CHARLOTTE,1970,160
2,CHARLOTTE,1971,200
2,CHARLOTTE,1972,355
2,CHARLOTTE,1973,375
2,CHARLOTTE,1974,440
2,CHARLOTTE,1975,530
2,CHARLOTTE,1976,670
2,CHARLOTTE,1977,840
2,CHARLOTTE,1978,925
2,CHARLOTTE,1979,1035
2,CHARLOTTE,1980,1290
2,CHARLOTTE,1981,1430
2,CHARLOTTE,1982,1690
2,CHARLOTTE,1983,1595
2,CHARLOTTE,1984,1960
2,CHARLOTTE,1985,3165
2,CHARLOTTE,1986,4460
2,CHARLOTTE,1987,4595
2,CHARLOTTE,1988,4340
2,CHARLOTTE,1989,4225
2,CHARLOTTE,1990,3960
2,CHARLOTTE,1991,4160
2,CHARLOTTE,1992,3805
2,CHARLOTTE,1993,3455
2,CHARLOTTE,1994,3280
2,CHARLOTTE,1995,3220
2,CHARLOTTE,1996,3185
2,CHARLOTTE,1997,3095
2,CHARLOTTE,1998,2965
2,CHARLOTTE,1999,2890
2,CHARLOTTE,2000,2890
2,CHARLOTTE,2001,2905
2,CHARLOTTE,2002,2410
2,CHARLOTTE,2003,2300
2,CHARLOTTE,2004,2260
2,CHARLOTTE,2005,2265
2,CHARLÈNE,1953,5
2,CHARLÈNE,1954,5
2,CHARLÈNE,1955,5
2,CHARLÈNE,1957,10
2,CHARLÈNE,1958,5
2,CHARLÈNE,1961,5
2,CHARLÈNE,1962,5
2,CHARLÈNE,1963,5
2,CHARLÈNE,1964,5
2,CHARLÈNE,1965,5
2,CHARLÈNE,1969,5
2,CHARLÈNE,1971,5
2,CHARLÈNE,1972,5
2,CHARLÈNE,1973,10
2,CHARLÈNE,1974,5
2,CHARLÈNE,1975,10
2,CHARLÈNE,1976,10
2,CHARLÈNE,1977,15
2,CHARLÈNE,1978,15
2,CHARLÈNE,1979,20
2,CHARLÈNE,1980,25
2,CHARLÈNE,1981,435
2,CHARLÈNE,1982,800
2,CHARLÈNE,1983,810
2,CHARLÈNE,1984,945
2,CHARLÈNE,1985,1255
2,CHARLÈNE,1986,1760
2,CHARLÈNE,1987,1755
2,CHARLÈNE,1988,2025
2,CHARLÈNE,1989,2020
2,CHARLÈNE,1990,2195
2,CHARLÈNE,1991,2100
2,CHARLÈNE,1992,2090
2,CHARLÈNE,1993,1835
2,CHARLÈNE,1994,1715
2,CHARLÈNE,1995,1695
2,CHARLÈNE,1996,1425
2,CHARLÈNE,1997,1155
2,CHARLÈNE,1998,960
2,CHARLÈNE,1999,730
2,CHARLÈNE,2000,650
2,CHARLÈNE,2001,555
2,CHARLÈNE,2002,415
2,CHARLÈNE,2003,395
2,CHARLÈNE,2004,325
2,CHARLÈNE,2005,275
2,CHLOE,1991,5
2,CHLOE,1995,5
2,CHLOE,1998,5
2,CHLOE,2001,5
2,CHLOE,2005,5
2,CHLOÉ,1947,5
2,CHLOÉ,1963,5
2,CHLOÉ,1965,5
2,CHLOÉ,1966,10
2,CHLOÉ,1967,10
2,CHLOÉ,1968,10
2,CHLOÉ,1969,25
2,CHLOÉ,1970,25
2,CHLOÉ,1971,60
2,CHLOÉ,1972,75
2,CHLOÉ,1973,105
2,CHLOÉ,1974,125
2,CHLOÉ,1975,115
2,CHLOÉ,1976,195
2,CHLOÉ,1977,220
2,CHLOÉ,1978,270
2,CHLOÉ,1979,325
2,CHLOÉ,1980,425
2,CHLOÉ,1981,575
2,CHLOÉ,1982,710
2,CHLOÉ,1983,830
2,CHLOÉ,1984,1005
2,CHLOÉ,1985,1110
2,CHLOÉ,1986,1455
2,CHLOÉ,1987,1730
2,CHLOÉ,1988,2065
2,CHLOÉ,1989,2280
2,CHLOÉ,1990,2520
2,CHLOÉ,1991,2680
2,CHLOÉ,1992,2915
2,CHLOÉ,1993,3130
2,CHLOÉ,1994,3480
2,CHLOÉ,1995,4210
2,CHLOÉ,1996,5645
2,CHLOÉ,1997,6505
2,CHLOÉ,1998,6125
2,CHLOÉ,1999,6125
2,CHLOÉ,2000,7180
2,CHLOÉ,2001,7015
2,CHLOÉ,2002,6085
2,CHLOÉ,2003,5780
2,CHLOÉ,2004,5425
2,CHLOÉ,2005,5255
2,CHLOË,1994,5
2,CHLOË,1995,5
2,CHLOË,1997,5
2,CHLOË,1999,5
2,CHLOË,2002,5
2,CHLOË,2004,5
2,CHRISTELLE,1943,15
2,CHRISTELLE,1945,5
2,CHRISTELLE,1946,10
2,CHRISTELLE,1947,10
2,CHRISTELLE,1950,10
2,CHRISTELLE,1951,30
2,CHRISTELLE,1952,35
2,CHRISTELLE,1953,35
2,CHRISTELLE,1954,25
2,CHRISTELLE,1955,45
2,CHRISTELLE,1957,45
2,CHRISTELLE,1958,55
2,CHRISTELLE,1960,120
2,CHRISTELLE,1961,155
2,CHRISTELLE,1962,230
2,CHRISTELLE,1963,415
2,CHRISTELLE,1964,815
2,CHRISTELLE,1965,1610
2,CHRISTELLE,1966,2635
2,CHRISTELLE,1967,3695
2,CHRISTELLE,1968,5720
2,CHRISTELLE,1969,7820
2,CHRISTELLE,1970,10055
2,CHRISTELLE,1971,12045
2,CHRISTELLE,1972,13125
2,CHRISTELLE,1973,12870
2,CHRISTELLE,1974,10485
2,CHRISTELLE,1975,8605
2,CHRISTELLE,1976,8250
2,CHRISTELLE,1977,7310
2,CHRISTELLE,1978,6565
2,CHRISTELLE,1979,5690
2,CHRISTELLE,1980,4905
2,CHRISTELLE,1981,4245
2,CHRISTELLE,1982,3685
2,CHRISTELLE,1983,3205
2,CHRISTELLE,1984,3330
2,CHRISTELLE,1985,3325
2,CHRISTELLE,1986,2740
2,CHRISTELLE,1987,2075
2,CHRISTELLE,1988,1600
2,CHRISTELLE,1989,1265
2,CHRISTELLE,1990,1155
2,CHRISTELLE,1991,935
2,CHRISTELLE,1992,785
2,CHRISTELLE,1993,570
2,CHRISTELLE,1994,515
2,CHRISTELLE,1995,420
2,CHRISTELLE,1996,315
2,CHRISTELLE,1997,280
2,CHRISTELLE,1998,220
2,CHRISTELLE,1999,175
2,CHRISTELLE,2000,155
2,CHRISTELLE,2001,135
2,CHRISTELLE,2002,95
2,CHRISTELLE,2003,110
2,CHRISTELLE,2004,100
2,CHRISTELLE,2005,75
2,CHRISTIAN,1946,10
2,CHRISTIAN,1947,5
2,CHRISTIAN,1950,5
2,CHRISTIAN,1951,5
2,CHRISTIAN,1953,5
2,CHRISTINA,1943,5
2,CHRISTINA,1945,15
2,CHRISTINA,1946,5
2,CHRISTINA,1947,5
2,CHRISTINA,1950,15
2,CHRISTINA,1951,10
2,CHRISTINA,1952,25
2,CHRISTINA,1953,20
2,CHRISTINA,1954,20
2,CHRISTINA,1955,30
2,CHRISTINA,1957,30
2,CHRISTINA,1958,25
2,CHRISTINA,1960,55
2,CHRISTINA,1961,35
2,CHRISTINA,1962,45
2,CHRISTINA,1963,45
2,CHRISTINA,1964,55
2,CHRISTINA,1965,55
2,CHRISTINA,1966,65
2,CHRISTINA,1967,75
2,CHRISTINA,1968,115
2,CHRISTINA,1969,145
2,CHRISTINA,1970,195
2,CHRISTINA,1971,210
2,CHRISTINA,1972,315
2,CHRISTINA,1973,250
2,CHRISTINA,1974,270
2,CHRISTINA,1975,250
2,CHRISTINA,1976,200
2,CHRISTINA,1977,205
2,CHRISTINA,1978,135
2,CHRISTINA,1979,145
2,CHRISTINA,1980,135
2,CHRISTINA,1981,115
2,CHRISTINA,1982,95
2,CHRISTINA,1983,80
2,CHRISTINA,1984,70
2,CHRISTINA,1985,100
2,CHRISTINA,1986,345
2,CHRISTINA,1987,225
2,CHRISTINA,1988,175
2,CHRISTINA,1989,170
2,CHRISTINA,1990,205
2,CHRISTINA,1991,230
2,CHRISTINA,1992,150
2,CHRISTINA,1993,165
2,CHRISTINA,1994,175
2,CHRISTINA,1995,120
2,CHRISTINA,1996,135
2,CHRISTINA,1997,110
2,CHRISTINA,1998,105
2,CHRISTINA,1999,100
2,CHRISTINA,2000,100
2,CHRISTINA,2001,80
2,CHRISTINA,2002,75
2,CHRISTINA,2003,65
2,CHRISTINA,2004,70
2,CHRISTINA,2005,85
2,CHRISTINE,1943,550
2,CHRISTINE,1945,710
2,CHRISTINE,1946,1055
2,CHRISTINE,1947,1375
2,CHRISTINE,1950,3315
2,CHRISTINE,1951,3810
2,CHRISTINE,1952,4905
2,CHRISTINE,1953,6290
2,CHRISTINE,1954,6920
2,CHRISTINE,1955,7965
2,CHRISTINE,1957,10590
2,CHRISTINE,1958,11385
2,CHRISTINE,1960,15155
2,CHRISTINE,1961,15580
2,CHRISTINE,1962,14770
2,CHRISTINE,1963,16115
2,CHRISTINE,1964,16040
2,CHRISTINE,1965,14900
2,CHRISTINE,1966,13020
2,CHRISTINE,1967,11465
2,CHRISTINE,1968,10815
2,CHRISTINE,1969,9790
2,CHRISTINE,1970,8550
2,CHRISTINE,1971,6945
2,CHRISTINE,1972,5805
2,CHRISTINE,1973,4960
2,CHRISTINE,1974,3680
2,CHRISTINE,1975,3055
2,CHRISTINE,1976,2385
2,CHRISTINE,1977,2035
2,CHRISTINE,1978,1655
2,CHRISTINE,1979,1490
2,CHRISTINE,1980,1290
2,CHRISTINE,1981,1105
2,CHRISTINE,1982,1015
2,CHRISTINE,1983,895
2,CHRISTINE,1984,680
2,CHRISTINE,1985,560
2,CHRISTINE,1986,490
2,CHRISTINE,1987,370
2,CHRISTINE,1988,315
2,CHRISTINE,1989,225
2,CHRISTINE,1990,190
2,CHRISTINE,1991,205
2,CHRISTINE,1992,185
2,CHRISTINE,1993,155
2,CHRISTINE,1994,170
2,CHRISTINE,1995,140
2,CHRISTINE,1996,110
2,CHRISTINE,1997,100
2,CHRISTINE,1998,100
2,CHRISTINE,1999,95
2,CHRISTINE,2000,100
2,CHRISTINE,2001,85
2,CHRISTINE,2002,75
2,CHRISTINE,2003,60
2,CHRISTINE,2004,80
2,CHRISTINE,2005,55
2,CHRISTOPHE,1943,5
2,CHRISTOPHE,1946,5
2,CHRISTOPHE,1947,5
2,CHRISTOPHE,1951,5
2,CHRISTOPHE,1952,5
2,CHRISTOPHE,1953,5
2,CINDY,1957,10
2,CINDY,1958,5
2,CINDY,1960,10
2,CINDY,1961,10
2,CINDY,1962,10
2,CINDY,1963,5
2,CINDY,1964,5
2,CINDY,1966,5
2,CINDY,1968,5
2,CINDY,1970,5
2,CINDY,1972,5
2,CINDY,1973,10
2,CINDY,1974,15
2,CINDY,1975,20
2,CINDY,1976,1240
2,CINDY,1977,1365
2,CINDY,1978,1385
2,CINDY,1979,2015
2,CINDY,1980,2555
2,CINDY,1981,3110
2,CINDY,1982,3335
2,CINDY,1983,3050
2,CINDY,1984,3615
2,CINDY,1985,3525
2,CINDY,1986,3460
2,CINDY,1987,3665
2,CINDY,1988,3345
2,CINDY,1989,3210
2,CINDY,1990,3300
2,CINDY,1991,3240
2,CINDY,1992,2965
2,CINDY,1993,3150
2,CINDY,1994,2800
2,CINDY,1995,2120
2,CINDY,1996,1350
2,CINDY,1997,1035
2,CINDY,1998,835
2,CINDY,1999,735
2,CINDY,2000,605
2,CINDY,2001,500
2,CINDY,2002,445
2,CINDY,2003,365
2,CINDY,2004,275
2,CINDY,2005,245
2,CLAIRE,1943,475
2,CLAIRE,1945,525
2,CLAIRE,1946,780
2,CLAIRE,1947,805
2,CLAIRE,1950,1040
2,CLAIRE,1951,1045
2,CLAIRE,1952,995
2,CLAIRE,1953,995
2,CLAIRE,1954,1050
2,CLAIRE,1955,1185
2,CLAIRE,1957,1215
2,CLAIRE,1958,1225
2,CLAIRE,1960,1415
2,CLAIRE,1961,1505
2,CLAIRE,1962,1660
2,CLAIRE,1963,1555
2,CLAIRE,1964,1670
2,CLAIRE,1965,1645
2,CLAIRE,1966,1835
2,CLAIRE,1967,1760
2,CLAIRE,1968,1855
2,CLAIRE,1969,1915
2,CLAIRE,1970,1765
2,CLAIRE,1971,2025
2,CLAIRE,1972,2195
2,CLAIRE,1973,2315
2,CLAIRE,1974,1965
2,CLAIRE,1975,2025
2,CLAIRE,1976,2040
2,CLAIRE,1977,2280
2,CLAIRE,1978,2305
2,CLAIRE,1979,2470
2,CLAIRE,1980,2750
2,CLAIRE,1981,3590
2,CLAIRE,1982,3745
2,CLAIRE,1983,3840
2,CLAIRE,1984,3930
2,CLAIRE,1985,3760
2,CLAIRE,1986,3730
2,CLAIRE,1987,3770
2,CLAIRE,1988,3375
2,CLAIRE,1989,3265
2,CLAIRE,1990,3115
2,CLAIRE,1991,2830
2,CLAIRE,1992,2995
2,CLAIRE,1993,2780
2,CLAIRE,1994,2990
2,CLAIRE,1995,2840
2,CLAIRE,1996,2465
2,CLAIRE,1997,2205
2,CLAIRE,1998,2055
2,CLAIRE,1999,1945
2,CLAIRE,2000,1630
2,CLAIRE,2001,1340
2,CLAIRE,2002,1110
2,CLAIRE,2003,1005
2,CLAIRE,2004,790
2,CLAIRE,2005,735
2,CLARISSE,1943,15
2,CLARISSE,1945,15
2,CLARISSE,1946,35
2,CLARISSE,1947,35
2,CLARISSE,1950,50
2,CLARISSE,1951,60
2,CLARISSE,1952,75
2,CLARISSE,1953,80
2,CLARISSE,1954,110
2,CLARISSE,1955,130
2,CLARISSE,1957,145
2,CLARISSE,1958,150
2,CLARISSE,1960,160
2,CLARISSE,1961,190
2,CLARISSE,1962,200
2,CLARISSE,1963,260
2,CLARISSE,1964,240
2,CLARISSE,1965,185
2,CLARISSE,1966,245
2,CLARISSE,1967,235
2,CLARISSE,1968,315
2,CLARISSE,1969,400
2,CLARISSE,1970,485
2,CLARISSE,1971,410
2,CLARISSE,1972,395
2,CLARISSE,1973,340
2,CLARISSE,1974,275
2,CLARISSE,1975,235
2,CLARISSE,1976,240
2,CLARISSE,1977,240
2,CLARISSE,1978,250
2,CLARISSE,1979,270
2,CLARISSE,1980,290
2,CLARISSE,1981,330
2,CLARISSE,1982,275
2,CLARISSE,1983,315
2,CLARISSE,1984,355
2,CLARISSE,1985,335
2,CLARISSE,1986,325
2,CLARISSE,1987,315
2,CLARISSE,1988,330
2,CLARISSE,1989,320
2,CLARISSE,1990,370
2,CLARISSE,1991,425
2,CLARISSE,1992,420
2,CLARISSE,1993,500
2,CLARISSE,1994,495
2,CLARISSE,1995,580
2,CLARISSE,1996,630
2,CLARISSE,1997,740
2,CLARISSE,1998,720
2,CLARISSE,1999,820
2,CLARISSE,2000,875
2,CLARISSE,2001,940
2,CLARISSE,2002,895
2,CLARISSE,2003,840
2,CLARISSE,2004,770
2,CLARISSE,2005,705
2,CLAUDE,1943,1480
2,CLAUDE,1945,1405
2,CLAUDE,1946,1865
2,CLAUDE,1947,1895
2,CLAUDE,1950,1690
2,CLAUDE,1951,1550
2,CLAUDE,1952,1520
2,CLAUDE,1953,1310
2,CLAUDE,1954,1220
2,CLAUDE,1955,1245
2,CLAUDE,1957,1105
2,CLAUDE,1958,940
2,CLAUDE,1960,795
2,CLAUDE,1961,740
2,CLAUDE,1962,645
2,CLAUDE,1963,670
2,CLAUDE,1964,575
2,CLAUDE,1965,475
2,CLAUDE,1966,435
2,CLAUDE,1967,415
2,CLAUDE,1968,330
2,CLAUDE,1969,300
2,CLAUDE,1970,280
2,CLAUDE,1971,265
2,CLAUDE,1972,240
2,CLAUDE,1973,225
2,CLAUDE,1974,160
2,CLAUDE,1975,120
2,CLAUDE,1976,110
2,CLAUDE,1977,80
2,CLAUDE,1978,100
2,CLAUDE,1979,75
2,CLAUDE,1980,80
2,CLAUDE,1981,65
2,CLAUDE,1982,50
2,CLAUDE,1983,50
2,CLAUDE,1984,30
2,CLAUDE,1985,40
2,CLAUDE,1986,35
2,CLAUDE,1987,25
2,CLAUDE,1988,20
2,CLAUDE,1989,20
2,CLAUDE,1990,25
2,CLAUDE,1991,20
2,CLAUDE,1992,15
2,CLAUDE,1993,10
2,CLAUDE,1994,5
2,CLAUDE,1995,5
2,CLAUDE,1996,10
2,CLAUDE,1997,15
2,CLAUDE,1998,10
2,CLAUDE,1999,5
2,CLAUDE,2000,5
2,CLAUDE,2001,10
2,CLAUDE,2002,5
2,CLAUDE,2003,5
2,CLAUDE,2004,10
2,CLAUDE,2005,5
2,CLAUDIA,1943,25
2,CLAUDIA,1945,25
2,CLAUDIA,1946,30
2,CLAUDIA,1947,35
2,CLAUDIA,1950,30
2,CLAUDIA,1951,30
2,CLAUDIA,1952,60
2,CLAUDIA,1953,45
2,CLAUDIA,1954,45
2,CLAUDIA,1955,65
2,CLAUDIA,1957,60
2,CLAUDIA,1958,55
2,CLAUDIA,1960,65
2,CLAUDIA,1961,95
2,CLAUDIA,1962,145
2,CLAUDIA,1963,230
2,CLAUDIA,1964,250
2,CLAUDIA,1965,255
2,CLAUDIA,1966,290
2,CLAUDIA,1967,260
2,CLAUDIA,1968,260
2,CLAUDIA,1969,250
2,CLAUDIA,1970,285
2,CLAUDIA,1971,330
2,CLAUDIA,1972,325
2,CLAUDIA,1973,310
2,CLAUDIA,1974,245
2,CLAUDIA,1975,260
2,CLAUDIA,1976,185
2,CLAUDIA,1977,225
2,CLAUDIA,1978,235
2,CLAUDIA,1979,215
2,CLAUDIA,1980,245
2,CLAUDIA,1981,250
2,CLAUDIA,1982,210
2,CLAUDIA,1983,200
2,CLAUDIA,1984,295
2,CLAUDIA,1985,295
2,CLAUDIA,1986,280
2,CLAUDIA,1987,260
2,CLAUDIA,1988,260
2,CLAUDIA,1989,205
2,CLAUDIA,1990,220
2,CLAUDIA,1991,205
2,CLAUDIA,1992,215
2,CLAUDIA,1993,310
2,CLAUDIA,1994,295
2,CLAUDIA,1995,335
2,CLAUDIA,1996,275
2,CLAUDIA,1997,260
2,CLAUDIA,1998,225
2,CLAUDIA,1999,190
2,CLAUDIA,2000,175
2,CLAUDIA,2001,180
2,CLAUDIA,2002,160
2,CLAUDIA,2003,155
2,CLAUDIA,2004,125
2,CLAUDIA,2005,105
2,CLEMENCE,1999,5
2,CLÉMENCE,1943,60
2,CLÉMENCE,1945,50
2,CLÉMENCE,1946,60
2,CLÉMENCE,1947,65
2,CLÉMENCE,1950,65
2,CLÉMENCE,1951,55
2,CLÉMENCE,1952,40
2,CLÉMENCE,1953,40
2,CLÉMENCE,1954,45
2,CLÉMENCE,1955,35
2,CLÉMENCE,1957,35
2,CLÉMENCE,1958,40
2,CLÉMENCE,1960,25
2,CLÉMENCE,1961,25
2,CLÉMENCE,1962,30
2,CLÉMENCE,1963,35
2,CLÉMENCE,1964,25
2,CLÉMENCE,1965,40
2,CLÉMENCE,1966,35
2,CLÉMENCE,1967,35
2,CLÉMENCE,1968,35
2,CLÉMENCE,1969,40
2,CLÉMENCE,1970,40
2,CLÉMENCE,1971,35
2,CLÉMENCE,1972,50
2,CLÉMENCE,1973,55
2,CLÉMENCE,1974,55
2,CLÉMENCE,1975,85
2,CLÉMENCE,1976,90
2,CLÉMENCE,1977,180
2,CLÉMENCE,1978,245
2,CLÉMENCE,1979,300
2,CLÉMENCE,1980,445
2,CLÉMENCE,1981,580
2,CLÉMENCE,1982,630
2,CLÉMENCE,1983,715
2,CLÉMENCE,1984,800
2,CLÉMENCE,1985,1035
2,CLÉMENCE,1986,1125
2,CLÉMENCE,1987,1255
2,CLÉMENCE,1988,1525
2,CLÉMENCE,1989,1730
2,CLÉMENCE,1990,2225
2,CLÉMENCE,1991,2190
2,CLÉMENCE,1992,1990
2,CLÉMENCE,1993,1885
2,CLÉMENCE,1994,1865
2,CLÉMENCE,1995,2090
2,CLÉMENCE,1996,2070
2,CLÉMENCE,1997,2200
2,CLÉMENCE,1998,2340
2,CLÉMENCE,1999,2015
2,CLÉMENCE,2000,2290
2,CLÉMENCE,2001,2270
2,CLÉMENCE,2002,2225
2,CLÉMENCE,2003,1780
2,CLÉMENCE,2004,1685
2,CLÉMENCE,2005,2005
2,CLÉMENTINE,1943,20
2,CLÉMENTINE,1945,15
2,CLÉMENTINE,1946,25
2,CLÉMENTINE,1947,30
2,CLÉMENTINE,1950,25
2,CLÉMENTINE,1951,25
2,CLÉMENTINE,1952,15
2,CLÉMENTINE,1953,20
2,CLÉMENTINE,1954,10
2,CLÉMENTINE,1955,15
2,CLÉMENTINE,1957,20
2,CLÉMENTINE,1958,25
2,CLÉMENTINE,1960,15
2,CLÉMENTINE,1961,10
2,CLÉMENTINE,1962,20
2,CLÉMENTINE,1963,20
2,CLÉMENTINE,1964,15
2,CLÉMENTINE,1965,30
2,CLÉMENTINE,1966,20
2,CLÉMENTINE,1967,20
2,CLÉMENTINE,1968,15
2,CLÉMENTINE,1969,20
2,CLÉMENTINE,1970,30
2,CLÉMENTINE,1971,45
2,CLÉMENTINE,1972,40
2,CLÉMENTINE,1973,45
2,CLÉMENTINE,1974,65
2,CLÉMENTINE,1975,65
2,CLÉMENTINE,1976,90
2,CLÉMENTINE,1977,115
2,CLÉMENTINE,1978,195
2,CLÉMENTINE,1979,205
2,CLÉMENTINE,1980,200
2,CLÉMENTINE,1981,230
2,CLÉMENTINE,1982,265
2,CLÉMENTINE,1983,295
2,CLÉMENTINE,1984,390
2,CLÉMENTINE,1985,415
2,CLÉMENTINE,1986,880
2,CLÉMENTINE,1987,810
2,CLÉMENTINE,1988,870
2,CLÉMENTINE,1989,885
2,CLÉMENTINE,1990,885
2,CLÉMENTINE,1991,860
2,CLÉMENTINE,1992,890
2,CLÉMENTINE,1993,765
2,CLÉMENTINE,1994,895
2,CLÉMENTINE,1995,915
2,CLÉMENTINE,1996,830
2,CLÉMENTINE,1997,890
2,CLÉMENTINE,1998,895
2,CLÉMENTINE,1999,800
2,CLÉMENTINE,2000,795
2,CLÉMENTINE,2001,810
2,CLÉMENTINE,2002,825
2,CLÉMENTINE,2003,645
2,CLÉMENTINE,2004,670
2,CLÉMENTINE,2005,720
2,CORINNE,1943,30
2,CORINNE,1945,25
2,CORINNE,1946,45
2,CORINNE,1947,95
2,CORINNE,1950,265
2,CORINNE,1951,310
2,CORINNE,1952,540
2,CORINNE,1953,720
2,CORINNE,1954,1025
2,CORINNE,1955,1280
2,CORINNE,1957,2290
2,CORINNE,1958,3205
2,CORINNE,1960,6150
2,CORINNE,1961,7770
2,CORINNE,1962,9600
2,CORINNE,1963,12535
2,CORINNE,1964,11785
2,CORINNE,1965,11185
2,CORINNE,1966,11595
2,CORINNE,1967,12380
2,CORINNE,1968,11030
2,CORINNE,1969,9530
2,CORINNE,1970,8020
2,CORINNE,1971,7525
2,CORINNE,1972,5865
2,CORINNE,1973,4585
2,CORINNE,1974,3350
2,CORINNE,1975,2310
2,CORINNE,1976,1885
2,CORINNE,1977,1520
2,CORINNE,1978,1250
2,CORINNE,1979,1075
2,CORINNE,1980,885
2,CORINNE,1981,805
2,CORINNE,1982,630
2,CORINNE,1983,550
2,CORINNE,1984,430
2,CORINNE,1985,365
2,CORINNE,1986,310
2,CORINNE,1987,245
2,CORINNE,1988,195
2,CORINNE,1989,170
2,CORINNE,1990,125
2,CORINNE,1991,95
2,CORINNE,1992,85
2,CORINNE,1993,75
2,CORINNE,1994,50
2,CORINNE,1995,45
2,CORINNE,1996,50
2,CORINNE,1997,30
2,CORINNE,1998,30
2,CORINNE,1999,35
2,CORINNE,2000,35
2,CORINNE,2001,20
2,CORINNE,2002,15
2,CORINNE,2003,20
2,CORINNE,2004,10
2,CORINNE,2005,5
2,COUMBA,1972,5
2,COUMBA,1973,5
2,COUMBA,1975,5
2,COUMBA,1976,10
2,COUMBA,1977,15
2,COUMBA,1978,25
2,COUMBA,1979,25
2,COUMBA,1980,15
2,COUMBA,1981,20
2,COUMBA,1982,30
2,COUMBA,1983,60
2,COUMBA,1984,45
2,COUMBA,1985,35
2,COUMBA,1986,40
2,COUMBA,1987,40
2,COUMBA,1988,35
2,COUMBA,1989,30
2,COUMBA,1990,35
2,COUMBA,1991,35
2,COUMBA,1992,35
2,COUMBA,1993,35
2,COUMBA,1994,40
2,COUMBA,1995,30
2,COUMBA,1996,25
2,COUMBA,1997,30
2,COUMBA,1998,30
2,COUMBA,1999,35
2,COUMBA,2000,30
2,COUMBA,2001,40
2,COUMBA,2002,45
2,COUMBA,2003,40
2,COUMBA,2004,45
2,COUMBA,2005,60
2,CYNTHIA,1950,5
2,CYNTHIA,1951,5
2,CYNTHIA,1952,5
2,CYNTHIA,1953,15
2,CYNTHIA,1954,25
2,CYNTHIA,1955,30
2,CYNTHIA,1957,40
2,CYNTHIA,1958,35
2,CYNTHIA,1960,30
2,CYNTHIA,1961,40
2,CYNTHIA,1962,25
2,CYNTHIA,1963,25
2,CYNTHIA,1964,30
2,CYNTHIA,1965,25
2,CYNTHIA,1966,25
2,CYNTHIA,1967,30
2,CYNTHIA,1968,20
2,CYNTHIA,1969,35
2,CYNTHIA,1970,80
2,CYNTHIA,1971,60
2,CYNTHIA,1972,75
2,CYNTHIA,1973,105
2,CYNTHIA,1974,315
2,CYNTHIA,1975,385
2,CYNTHIA,1976,495
2,CYNTHIA,1977,495
2,CYNTHIA,1978,490
2,CYNTHIA,1979,555
2,CYNTHIA,1980,575
2,CYNTHIA,1981,685
2,CYNTHIA,1982,655
2,CYNTHIA,1983,560
2,CYNTHIA,1984,725
2,CYNTHIA,1985,805
2,CYNTHIA,1986,820
2,CYNTHIA,1987,785
2,CYNTHIA,1988,905
2,CYNTHIA,1989,1265
2,CYNTHIA,1990,1180
2,CYNTHIA,1991,1110
2,CYNTHIA,1992,1065
2,CYNTHIA,1993,880
2,CYNTHIA,1994,815
2,CYNTHIA,1995,715
2,CYNTHIA,1996,785
2,CYNTHIA,1997,715
2,CYNTHIA,1998,630
2,CYNTHIA,1999,500
2,CYNTHIA,2000,420
2,CYNTHIA,2001,315
2,CYNTHIA,2002,295
2,CYNTHIA,2003,240
2,CYNTHIA,2004,215
2,CYNTHIA,2005,195
2,CYRIL,1974,5
2,CÉCILE,1943,555
2,CÉCILE,1945,545
2,CÉCILE,1946,660
2,CÉCILE,1947,735
2,CÉCILE,1950,745
2,CÉCILE,1951,740
2,CÉCILE,1952,695
2,CÉCILE,1953,660
2,CÉCILE,1954,615
2,CÉCILE,1955,635
2,CÉCILE,1957,730
2,CÉCILE,1958,760
2,CÉCILE,1960,905
2,CÉCILE,1961,975
2,CÉCILE,1962,995
2,CÉCILE,1963,1490
2,CÉCILE,1964,2045
2,CÉCILE,1965,2380
2,CÉCILE,1966,3075
2,CÉCILE,1967,2990
2,CÉCILE,1968,3475
2,CÉCILE,1969,3820
2,CÉCILE,1970,4395
2,CÉCILE,1971,5185
2,CÉCILE,1972,4880
2,CÉCILE,1973,4685
2,CÉCILE,1974,4280
2,CÉCILE,1975,4040
2,CÉCILE,1976,4560
2,CÉCILE,1977,4575
2,CÉCILE,1978,4100
2,CÉCILE,1979,4390
2,CÉCILE,1980,4400
2,CÉCILE,1981,4145
2,CÉCILE,1982,3850
2,CÉCILE,1983,3670
2,CÉCILE,1984,3455
2,CÉCILE,1985,3065
2,CÉCILE,1986,2820
2,CÉCILE,1987,2570
2,CÉCILE,1988,2585
2,CÉCILE,1989,2235
2,CÉCILE,1990,2000
2,CÉCILE,1991,1900
2,CÉCILE,1992,1665
2,CÉCILE,1993,1440
2,CÉCILE,1994,1265
2,CÉCILE,1995,1320
2,CÉCILE,1996,1140
2,CÉCILE,1997,1045
2,CÉCILE,1998,950
2,CÉCILE,1999,795
2,CÉCILE,2000,730
2,CÉCILE,2001,545
2,CÉCILE,2002,455
2,CÉCILE,2003,405
2,CÉCILE,2004,350
2,CÉCILE,2005,290
2,CÉCILIA,1943,5
2,CÉCILIA,1945,5
2,CÉCILIA,1946,10
2,CÉCILIA,1947,5
2,CÉCILIA,1950,5
2,CÉCILIA,1951,10
2,CÉCILIA,1952,10
2,CÉCILIA,1953,5
2,CÉCILIA,1954,15
2,CÉCILIA,1955,10
2,CÉCILIA,1957,15
2,CÉCILIA,1958,20
2,CÉCILIA,1960,30
2,CÉCILIA,1961,20
2,CÉCILIA,1962,30
2,CÉCILIA,1963,50
2,CÉCILIA,1964,30
2,CÉCILIA,1965,45
2,CÉCILIA,1966,75
2,CÉCILIA,1967,105
2,CÉCILIA,1968,100
2,CÉCILIA,1969,100
2,CÉCILIA,1970,290
2,CÉCILIA,1971,390
2,CÉCILIA,1972,350
2,CÉCILIA,1973,280
2,CÉCILIA,1974,320
2,CÉCILIA,1975,355
2,CÉCILIA,1976,380
2,CÉCILIA,1977,380
2,CÉCILIA,1978,370
2,CÉCILIA,1979,400
2,CÉCILIA,1980,360
2,CÉCILIA,1981,410
2,CÉCILIA,1982,395
2,CÉCILIA,1983,360
2,CÉCILIA,1984,595
2,CÉCILIA,1985,750
2,CÉCILIA,1986,650
2,CÉCILIA,1987,795
2,CÉCILIA,1988,945
2,CÉCILIA,1989,690
2,CÉCILIA,1990,730
2,CÉCILIA,1991,695
2,CÉCILIA,1992,595
2,CÉCILIA,1993,480
2,CÉCILIA,1994,450
2,CÉCILIA,1995,395
2,CÉCILIA,1996,390
2,CÉCILIA,1997,360
2,CÉCILIA,1998,290
2,CÉCILIA,1999,305
2,CÉCILIA,2000,325
2,CÉCILIA,2001,415
2,CÉCILIA,2002,355
2,CÉCILIA,2003,420
2,CÉCILIA,2004,355
2,CÉCILIA,2005,350
2,CÉLIA,1945,5
2,CÉLIA,1946,5
2,CÉLIA,1947,5
2,CÉLIA,1950,5
2,CÉLIA,1951,5
2,CÉLIA,1952,10
2,CÉLIA,1953,5
2,CÉLIA,1954,5
2,CÉLIA,1955,5
2,CÉLIA,1957,10
2,CÉLIA,1958,10
2,CÉLIA,1960,5
2,CÉLIA,1961,15
2,CÉLIA,1962,10
2,CÉLIA,1963,10
2,CÉLIA,1964,20
2,CÉLIA,1965,35
2,CÉLIA,1966,65
2,CÉLIA,1967,60
2,CÉLIA,1968,60
2,CÉLIA,1969,85
2,CÉLIA,1970,130
2,CÉLIA,1971,125
2,CÉLIA,1972,185
2,CÉLIA,1973,230
2,CÉLIA,1974,255
2,CÉLIA,1975,265
2,CÉLIA,1976,365
2,CÉLIA,1977,380
2,CÉLIA,1978,365
2,CÉLIA,1979,410
2,CÉLIA,1980,430
2,CÉLIA,1981,420
2,CÉLIA,1982,435
2,CÉLIA,1983,525
2,CÉLIA,1984,610
2,CÉLIA,1985,545
2,CÉLIA,1986,625
2,CÉLIA,1987,735
2,CÉLIA,1988,900
2,CÉLIA,1989,840
2,CÉLIA,1990,1085
2,CÉLIA,1991,1125
2,CÉLIA,1992,1230
2,CÉLIA,1993,1075
2,CÉLIA,1994,1205
2,CÉLIA,1995,1390
2,CÉLIA,1996,1625
2,CÉLIA,1997,1760
2,CÉLIA,1998,1920
2,CÉLIA,1999,2020
2,CÉLIA,2000,2270
2,CÉLIA,2001,2315
2,CÉLIA,2002,2435
2,CÉLIA,2003,2330
2,CÉLIA,2004,2505
2,CÉLIA,2005,2480
2,CÉLINE,1943,85
2,CÉLINE,1945,80
2,CÉLINE,1946,115
2,CÉLINE,1947,105
2,CÉLINE,1950,135
2,CÉLINE,1951,100
2,CÉLINE,1952,110
2,CÉLINE,1953,145
2,CÉLINE,1954,140
2,CÉLINE,1955,115
2,CÉLINE,1957,170
2,CÉLINE,1958,175
2,CÉLINE,1960,190
2,CÉLINE,1961,220
2,CÉLINE,1962,220
2,CÉLINE,1963,240
2,CÉLINE,1964,330
2,CÉLINE,1965,460
2,CÉLINE,1966,720
2,CÉLINE,1967,2195
2,CÉLINE,1968,2645
2,CÉLINE,1969,3630
2,CÉLINE,1970,5005
2,CÉLINE,1971,6545
2,CÉLINE,1972,8280
2,CÉLINE,1973,9310
2,CÉLINE,1974,9600
2,CÉLINE,1975,10150
2,CÉLINE,1976,10625
2,CÉLINE,1977,12015
2,CÉLINE,1978,12125
2,CÉLINE,1979,13695
2,CÉLINE,1980,12855
2,CÉLINE,1981,12500
2,CÉLINE,1982,11210
2,CÉLINE,1983,9215
2,CÉLINE,1984,9000
2,CÉLINE,1985,7615
2,CÉLINE,1986,6755
2,CÉLINE,1987,5945
2,CÉLINE,1988,5230
2,CÉLINE,1989,4345
2,CÉLINE,1990,3960
2,CÉLINE,1991,3575
2,CÉLINE,1992,3050
2,CÉLINE,1993,2355
2,CÉLINE,1994,2260
2,CÉLINE,1995,2235
2,CÉLINE,1996,2080
2,CÉLINE,1997,1800
2,CÉLINE,1998,1570
2,CÉLINE,1999,1255
2,CÉLINE,2000,1090
2,CÉLINE,2001,810
2,CÉLINE,2002,715
2,CÉLINE,2003,530
2,CÉLINE,2004,450
2,CÉLINE,2005,385
2,DANIEL,1943,5
2,DANIEL,1946,5
2,DANIEL,1947,5
2,DANIEL,1950,5
2,DANIEL,1953,5
2,DAVID,1951,5
2,DAVID,1952,5
2,DELISIA,1980,5
2,DELISIA,1994,5
2,DELPHINE,1943,15
2,DELPHINE,1945,20
2,DELPHINE,1946,25
2,DELPHINE,1947,25
2,DELPHINE,1950,15
2,DELPHINE,1951,25
2,DELPHINE,1952,25
2,DELPHINE,1953,20
2,DELPHINE,1954,15
2,DELPHINE,1955,25
2,DELPHINE,1957,45
2,DELPHINE,1958,30
2,DELPHINE,1960,55
2,DELPHINE,1961,60
2,DELPHINE,1962,105
2,DELPHINE,1963,150
2,DELPHINE,1964,195
2,DELPHINE,1965,325
2,DELPHINE,1966,1140
2,DELPHINE,1967,1805
2,DELPHINE,1968,2435
2,DELPHINE,1969,3525
2,DELPHINE,1970,5100
2,DELPHINE,1971,5685
2,DELPHINE,1972,5650
2,DELPHINE,1973,6720
2,DELPHINE,1974,6310
2,DELPHINE,1975,6515
2,DELPHINE,1976,6900
2,DELPHINE,1977,7495
2,DELPHINE,1978,7120
2,DELPHINE,1979,6860
2,DELPHINE,1980,6555
2,DELPHINE,1981,5695
2,DELPHINE,1982,5015
2,DELPHINE,1983,4345
2,DELPHINE,1984,3590
2,DELPHINE,1985,3085
2,DELPHINE,1986,3035
2,DELPHINE,1987,2520
2,DELPHINE,1988,2095
2,DELPHINE,1989,1820
2,DELPHINE,1990,1675
2,DELPHINE,1991,1500
2,DELPHINE,1992,1230
2,DELPHINE,1993,1010
2,DELPHINE,1994,850
2,DELPHINE,1995,790
2,DELPHINE,1996,630
2,DELPHINE,1997,600
2,DELPHINE,1998,545
2,DELPHINE,1999,400
2,DELPHINE,2000,330
2,DELPHINE,2001,315
2,DELPHINE,2002,265
2,DELPHINE,2003,165
2,DELPHINE,2004,160
2,DELPHINE,2005,140
2,DIANE,1943,10
2,DIANE,1945,20
2,DIANE,1946,30
2,DIANE,1947,10
2,DIANE,1950,30
2,DIANE,1951,20
2,DIANE,1952,30
2,DIANE,1953,40
2,DIANE,1954,45
2,DIANE,1955,40
2,DIANE,1957,60
2,DIANE,1958,90
2,DIANE,1960,130
2,DIANE,1961,170
2,DIANE,1962,135
2,DIANE,1963,120
2,DIANE,1964,125
2,DIANE,1965,105
2,DIANE,1966,120
2,DIANE,1967,105
2,DIANE,1968,115
2,DIANE,1969,115
2,DIANE,1970,130
2,DIANE,1971,155
2,DIANE,1972,275
2,DIANE,1973,260
2,DIANE,1974,215
2,DIANE,1975,200
2,DIANE,1976,230
2,DIANE,1977,225
2,DIANE,1978,225
2,DIANE,1979,305
2,DIANE,1980,290
2,DIANE,1981,315
2,DIANE,1982,355
2,DIANE,1983,390
2,DIANE,1984,370
2,DIANE,1985,345
2,DIANE,1986,400
2,DIANE,1987,510
2,DIANE,1988,470
2,DIANE,1989,495
2,DIANE,1990,510
2,DIANE,1991,505
2,DIANE,1992,480
2,DIANE,1993,440
2,DIANE,1994,415
2,DIANE,1995,440
2,DIANE,1996,430
2,DIANE,1997,390
2,DIANE,1998,330
2,DIANE,1999,340
2,DIANE,2000,350
2,DIANE,2001,355
2,DIANE,2002,355
2,DIANE,2003,315
2,DIANE,2004,360
2,DIANE,2005,360
2,DÉLPHINE,1976,5
2,DÉLPHINE,1977,5
2,DÉLPHINE,1980,5
2,DÉLPHINE,1981,5
2,DÉLPHINE,1984,5
2,ELIANE,1943,2605
2,ELIANE,1945,2765
2,ELIANE,1946,3920
2,ELIANE,1947,3935
2,ELIANE,1950,3860
2,ELIANE,1951,3775
2,ELIANE,1952,3455
2,ELIANE,1953,2850
2,ELIANE,1954,2680
2,ELIANE,1955,2550
2,ELIANE,1957,2050
2,ELIANE,1958,1880
2,ELIANE,1960,1410
2,ELIANE,1961,1305
2,ELIANE,1962,1185
2,ELIANE,1963,975
2,ELIANE,1964,835
2,ELIANE,1965,685
2,ELIANE,1966,585
2,ELIANE,1967,465
2,ELIANE,1968,370
2,ELIANE,1969,330
2,ELIANE,1970,255
2,ELIANE,1971,235
2,ELIANE,1972,160
2,ELIANE,1973,105
2,ELIANE,1974,110
2,ELIANE,1975,90
2,ELIANE,1976,75
2,ELIANE,1977,55
2,ELIANE,1978,60
2,ELIANE,1979,70
2,ELIANE,1980,60
2,ELIANE,1981,60
2,ELIANE,1982,55
2,ELIANE,1983,40
2,ELIANE,1984,45
2,ELIANE,1985,35
2,ELIANE,1986,35
2,ELIANE,1987,35
2,ELIANE,1988,35
2,ELIANE,1989,25
2,ELIANE,1990,20
2,ELIANE,1991,35
2,ELIANE,1992,25
2,ELIANE,1993,20
2,ELIANE,1994,25
2,ELIANE,1995,30
2,ELIANE,1996,20
2,ELIANE,1997,20
2,ELIANE,1998,25
2,ELIANE,1999,20
2,ELIANE,2000,15
2,ELIANE,2001,20
2,ELIANE,2002,25
2,ELIANE,2003,30
2,ELIANE,2004,25
2,ELIANE,2005,30
2,ELLA,1943,10
2,ELLA,1945,5
2,ELLA,1954,5
2,ELLA,1955,5
2,ELLA,1960,5
2,ELLA,1961,5
2,ELLA,1962,5
2,ELLA,1963,5
2,ELLA,1965,5
2,ELLA,1968,5
2,ELLA,1972,15
2,ELLA,1973,15
2,ELLA,1974,30
2,ELLA,1975,15
2,ELLA,1976,5
2,ELLA,1977,15
2,ELLA,1978,15
2,ELLA,1979,5
2,ELLA,1980,10
2,ELLA,1981,10
2,ELLA,1982,5
2,ELLA,1983,10
2,ELLA,1984,10
2,ELLA,1985,10
2,ELLA,1986,10
2,ELLA,1987,15
2,ELLA,1988,35
2,ELLA,1989,40
2,ELLA,1990,45
2,ELLA,1991,55
2,ELLA,1992,55
2,ELLA,1993,45
2,ELLA,1994,55
2,ELLA,1995,65
2,ELLA,1996,75
2,ELLA,1997,70
2,ELLA,1998,85
2,ELLA,1999,80
2,ELLA,2000,85
2,ELLA,2001,105
2,ELLA,2002,125
2,ELLA,2003,185
2,ELLA,2004,200
2,ELLA,2005,230
2,ELODIE,1945,5
2,ELODIE,1946,10
2,ELODIE,1947,5
2,ELODIE,1951,5
2,ELODIE,1954,5
2,ELODIE,1955,5
2,ELODIE,1958,5
2,ELODIE,1960,5
2,ELODIE,1961,10
2,ELODIE,1962,10
2,ELODIE,1963,15
2,ELODIE,1964,30
2,ELODIE,1965,60
2,ELODIE,1966,95
2,ELODIE,1967,90
2,ELODIE,1968,120
2,ELODIE,1969,170
2,ELODIE,1970,345
2,ELODIE,1971,505
2,ELODIE,1972,995
2,ELODIE,1973,1035
2,ELODIE,1974,1015
2,ELODIE,1975,1170
2,ELODIE,1976,1430
2,ELODIE,1977,1720
2,ELODIE,1978,2010
2,ELODIE,1979,2765
2,ELODIE,1980,5030
2,ELODIE,1981,6920
2,ELODIE,1982,8020
2,ELODIE,1983,8120
2,ELODIE,1984,8840
2,ELODIE,1985,7800
2,ELODIE,1986,8505
2,ELODIE,1987,8950
2,ELODIE,1988,11820
2,ELODIE,1989,10470
2,ELODIE,1990,8615
2,ELODIE,1991,7910
2,ELODIE,1992,6360
2,ELODIE,1993,4640
2,ELODIE,1994,4100
2,ELODIE,1995,3510
2,ELODIE,1996,3075
2,ELODIE,1997,2590
2,ELODIE,1998,2365
2,ELODIE,1999,2120
2,ELODIE,2000,1960
2,ELODIE,2001,1700
2,ELODIE,2002,1415
2,ELODIE,2003,1210
2,ELODIE,2004,1150
2,ELODIE,2005,840
2,EMILIE,1943,85
2,EMILIE,1945,80
2,EMILIE,1946,95
2,EMILIE,1947,60
2,EMILIE,1950,70
2,EMILIE,1951,80
2,EMILIE,1952,40
2,EMILIE,1953,80
2,EMILIE,1954,50
2,EMILIE,1955,45
2,EMILIE,1957,60
2,EMILIE,1958,55
2,EMILIE,1960,45
2,EMILIE,1961,45
2,EMILIE,1962,50
2,EMILIE,1963,30
2,EMILIE,1964,40
2,EMILIE,1965,60
2,EMILIE,1966,65
2,EMILIE,1967,45
2,EMILIE,1968,55
2,EMILIE,1969,105
2,EMILIE,1970,135
2,EMILIE,1971,140
2,EMILIE,1972,270
2,EMILIE,1973,375
2,EMILIE,1974,545
2,EMILIE,1975,690
2,EMILIE,1976,1105
2,EMILIE,1977,1605
2,EMILIE,1978,3535
2,EMILIE,1979,4925
2,EMILIE,1980,11585
2,EMILIE,1981,10800
2,EMILIE,1982,10360
2,EMILIE,1983,10330
2,EMILIE,1984,9715
2,EMILIE,1985,11380
2,EMILIE,1986,9305
2,EMILIE,1987,7645
2,EMILIE,1988,6060
2,EMILIE,1989,5305
2,EMILIE,1990,4950
2,EMILIE,1991,4535
2,EMILIE,1992,3735
2,EMILIE,1993,3610
2,EMILIE,1994,3215
2,EMILIE,1995,3060
2,EMILIE,1996,2925
2,EMILIE,1997,2740
2,EMILIE,1998,2800
2,EMILIE,1999,2750
2,EMILIE,2000,2800
2,EMILIE,2001,2645
2,EMILIE,2002,2485
2,EMILIE,2003,2080
2,EMILIE,2004,1950
2,EMILIE,2005,1795
2,EMMANUELLE,1943,30
2,EMMANUELLE,1945,25
2,EMMANUELLE,1946,40
2,EMMANUELLE,1947,35
2,EMMANUELLE,1950,55
2,EMMANUELLE,1951,65
2,EMMANUELLE,1952,65
2,EMMANUELLE,1953,80
2,EMMANUELLE,1954,80
2,EMMANUELLE,1955,105
2,EMMANUELLE,1957,170
2,EMMANUELLE,1958,185
2,EMMANUELLE,1960,320
2,EMMANUELLE,1961,405
2,EMMANUELLE,1962,485
2,EMMANUELLE,1963,865
2,EMMANUELLE,1964,1060
2,EMMANUELLE,1965,1170
2,EMMANUELLE,1966,1870
2,EMMANUELLE,1967,2455
2,EMMANUELLE,1968,2995
2,EMMANUELLE,1969,3475
2,EMMANUELLE,1970,3630
2,EMMANUELLE,1971,3730
2,EMMANUELLE,1972,3015
2,EMMANUELLE,1973,2490
2,EMMANUELLE,1974,2310
2,EMMANUELLE,1975,3335
2,EMMANUELLE,1976,3335
2,EMMANUELLE,1977,3000
2,EMMANUELLE,1978,2515
2,EMMANUELLE,1979,2700
2,EMMANUELLE,1980,3845
2,EMMANUELLE,1981,3010
2,EMMANUELLE,1982,2510
2,EMMANUELLE,1983,2025
2,EMMANUELLE,1984,1820
2,EMMANUELLE,1985,1830
2,EMMANUELLE,1986,1760
2,EMMANUELLE,1987,2220
2,EMMANUELLE,1988,1890
2,EMMANUELLE,1989,1675
2,EMMANUELLE,1990,1450
2,EMMANUELLE,1991,1120
2,EMMANUELLE,1992,980
2,EMMANUELLE,1993,780
2,EMMANUELLE,1994,640
2,EMMANUELLE,1995,650
2,EMMANUELLE,1996,560
2,EMMANUELLE,1997,405
2,EMMANUELLE,1998,415
2,EMMANUELLE,1999,375
2,EMMANUELLE,2000,345
2,EMMANUELLE,2001,305
2,EMMANUELLE,2002,265
2,EMMANUELLE,2003,220
2,EMMANUELLE,2004,215
2,EMMANUELLE,2005,185
2,ESTEBAN,2000,5
2,ESTELLE,1943,20
2,ESTELLE,1945,15
2,ESTELLE,1946,20
2,ESTELLE,1947,35
2,ESTELLE,1950,45
2,ESTELLE,1951,35
2,ESTELLE,1952,35
2,ESTELLE,1953,45
2,ESTELLE,1954,50
2,ESTELLE,1955,50
2,ESTELLE,1957,75
2,ESTELLE,1958,90
2,ESTELLE,1960,110
2,ESTELLE,1961,155
2,ESTELLE,1962,195
2,ESTELLE,1963,225
2,ESTELLE,1964,265
2,ESTELLE,1965,375
2,ESTELLE,1966,410
2,ESTELLE,1967,530
2,ESTELLE,1968,875
2,ESTELLE,1969,1140
2,ESTELLE,1970,1225
2,ESTELLE,1971,1470
2,ESTELLE,1972,1710
2,ESTELLE,1973,2915
2,ESTELLE,1974,2710
2,ESTELLE,1975,1880
2,ESTELLE,1976,2430
2,ESTELLE,1977,2495
2,ESTELLE,1978,2365
2,ESTELLE,1979,2455
2,ESTELLE,1980,1730
2,ESTELLE,1981,1815
2,ESTELLE,1982,1785
2,ESTELLE,1983,1455
2,ESTELLE,1984,1645
2,ESTELLE,1985,1415
2,ESTELLE,1986,995
2,ESTELLE,1987,1095
2,ESTELLE,1988,1155
2,ESTELLE,1989,1305
2,ESTELLE,1990,1890
2,ESTELLE,1991,2045
2,ESTELLE,1992,1955
2,ESTELLE,1993,2195
2,ESTELLE,1994,2485
2,ESTELLE,1995,2125
2,ESTELLE,1996,1915
2,ESTELLE,1997,1525
2,ESTELLE,1998,1695
2,ESTELLE,1999,1525
2,ESTELLE,2000,1335
2,ESTELLE,2001,1025
2,ESTELLE,2002,945
2,ESTELLE,2003,740
2,ESTELLE,2004,680
2,ESTELLE,2005,565
2,FABIENNE,1943,65
2,FABIENNE,1945,90
2,FABIENNE,1946,120
2,FABIENNE,1947,155
2,FABIENNE,1950,430
2,FABIENNE,1951,575
2,FABIENNE,1952,665
2,FABIENNE,1953,1050
2,FABIENNE,1954,1405
2,FABIENNE,1955,1710
2,FABIENNE,1957,2420
2,FABIENNE,1958,2645
2,FABIENNE,1960,3890
2,FABIENNE,1961,4505
2,FABIENNE,1962,4740
2,FABIENNE,1963,5105
2,FABIENNE,1964,5495
2,FABIENNE,1965,6850
2,FABIENNE,1966,6130
2,FABIENNE,1967,6100
2,FABIENNE,1968,5620
2,FABIENNE,1969,5150
2,FABIENNE,1970,4780
2,FABIENNE,1971,4255
2,FABIENNE,1972,3675
2,FABIENNE,1973,3210
2,FABIENNE,1974,3130
2,FABIENNE,1975,2370
2,FABIENNE,1976,2020
2,FABIENNE,1977,1750
2,FABIENNE,1978,1395
2,FABIENNE,1979,1205
2,FABIENNE,1980,980
2,FABIENNE,1981,775
2,FABIENNE,1982,620
2,FABIENNE,1983,460
2,FABIENNE,1984,395
2,FABIENNE,1985,345
2,FABIENNE,1986,295
2,FABIENNE,1987,220
2,FABIENNE,1988,195
2,FABIENNE,1989,140
2,FABIENNE,1990,110
2,FABIENNE,1991,80
2,FABIENNE,1992,80
2,FABIENNE,1993,50
2,FABIENNE,1994,45
2,FABIENNE,1995,35
2,FABIENNE,1996,25
2,FABIENNE,1997,35
2,FABIENNE,1998,30
2,FABIENNE,1999,20
2,FABIENNE,2000,15
2,FABIENNE,2001,20
2,FABIENNE,2002,20
2,FABIENNE,2003,10
2,FABIENNE,2004,10
2,FABIENNE,2005,10
2,FABRICE,1955,5
2,FABRICE,1958,5
2,FABRICE,1961,5
2,FABRICE,1962,5
2,FABRICE,1963,5
2,FABRICE,1967,5
2,FABRICE,1968,5
2,FABRICE,1969,5
2,FABRICE,1970,5
2,FABRICE,1971,10
2,FABRICE,1972,5
2,FABRICE,1973,10
2,FABRICE,1974,5
2,FABRICE,1975,5
2,FABRICE,1976,5
2,FELICIE,1943,30
2,FELICIE,1945,20
2,FELICIE,1946,20
2,FELICIE,1947,30
2,FELICIE,1950,10
2,FELICIE,1951,15
2,FELICIE,1952,20
2,FELICIE,1953,15
2,FELICIE,1954,15
2,FELICIE,1955,15
2,FELICIE,1957,10
2,FELICIE,1958,15
2,FELICIE,1960,10
2,FELICIE,1961,15
2,FELICIE,1962,15
2,FELICIE,1963,5
2,FELICIE,1964,5
2,FELICIE,1965,10
2,FELICIE,1966,10
2,FELICIE,1967,10
2,FELICIE,1968,10
2,FELICIE,1969,20
2,FELICIE,1970,5
2,FELICIE,1971,10
2,FELICIE,1972,10
2,FELICIE,1973,10
2,FELICIE,1974,15
2,FELICIE,1975,10
2,FELICIE,1976,15
2,FELICIE,1977,15
2,FELICIE,1978,15
2,FELICIE,1979,15
2,FELICIE,1980,20
2,FELICIE,1981,25
2,FELICIE,1982,15
2,FELICIE,1983,15
2,FELICIE,1984,10
2,FELICIE,1985,10
2,FELICIE,1986,20
2,FELICIE,1987,10
2,FELICIE,1988,15
2,FELICIE,1989,15
2,FELICIE,1990,15
2,FELICIE,1991,25
2,FELICIE,1992,25
2,FELICIE,1993,20
2,FELICIE,1994,30
2,FELICIE,1995,30
2,FELICIE,1996,50
2,FELICIE,1997,30
2,FELICIE,1998,30
2,FELICIE,1999,60
2,FELICIE,2000,60
2,FELICIE,2001,85
2,FELICIE,2002,75
2,FELICIE,2003,65
2,FELICIE,2004,75
2,FELICIE,2005,85
2,FILOMENE,1971,5
2,FILOMENE,1972,5
2,FILOMENE,1973,5
2,FILOMENE,1974,5
2,FLORENCE,1943,130
2,FLORENCE,1945,190
2,FLORENCE,1946,275
2,FLORENCE,1947,320
2,FLORENCE,1950,475
2,FLORENCE,1951,525
2,FLORENCE,1952,555
2,FLORENCE,1953,655
2,FLORENCE,1954,900
2,FLORENCE,1955,1125
2,FLORENCE,1957,1665
2,FLORENCE,1958,1840
2,FLORENCE,1960,3220
2,FLORENCE,1961,4325
2,FLORENCE,1962,5285
2,FLORENCE,1963,6085
2,FLORENCE,1964,7025
2,FLORENCE,1965,7865
2,FLORENCE,1966,7175
2,FLORENCE,1967,7855
2,FLORENCE,1968,8265
2,FLORENCE,1969,8030
2,FLORENCE,1970,7375
2,FLORENCE,1971,6535
2,FLORENCE,1972,6355
2,FLORENCE,1973,5075
2,FLORENCE,1974,3580
2,FLORENCE,1975,3375
2,FLORENCE,1976,3145
2,FLORENCE,1977,3150
2,FLORENCE,1978,2640
2,FLORENCE,1979,2565
2,FLORENCE,1980,2545
2,FLORENCE,1981,2305
2,FLORENCE,1982,2060
2,FLORENCE,1983,1795
2,FLORENCE,1984,1585
2,FLORENCE,1985,1365
2,FLORENCE,1986,1330
2,FLORENCE,1987,1170
2,FLORENCE,1988,1045
2,FLORENCE,1989,975
2,FLORENCE,1990,815
2,FLORENCE,1991,805
2,FLORENCE,1992,650
2,FLORENCE,1993,535
2,FLORENCE,1994,470
2,FLORENCE,1995,365
2,FLORENCE,1996,305
2,FLORENCE,1997,255
2,FLORENCE,1998,225
2,FLORENCE,1999,220
2,FLORENCE,2000,175
2,FLORENCE,2001,170
2,FLORENCE,2002,120
2,FLORENCE,2003,85
2,FLORENCE,2004,85
2,FLORENCE,2005,85
2,FRANCIS,1951,5
2,FRANCOISE,1945,5
2,FRANCOISE,1946,5
2,FRANCOISE,1947,5
2,FRANCOISE,1951,5
2,FRANCOISE,1952,5
2,FRANCOISE,1953,5
2,FRANCOISE,1960,5
2,FRANCOISE,1962,5
2,FRANCOISE,1964,5
2,FRANCOISE,1967,5
2,FRANÇOIS,1943,5
2,FRANÇOIS,1945,5
2,FRANÇOIS,1946,5
2,FRANÇOIS,1947,5
2,FRANÇOIS,1950,5
2,FRANÇOIS,1951,5
2,FRANÇOIS,1952,5
2,FRANÇOIS,1954,5
2,FRANÇOIS,1955,5
2,FRANÇOIS,1958,5
2,FRANÇOISE,1943,9110
2,FRANÇOISE,1945,9760
2,FRANÇOISE,1946,14350
2,FRANÇOISE,1947,14750
2,FRANÇOISE,1950,14735
2,FRANÇOISE,1951,13650
2,FRANÇOISE,1952,12965
2,FRANÇOISE,1953,12445
2,FRANÇOISE,1954,12185
2,FRANÇOISE,1955,12855
2,FRANÇOISE,1957,12480
2,FRANÇOISE,1958,11215
2,FRANÇOISE,1960,10225
2,FRANÇOISE,1961,9645
2,FRANÇOISE,1962,8790
2,FRANÇOISE,1963,8680
2,FRANÇOISE,1964,7415
2,FRANÇOISE,1965,6570
2,FRANÇOISE,1966,5570
2,FRANÇOISE,1967,4590
2,FRANÇOISE,1968,3860
2,FRANÇOISE,1969,3315
2,FRANÇOISE,1970,2610
2,FRANÇOISE,1971,2285
2,FRANÇOISE,1972,1670
2,FRANÇOISE,1973,1405
2,FRANÇOISE,1974,1110
2,FRANÇOISE,1975,785
2,FRANÇOISE,1976,660
2,FRANÇOISE,1977,530
2,FRANÇOISE,1978,470
2,FRANÇOISE,1979,365
2,FRANÇOISE,1980,325
2,FRANÇOISE,1981,320
2,FRANÇOISE,1982,255
2,FRANÇOISE,1983,215
2,FRANÇOISE,1984,190
2,FRANÇOISE,1985,150
2,FRANÇOISE,1986,145
2,FRANÇOISE,1987,100
2,FRANÇOISE,1988,115
2,FRANÇOISE,1989,90
2,FRANÇOISE,1990,85
2,FRANÇOISE,1991,75
2,FRANÇOISE,1992,70
2,FRANÇOISE,1993,65
2,FRANÇOISE,1994,45
2,FRANÇOISE,1995,50
2,FRANÇOISE,1996,40
2,FRANÇOISE,1997,35
2,FRANÇOISE,1998,40
2,FRANÇOISE,1999,35
2,FRANÇOISE,2000,25
2,FRANÇOISE,2001,25
2,FRANÇOISE,2002,25
2,FRANÇOISE,2003,20
2,FRANÇOISE,2004,20
2,FRANÇOISE,2005,15
2,FREDDY,1962,5
2,FRÉDÉRIC,1947,5
2,FRÉDÉRIC,1950,5
2,FRÉDÉRIC,1951,5
2,FRÉDÉRIC,1953,5
2,FRÉDÉRIC,1955,5
2,FRÉDÉRIC,1957,5
2,FRÉDÉRIC,1958,5
2,FRÉDÉRIC,1960,5
2,FRÉDÉRIC,1963,5
2,FRÉDÉRIC,1964,5
2,FRÉDÉRIC,1965,5
2,FRÉDÉRIC,1966,5
2,FRÉDÉRIC,1969,5
2,FRÉDÉRIC,1973,5
2,FRÉDÉRIQUE,1943,40
2,FRÉDÉRIQUE,1945,40
2,FRÉDÉRIQUE,1946,70
2,FRÉDÉRIQUE,1947,90
2,FRÉDÉRIQUE,1950,195
2,FRÉDÉRIQUE,1951,240
2,FRÉDÉRIQUE,1952,300
2,FRÉDÉRIQUE,1953,370
2,FRÉDÉRIQUE,1954,450
2,FRÉDÉRIQUE,1955,630
2,FRÉDÉRIQUE,1957,885
2,FRÉDÉRIQUE,1958,895
2,FRÉDÉRIQUE,1960,1185
2,FRÉDÉRIQUE,1961,1255
2,FRÉDÉRIQUE,1962,1335
2,FRÉDÉRIQUE,1963,1560
2,FRÉDÉRIQUE,1964,1820
2,FRÉDÉRIQUE,1965,2380
2,FRÉDÉRIQUE,1966,2460
2,FRÉDÉRIQUE,1967,2525
2,FRÉDÉRIQUE,1968,2495
2,FRÉDÉRIQUE,1969,2615
2,FRÉDÉRIQUE,1970,2370
2,FRÉDÉRIQUE,1971,2380
2,FRÉDÉRIQUE,1972,2050
2,FRÉDÉRIQUE,1973,1985
2,FRÉDÉRIQUE,1974,1675
2,FRÉDÉRIQUE,1975,1720
2,FRÉDÉRIQUE,1976,1405
2,FRÉDÉRIQUE,1977,1250
2,FRÉDÉRIQUE,1978,1080
2,FRÉDÉRIQUE,1979,910
2,FRÉDÉRIQUE,1980,825
2,FRÉDÉRIQUE,1981,700
2,FRÉDÉRIQUE,1982,560
2,FRÉDÉRIQUE,1983,485
2,FRÉDÉRIQUE,1984,450
2,FRÉDÉRIQUE,1985,420
2,FRÉDÉRIQUE,1986,375
2,FRÉDÉRIQUE,1987,350
2,FRÉDÉRIQUE,1988,225
2,FRÉDÉRIQUE,1989,205
2,FRÉDÉRIQUE,1990,170
2,FRÉDÉRIQUE,1991,165
2,FRÉDÉRIQUE,1992,160
2,FRÉDÉRIQUE,1993,115
2,FRÉDÉRIQUE,1994,115
2,FRÉDÉRIQUE,1995,90
2,FRÉDÉRIQUE,1996,95
2,FRÉDÉRIQUE,1997,100
2,FRÉDÉRIQUE,1998,85
2,FRÉDÉRIQUE,1999,65
2,FRÉDÉRIQUE,2000,65
2,FRÉDÉRIQUE,2001,45
2,FRÉDÉRIQUE,2002,65
2,FRÉDÉRIQUE,2003,40
2,FRÉDÉRIQUE,2004,30
2,FRÉDÉRIQUE,2005,30
2,FÉLICIE,1973,5
2,FÉLICIE,1975,5
2,FÉLICIE,1976,5
2,FÉLICIE,1977,5
2,FÉLICIE,1978,5
2,FÉLICIE,1979,5
2,FÉLICIE,1980,10
2,FÉLICIE,1981,10
2,FÉLICIE,1982,10
2,FÉLICIE,1983,10
2,FÉLICIE,1984,5
2,FÉLICIE,1985,10
2,FÉLICIE,1986,5
2,FÉLICIE,1987,10
2,FÉLICIE,1988,10
2,FÉLICIE,1989,5
2,FÉLICIE,1990,5
2,FÉLICIE,1991,5
2,FÉLICIE,1992,5
2,FÉLICIE,1993,5
2,FÉLICIE,1994,5
2,FÉLICIE,1995,5
2,FÉLICIE,1996,15
2,FÉLICIE,1997,15
2,FÉLICIE,1998,15
2,GABIN,1951,5
2,GABIN,1952,5
2,GABIN,1953,5
2,GABIN,1963,5
2,GABIN,1966,5
2,GABIN,2004,5
2,GABRIEL,1960,5
2,GABRIEL,1990,5
2,GABRIEL,1993,5
2,GABRIEL,1994,5
2,GABRIEL,1995,5
2,GABRIEL,1997,5
2,GABRIEL,1998,10
2,GABRIEL,1999,10
2,GABRIEL,2000,10
2,GABRIEL,2001,5
2,GABRIEL,2002,5
2,GABRIEL,2003,10
2,GABRIEL,2004,10
2,GABRIEL,2005,10
2,GAEL,1958,5
2,GAEL,1961,5
2,GAEL,1964,5
2,GAEL,1966,5
2,GAEL,1967,10
2,GAEL,1968,20
2,GAEL,1969,20
2,GAEL,1970,25
2,GAEL,1971,35
2,GAEL,1972,55
2,GAEL,1973,60
2,GAEL,1974,55
2,GAEL,1975,40
2,GAEL,1976,55
2,GAEL,1977,45
2,GAEL,1978,40
2,GAEL,1979,20
2,GAEL,1980,15
2,GAEL,1981,15
2,GAEL,1982,15
2,GAEL,1983,10
2,GAEL,1984,5
2,GAEL,1985,5
2,GAEL,1986,10
2,GAEL,1987,5
2,GAEL,1988,10
2,GAEL,1989,5
2,GAEL,1991,5
2,GAEL,1992,5
2,GAEL,1993,5
2,GAEL,1994,5
2,GAEL,1995,5
2,GAEL,1996,5
2,GAEL,1997,5
2,GAEL,1999,5
2,GAEL,2001,5
2,GAEL,2002,5
2,GAELLE,1943,5
2,GAELLE,1945,5
2,GAELLE,1946,5
2,GAELLE,1947,10
2,GAELLE,1950,5
2,GAELLE,1951,10
2,GAELLE,1952,15
2,GAELLE,1953,10
2,GAELLE,1954,15
2,GAELLE,1955,10
2,GAELLE,1957,25
2,GAELLE,1958,35
2,GAELLE,1960,70
2,GAELLE,1961,65
2,GAELLE,1962,105
2,GAELLE,1963,90
2,GAELLE,1964,135
2,GAELLE,1965,160
2,GAELLE,1966,255
2,GAELLE,1967,340
2,GAELLE,1968,415
2,GAELLE,1969,625
2,GAELLE,1970,805
2,GAELLE,1971,1075
2,GAELLE,1972,1345
2,GAELLE,1973,1475
2,GAELLE,1974,1525
2,GAELLE,1975,1490
2,GAELLE,1976,1585
2,GAELLE,1977,1900
2,GAELLE,1978,1940
2,GAELLE,1979,2180
2,GAELLE,1980,2145
2,GAELLE,1981,2330
2,GAELLE,1982,2395
2,GAELLE,1983,1980
2,GAELLE,1984,1895
2,GAELLE,1985,1715
2,GAELLE,1986,1450
2,GAELLE,1987,1360
2,GAELLE,1988,1305
2,GAELLE,1989,1275
2,GAELLE,1990,1245
2,GAELLE,1991,1160
2,GAELLE,1992,1015
2,GAELLE,1993,860
2,GAELLE,1994,770
2,GAELLE,1995,740
2,GAELLE,1996,620
2,GAELLE,1997,490
2,GAELLE,1998,505
2,GAELLE,1999,640
2,GAELLE,2000,700
2,GAELLE,2001,555
2,GAELLE,2002,440
2,GAELLE,2003,405
2,GAELLE,2004,325
2,GAELLE,2005,290
2,GAÊLLE,1980,5
2,GAÊLLE,1981,5
2,GAÊLLE,1982,5
2,GAÊLLE,1986,5
2,GAÊLLE,1988,5
2,GAÊLLE,1989,5
2,GAÊLLE,1991,5
2,GAËL,1967,5
2,GAËL,1968,5
2,GAËL,1969,5
2,GAËL,1970,5
2,GAËL,1971,15
2,GAËL,1972,10
2,GAËL,1973,25
2,GAËL,1974,10
2,GAËL,1975,10
2,GAËL,1976,10
2,GAËL,1977,25
2,GAËL,1978,10
2,GAËL,1980,5
2,GAËL,1981,5
2,GAËL,1982,5
2,GAËL,1986,5
2,GAËL,1987,5
2,GAËL,1989,5
2,GAËL,1996,5
2,GAËL,2002,5
2,GAËLLE,1954,5
2,GAËLLE,1955,5
2,GAËLLE,1957,5
2,GAËLLE,1958,5
2,GAËLLE,1960,5
2,GAËLLE,1961,10
2,GAËLLE,1962,15
2,GAËLLE,1963,15
2,GAËLLE,1964,20
2,GAËLLE,1965,30
2,GAËLLE,1966,40
2,GAËLLE,1967,60
2,GAËLLE,1968,95
2,GAËLLE,1969,95
2,GAËLLE,1970,155
2,GAËLLE,1971,215
2,GAËLLE,1972,305
2,GAËLLE,1973,335
2,GAËLLE,1974,325
2,GAËLLE,1975,320
2,GAËLLE,1976,400
2,GAËLLE,1977,530
2,GAËLLE,1978,490
2,GAËLLE,1979,505
2,GAËLLE,1980,645
2,GAËLLE,1981,670
2,GAËLLE,1982,825
2,GAËLLE,1983,715
2,GAËLLE,1984,690
2,GAËLLE,1985,615
2,GAËLLE,1986,530
2,GAËLLE,1987,490
2,GAËLLE,1988,425
2,GAËLLE,1989,350
2,GAËLLE,1990,270
2,GAËLLE,1991,205
2,GAËLLE,1992,135
2,GAËLLE,1993,145
2,GAËLLE,1994,110
2,GAËLLE,1995,130
2,GAËLLE,1996,205
2,GAËLLE,1997,240
2,GAËLLE,1998,240
2,GAËLLE,1999,45
2,GAËLLE,2000,5
2,GAËLLE,2001,5
2,GAËLLE,2002,5
2,GAËLLE,2003,5
2,GAËLLE,2004,5
2,GERALDINE,1943,40
2,GERALDINE,1945,65
2,GERALDINE,1946,120
2,GERALDINE,1947,95
2,GERALDINE,1950,110
2,GERALDINE,1951,120
2,GERALDINE,1952,180
2,GERALDINE,1953,240
2,GERALDINE,1954,210
2,GERALDINE,1955,175
2,GERALDINE,1957,175
2,GERALDINE,1958,145
2,GERALDINE,1960,215
2,GERALDINE,1961,220
2,GERALDINE,1962,250
2,GERALDINE,1963,265
2,GERALDINE,1964,430
2,GERALDINE,1965,645
2,GERALDINE,1966,900
2,GERALDINE,1967,1180
2,GERALDINE,1968,1380
2,GERALDINE,1969,1480
2,GERALDINE,1970,1535
2,GERALDINE,1971,1750
2,GERALDINE,1972,1935
2,GERALDINE,1973,1785
2,GERALDINE,1974,1845
2,GERALDINE,1975,2105
2,GERALDINE,1976,1800
2,GERALDINE,1977,1555
2,GERALDINE,1978,1590
2,GERALDINE,1979,1440
2,GERALDINE,1980,1430
2,GERALDINE,1981,1190
2,GERALDINE,1982,990
2,GERALDINE,1983,880
2,GERALDINE,1984,810
2,GERALDINE,1985,585
2,GERALDINE,1986,520
2,GERALDINE,1987,450
2,GERALDINE,1988,405
2,GERALDINE,1989,340
2,GERALDINE,1990,260
2,GERALDINE,1991,230
2,GERALDINE,1992,195
2,GERALDINE,1993,145
2,GERALDINE,1994,110
2,GERALDINE,1995,95
2,GERALDINE,1996,75
2,GERALDINE,1997,55
2,GERALDINE,1998,45
2,GERALDINE,1999,50
2,GERALDINE,2000,35
2,GERALDINE,2001,40
2,GERALDINE,2002,25
2,GERALDINE,2003,30
2,GERALDINE,2004,25
2,GERALDINE,2005,20
2,GILLES,1943,5
2,GILLES,1945,5
2,GILLES,1946,10
2,GILLES,1947,5
2,GILLES,1950,5
2,GILLES,1952,5
2,GILLES,1953,5
2,GILLES,1954,5
2,GILLES,1955,5
2,GILLES,1963,5
2,GRACE,1945,5
2,GRACE,1951,5
2,GRACE,1954,5
2,GRACE,1957,20
2,GRACE,1958,15
2,GRACE,1960,15
2,GRACE,1961,10
2,GRACE,1962,10
2,GRACE,1963,15
2,GRACE,1964,10
2,GRACE,1965,10
2,GRACE,1966,15
2,GRACE,1967,10
2,GRACE,1968,5
2,GRACE,1969,10
2,GRACE,1970,10
2,GRACE,1971,10
2,GRACE,1972,10
2,GRACE,1973,5
2,GRACE,1974,5
2,GRACE,1975,5
2,GRACE,1976,5
2,GRACE,1977,5
2,GRACE,1978,5
2,GRACE,1979,5
2,GRACE,1980,5
2,GRACE,1981,5
2,GRACE,1982,10
2,GRACE,1983,20
2,GRACE,1984,25
2,GRACE,1985,20
2,GRACE,1986,25
2,GRACE,1987,20
2,GRACE,1988,35
2,GRACE,1989,30
2,GRACE,1990,45
2,GRACE,1991,60
2,GRACE,1992,45
2,GRACE,1993,55
2,GRACE,1994,55
2,GRACE,1995,60
2,GRACE,1996,40
2,GRACE,1997,70
2,GRACE,1998,70
2,GRACE,1999,90
2,GRACE,2000,95
2,GRACE,2001,85
2,GRACE,2002,110
2,GRACE,2003,130
2,GRACE,2004,120
2,GRACE,2005,175
2,GRÂCE,1980,5
2,GRÂCE,1983,5
2,GRÂCE,1985,5
2,GRÂCE,1987,5
2,GRÂCE,1989,5
2,GRÂCE,1990,5
2,GRÂCE,1991,5
2,GRÂCE,1992,5
2,GRÂCE,1994,5
2,GRÂCE,1996,5
2,GRÂCE,1997,5
2,GRÂCE,1998,10
2,GRÂCE,2004,5
2,GRÉGOIRE,1943,5
2,GRÉGOIRE,1945,15
2,GRÉGOIRE,1946,10
2,GRÉGOIRE,1947,10
2,GRÉGOIRE,1950,5
2,GRÉGOIRE,1951,10
2,GRÉGOIRE,1952,10
2,GRÉGOIRE,1953,15
2,GRÉGOIRE,1954,5
2,GRÉGOIRE,1955,5
2,GRÉGOIRE,1957,10
2,GRÉGOIRE,1958,5
2,GRÉGOIRE,1961,5
2,GRÉGOIRE,1967,5
2,GUENAELLE,1945,5
2,GUENAELLE,1951,5
2,GUENAELLE,1952,5
2,GUENAELLE,1953,5
2,GUENAELLE,1954,5
2,GUENAELLE,1955,5
2,GUENAELLE,1957,10
2,GUENAELLE,1958,5
2,GUENAELLE,1960,10
2,GUENAELLE,1961,25
2,GUENAELLE,1962,20
2,GUENAELLE,1963,15
2,GUENAELLE,1964,20
2,GUENAELLE,1965,15
2,GUENAELLE,1966,25
2,GUENAELLE,1967,35
2,GUENAELLE,1968,40
2,GUENAELLE,1969,65
2,GUENAELLE,1970,75
2,GUENAELLE,1971,70
2,GUENAELLE,1972,55
2,GUENAELLE,1973,65
2,GUENAELLE,1974,60
2,GUENAELLE,1975,75
2,GUENAELLE,1976,45
2,GUENAELLE,1977,50
2,GUENAELLE,1978,45
2,GUENAELLE,1979,30
2,GUENAELLE,1980,45
2,GUENAELLE,1981,30
2,GUENAELLE,1982,30
2,GUENAELLE,1983,25
2,GUENAELLE,1984,25
2,GUENAELLE,1985,20
2,GUENAELLE,1986,30
2,GUENAELLE,1987,15
2,GUENAELLE,1988,15
2,GUENAELLE,1989,25
2,GUENAELLE,1990,25
2,GUENAELLE,1991,20
2,GUENAELLE,1992,10
2,GUENAELLE,1993,15
2,GUENAELLE,1994,20
2,GUENAELLE,1995,20
2,GUENAELLE,1996,10
2,GUENAELLE,1997,10
2,GUENAELLE,1998,10
2,GUENAELLE,1999,15
2,GUENAELLE,2000,20
2,GUENAELLE,2001,15
2,GUENAELLE,2002,15
2,GUENAELLE,2003,10
2,GUENAELLE,2004,10
2,GUENAELLE,2005,10
2,GUENAËLLE,1963,5
2,GUENAËLLE,1969,5
2,GUENAËLLE,1970,5
2,GUENAËLLE,1972,5
2,GUENAËLLE,1973,5
2,GUENAËLLE,1974,5
2,GUENAËLLE,1976,10
2,GUENAËLLE,1977,10
2,GUENAËLLE,1978,10
2,GUENAËLLE,1979,10
2,GUENAËLLE,1980,5
2,GUENAËLLE,1981,10
2,GUENAËLLE,1982,5
2,GUENAËLLE,1984,10
2,GUENAËLLE,1985,5
2,GUENAËLLE,1986,5
2,GUENAËLLE,1989,5
2,GUENAËLLE,1993,5
2,GUENAËLLE,1995,5
2,GUENAËLLE,1998,5
2,GUILLAUME,1943,5
2,GUILLAUME,1947,5
2,GUILLAUME,1950,5
2,GUILLAUME,1951,5
2,GUILLAUME,1952,5
2,GUILLAUME,1953,5
2,GUILLAUME,1954,5
2,GUILLAUME,1966,5
2,GUÉNAELLE,1978,5
2,GUÉNAELLE,1980,5
2,GUÉNAËLLE,1961,5
2,GUÉNAËLLE,1964,5
2,GUÉNAËLLE,1966,5
2,GUÉNAËLLE,1968,5
2,GUÉNAËLLE,1969,5
2,GUÉNAËLLE,1970,5
2,GUÉNAËLLE,1971,10
2,GUÉNAËLLE,1972,15
2,GUÉNAËLLE,1974,5
2,GUÉNAËLLE,1975,5
2,GUÉNAËLLE,1976,5
2,GUÉNAËLLE,1977,5
2,GUÉNAËLLE,1978,5
2,GUÉNAËLLE,1979,5
2,GUÉNAËLLE,1980,10
2,GUÉNAËLLE,1981,5
2,GUÉNAËLLE,1982,5
2,GUÉNAËLLE,1983,5
2,GUÉNAËLLE,1984,5
2,GUÉNAËLLE,1985,5
2,GUÉNAËLLE,1986,5
2,GUÉNAËLLE,1991,5
2,GÉRALDINE,1943,5
2,GÉRALDINE,1946,5
2,GÉRALDINE,1947,5
2,GÉRALDINE,1950,10
2,GÉRALDINE,1951,10
2,GÉRALDINE,1952,10
2,GÉRALDINE,1953,15
2,GÉRALDINE,1954,15
2,GÉRALDINE,1955,15
2,GÉRALDINE,1957,15
2,GÉRALDINE,1958,15
2,GÉRALDINE,1960,25
2,GÉRALDINE,1961,25
2,GÉRALDINE,1962,25
2,GÉRALDINE,1963,35
2,GÉRALDINE,1964,60
2,GÉRALDINE,1965,100
2,GÉRALDINE,1966,120
2,GÉRALDINE,1967,155
2,GÉRALDINE,1968,205
2,GÉRALDINE,1969,240
2,GÉRALDINE,1970,265
2,GÉRALDINE,1971,305
2,GÉRALDINE,1972,350
2,GÉRALDINE,1973,350
2,GÉRALDINE,1974,380
2,GÉRALDINE,1975,455
2,GÉRALDINE,1976,430
2,GÉRALDINE,1977,360
2,GÉRALDINE,1978,415
2,GÉRALDINE,1979,420
2,GÉRALDINE,1980,435
2,GÉRALDINE,1981,375
2,GÉRALDINE,1982,340
2,GÉRALDINE,1983,305
2,GÉRALDINE,1984,285
2,GÉRALDINE,1985,220
2,GÉRALDINE,1986,210
2,GÉRALDINE,1987,160
2,GÉRALDINE,1988,110
2,GÉRALDINE,1989,85
2,GÉRALDINE,1990,45
2,GÉRALDINE,1991,40
2,GÉRALDINE,1992,35
2,GÉRALDINE,1993,25
2,GÉRALDINE,1994,20
2,GÉRALDINE,1995,30
2,GÉRALDINE,1996,25
2,GÉRALDINE,1997,25
2,GÉRALDINE,1998,15
2,GÉRALDINE,1999,5
2,GÉRARD,1943,10
2,GÉRARD,1945,5
2,GÉRARD,1946,5
2,GÉRARD,1947,5
2,GÉRARD,1950,10
2,GÉRARD,1951,10
2,GÉRARD,1952,5
2,GÉRARD,1953,5
2,GÉRARD,1954,5
2,GÉRARD,1955,5
2,GÉRARD,1965,5
2,GÉRARD,1968,5
2,HADA,1957,5
2,HADA,1958,5
2,HADA,1962,5
2,HADA,1965,5
2,HADA,1967,10
2,HADA,1968,5
2,HADA,1969,5
2,HADA,1970,5
2,HADA,1972,5
2,HADA,1973,10
2,HADA,1974,5
2,HADA,1975,5
2,HADA,1977,5
2,HADA,1978,5
2,HADA,1979,5
2,HADA,1980,5
2,HADA,1981,5
2,HADA,1982,5
2,HADA,1983,5
2,HADA,1984,5
2,HADA,1985,10
2,HADA,1986,5
2,HADA,1987,5
2,HADA,1988,5
2,HADA,1989,5
2,HADA,1990,5
2,HADA,1992,5
2,HADA,1998,5
2,HADA,1999,5
2,HADA,2001,5
2,HADA,2002,5
2,HADA,2004,5
2,HADA,2005,5
2,HADJA,1965,5
2,HADJA,1966,5
2,HADJA,1968,5
2,HADJA,1971,5
2,HADJA,1973,5
2,HADJA,1974,5
2,HADJA,1976,5
2,HADJA,1977,5
2,HADJA,1979,5
2,HADJA,1980,5
2,HADJA,1981,5
2,HADJA,1983,5
2,HADJA,1984,10
2,HADJA,1985,5
2,HADJA,1986,5
2,HADJA,1987,5
2,HADJA,1988,5
2,HADJA,1989,5
2,HADJA,1990,10
2,HADJA,1991,15
2,HADJA,1992,10
2,HADJA,1993,5
2,HADJA,1994,5
2,HADJA,1995,5
2,HADJA,1996,5
2,HADJA,1997,10
2,HADJA,1998,10
2,HADJA,1999,15
2,HADJA,2000,10
2,HADJA,2001,15
2,HADJA,2002,15
2,HADJA,2003,15
2,HADJA,2004,15
2,HADJA,2005,5
2,HELENA,1943,30
2,HELENA,1945,25
2,HELENA,1946,20
2,HELENA,1947,20
2,HELENA,1950,20
2,HELENA,1951,20
2,HELENA,1952,10
2,HELENA,1953,15
2,HELENA,1954,20
2,HELENA,1955,25
2,HELENA,1957,25
2,HELENA,1958,30
2,HELENA,1960,40
2,HELENA,1961,45
2,HELENA,1962,50
2,HELENA,1963,55
2,HELENA,1964,55
2,HELENA,1965,45
2,HELENA,1966,65
2,HELENA,1967,60
2,HELENA,1968,65
2,HELENA,1969,90
2,HELENA,1970,105
2,HELENA,1971,130
2,HELENA,1972,130
2,HELENA,1973,125
2,HELENA,1974,135
2,HELENA,1975,110
2,HELENA,1976,75
2,HELENA,1977,115
2,HELENA,1978,80
2,HELENA,1979,125
2,HELENA,1980,125
2,HELENA,1981,140
2,HELENA,1982,115
2,HELENA,1983,90
2,HELENA,1984,125
2,HELENA,1985,135
2,HELENA,1986,125
2,HELENA,1987,135
2,HELENA,1988,155
2,HELENA,1989,205
2,HELENA,1990,175
2,HELENA,1991,195
2,HELENA,1992,205
2,HELENA,1993,220
2,HELENA,1994,190
2,HELENA,1995,185
2,HELENA,1996,180
2,HELENA,1997,185
2,HELENA,1998,175
2,HELENA,1999,270
2,HELENA,2000,275
2,HELENA,2001,325
2,HELENA,2002,370
2,HELENA,2003,320
2,HELENA,2004,290
2,HELENA,2005,325
2,HELENE,1958,5
2,HERVÉ,1953,5
2,HERVÉ,1957,5
2,HUGO,1997,5
2,HUGO,2001,5
2,HUGO,2004,5
2,HUGO,2005,5
2,HÉLÈNA,1960,5
2,HÉLÈNA,1961,5
2,HÉLÈNA,1963,5
2,HÉLÈNA,1964,5
2,HÉLÈNA,1967,5
2,HÉLÈNA,1968,5
2,HÉLÈNA,1970,10
2,HÉLÈNA,1971,5
2,HÉLÈNA,1972,10
2,HÉLÈNA,1973,5
2,HÉLÈNA,1974,5
2,HÉLÈNA,1975,5
2,HÉLÈNA,1976,5
2,HÉLÈNA,1977,10
2,HÉLÈNA,1978,5
2,HÉLÈNA,1979,10
2,HÉLÈNA,1980,10
2,HÉLÈNA,1981,15
2,HÉLÈNA,1982,15
2,HÉLÈNA,1983,15
2,HÉLÈNA,1984,10
2,HÉLÈNA,1985,20
2,HÉLÈNA,1986,20
2,HÉLÈNA,1987,20
2,HÉLÈNA,1988,20
2,HÉLÈNA,1989,25
2,HÉLÈNA,1990,10
2,HÉLÈNA,1991,15
2,HÉLÈNA,1992,10
2,HÉLÈNA,1993,15
2,HÉLÈNA,1994,10
2,HÉLÈNA,1995,15
2,HÉLÈNA,1996,20
2,HÉLÈNA,1997,35
2,HÉLÈNA,1998,30
2,HÉLÈNA,1999,5
2,HÉLÈNA,2003,5
2,HÉLÈNA,2005,5
2,HÉLÈNE,1943,2180
2,HÉLÈNE,1945,2050
2,HÉLÈNE,1946,2680
2,HÉLÈNE,1947,2885
2,HÉLÈNE,1950,2690
2,HÉLÈNE,1951,2485
2,HÉLÈNE,1952,2420
2,HÉLÈNE,1953,2160
2,HÉLÈNE,1954,2035
2,HÉLÈNE,1955,2005
2,HÉLÈNE,1957,2565
2,HÉLÈNE,1958,2640
2,HÉLÈNE,1960,2590
2,HÉLÈNE,1961,2495
2,HÉLÈNE,1962,2425
2,HÉLÈNE,1963,2570
2,HÉLÈNE,1964,2795
2,HÉLÈNE,1965,2925
2,HÉLÈNE,1966,2880
2,HÉLÈNE,1967,2640
2,HÉLÈNE,1968,2580
2,HÉLÈNE,1969,2590
2,HÉLÈNE,1970,2770
2,HÉLÈNE,1971,3145
2,HÉLÈNE,1972,2945
2,HÉLÈNE,1973,3000
2,HÉLÈNE,1974,2950
2,HÉLÈNE,1975,2705
2,HÉLÈNE,1976,2740
2,HÉLÈNE,1977,2900
2,HÉLÈNE,1978,3170
2,HÉLÈNE,1979,3755
2,HÉLÈNE,1980,3725
2,HÉLÈNE,1981,3900
2,HÉLÈNE,1982,3580
2,HÉLÈNE,1983,3095
2,HÉLÈNE,1984,3005
2,HÉLÈNE,1985,2835
2,HÉLÈNE,1986,2465
2,HÉLÈNE,1987,2570
2,HÉLÈNE,1988,2535
2,HÉLÈNE,1989,2315
2,HÉLÈNE,1990,2455
2,HÉLÈNE,1991,2305
2,HÉLÈNE,1992,2315
2,HÉLÈNE,1993,2175
2,HÉLÈNE,1994,1310
2,HÉLÈNE,1995,865
2,HÉLÈNE,1996,740
2,HÉLÈNE,1997,705
2,HÉLÈNE,1998,605
2,HÉLÈNE,1999,560
2,HÉLÈNE,2000,530
2,HÉLÈNE,2001,510
2,HÉLÈNE,2002,390
2,HÉLÈNE,2003,325
2,HÉLÈNE,2004,325
2,HÉLÈNE,2005,285
2,HÉLÉNA,1961,5
2,HÉLÉNA,1963,5
2,HÉLÉNA,1966,5
2,HÉLÉNA,1967,5
2,HÉLÉNA,1968,5
2,HÉLÉNA,1970,10
2,HÉLÉNA,1971,10
2,HÉLÉNA,1972,20
2,HÉLÉNA,1973,10
2,HÉLÉNA,1974,10
2,HÉLÉNA,1975,5
2,HÉLÉNA,1976,5
2,HÉLÉNA,1977,10
2,HÉLÉNA,1978,10
2,HÉLÉNA,1979,10
2,HÉLÉNA,1980,15
2,HÉLÉNA,1981,15
2,HÉLÉNA,1982,20
2,HÉLÉNA,1983,10
2,HÉLÉNA,1984,15
2,HÉLÉNA,1985,25
2,HÉLÉNA,1986,25
2,HÉLÉNA,1987,25
2,HÉLÉNA,1988,15
2,HÉLÉNA,1989,30
2,HÉLÉNA,1990,20
2,HÉLÉNA,1991,20
2,HÉLÉNA,1992,20
2,HÉLÉNA,1993,25
2,HÉLÉNA,1994,10
2,HÉLÉNA,1995,25
2,HÉLÉNA,1996,30
2,HÉLÉNA,1997,60
2,HÉLÉNA,1998,50
2,HÉLÉNA,1999,10
2,HÉLÉNA,2000,5
2,HÉLÉNA,2003,5
2,HÉLÉNA,2004,5
2,HÉLÉNA,2005,5
2,INES,1978,5
2,INES,1984,5
2,INES,1987,5
2,INES,1990,5
2,INES,1992,5
2,INES,1993,5
2,INES,1995,5
2,INES,1997,5
2,INES,1998,10
2,INES,1999,5
2,INES,2000,10
2,INES,2001,10
2,INES,2002,5
2,INES,2003,10
2,INES,2004,10
2,INES,2005,10
2,INÈS,1943,30
2,INÈS,1945,20
2,INÈS,1946,30
2,INÈS,1947,35
2,INÈS,1950,40
2,INÈS,1951,40
2,INÈS,1952,50
2,INÈS,1953,55
2,INÈS,1954,55
2,INÈS,1955,55
2,INÈS,1957,50
2,INÈS,1958,55
2,INÈS,1960,55
2,INÈS,1961,50
2,INÈS,1962,75
2,INÈS,1963,65
2,INÈS,1964,70
2,INÈS,1965,70
2,INÈS,1966,60
2,INÈS,1967,60
2,INÈS,1968,60
2,INÈS,1969,70
2,INÈS,1970,65
2,INÈS,1971,70
2,INÈS,1972,90
2,INÈS,1973,95
2,INÈS,1974,95
2,INÈS,1975,80
2,INÈS,1976,75
2,INÈS,1977,75
2,INÈS,1978,90
2,INÈS,1979,90
2,INÈS,1980,115
2,INÈS,1981,105
2,INÈS,1982,95
2,INÈS,1983,130
2,INÈS,1984,155
2,INÈS,1985,140
2,INÈS,1986,185
2,INÈS,1987,245
2,INÈS,1988,345
2,INÈS,1989,520
2,INÈS,1990,745
2,INÈS,1991,805
2,INÈS,1992,940
2,INÈS,1993,990
2,INÈS,1994,1160
2,INÈS,1995,1525
2,INÈS,1996,1940
2,INÈS,1997,2135
2,INÈS,1998,2990
2,INÈS,1999,3095
2,INÈS,2000,3855
2,INÈS,2001,4155
2,INÈS,2002,4550
2,INÈS,2003,4820
2,INÈS,2004,4660
2,INÈS,2005,4660
2,ISABELLE,1943,265
2,ISABELLE,1945,290
2,ISABELLE,1946,415
2,ISABELLE,1947,510
2,ISABELLE,1950,920
2,ISABELLE,1951,1200
2,ISABELLE,1952,1400
2,ISABELLE,1953,1455
2,ISABELLE,1954,2300
2,ISABELLE,1955,2740
2,ISABELLE,1957,5395
2,ISABELLE,1958,7875
2,ISABELLE,1960,9925
2,ISABELLE,1961,13490
2,ISABELLE,1962,15825
2,ISABELLE,1963,17555
2,ISABELLE,1964,21520
2,ISABELLE,1965,23975
2,ISABELLE,1966,23230
2,ISABELLE,1967,21635
2,ISABELLE,1968,20475
2,ISABELLE,1969,18840
2,ISABELLE,1970,16540
2,ISABELLE,1971,17475
2,ISABELLE,1972,16500
2,ISABELLE,1973,14485
2,ISABELLE,1974,10795
2,ISABELLE,1975,8570
2,ISABELLE,1976,7175
2,ISABELLE,1977,5660
2,ISABELLE,1978,5165
2,ISABELLE,1979,4960
2,ISABELLE,1980,4590
2,ISABELLE,1981,3755
2,ISABELLE,1982,3075
2,ISABELLE,1983,2460
2,ISABELLE,1984,2240
2,ISABELLE,1985,1905
2,ISABELLE,1986,1520
2,ISABELLE,1987,1205
2,ISABELLE,1988,1060
2,ISABELLE,1989,1000
2,ISABELLE,1990,830
2,ISABELLE,1991,725
2,ISABELLE,1992,590
2,ISABELLE,1993,485
2,ISABELLE,1994,430
2,ISABELLE,1995,355
2,ISABELLE,1996,320
2,ISABELLE,1997,240
2,ISABELLE,1998,250
2,ISABELLE,1999,190
2,ISABELLE,2000,180
2,ISABELLE,2001,180
2,ISABELLE,2002,165
2,ISABELLE,2003,145
2,ISABELLE,2004,140
2,ISABELLE,2005,125
2,JACKY,1951,5
2,JACKY,1953,5
2,JACKY,1955,5
2,JACKY,1960,5
2,JACKY,1962,5
2,JACKY,1981,5
2,JACKY,1986,5
2,JACQUES,1945,5
2,JACQUES,1951,5
2,JACQUES,1953,5
2,JACQUES,1954,5
2,JADE,1962,5
2,JADE,1966,5
2,JADE,1967,5
2,JADE,1971,5
2,JADE,1972,5
2,JADE,1973,10
2,JADE,1974,15
2,JADE,1975,10
2,JADE,1976,10
2,JADE,1977,15
2,JADE,1978,5
2,JADE,1979,15
2,JADE,1980,15
2,JADE,1981,25
2,JADE,1982,35
2,JADE,1983,30
2,JADE,1984,35
2,JADE,1985,45
2,JADE,1986,120
2,JADE,1987,165
2,JADE,1988,240
2,JADE,1989,275
2,JADE,1990,285
2,JADE,1991,365
2,JADE,1992,430
2,JADE,1993,530
2,JADE,1994,545
2,JADE,1995,590
2,JADE,1996,780
2,JADE,1997,1080
2,JADE,1998,1235
2,JADE,1999,1725
2,JADE,2000,2100
2,JADE,2001,2590
2,JADE,2002,3210
2,JADE,2003,3365
2,JADE,2004,3660
2,JADE,2005,4025
2,JEAN,1943,5
2,JEAN,1945,15
2,JEAN,1946,15
2,JEAN,1947,25
2,JEAN,1950,20
2,JEAN,1951,10
2,JEAN,1952,25
2,JEAN,1953,15
2,JEAN,1954,20
2,JEAN,1955,20
2,JEAN,1957,15
2,JEAN,1958,10
2,JEAN,1960,5
2,JEAN,1961,5
2,JEAN,1963,5
2,JEAN,1964,5
2,JEAN,1965,5
2,JEAN,1975,5
2,JEAN,1979,5
2,JEAN,1980,5
2,JEAN,2005,5
2,JENNIFER,1950,5
2,JENNIFER,1951,5
2,JENNIFER,1952,5
2,JENNIFER,1953,5
2,JENNIFER,1954,5
2,JENNIFER,1955,5
2,JENNIFER,1957,10
2,JENNIFER,1958,15
2,JENNIFER,1960,10
2,JENNIFER,1961,10
2,JENNIFER,1962,20
2,JENNIFER,1963,10
2,JENNIFER,1964,15
2,JENNIFER,1965,20
2,JENNIFER,1966,20
2,JENNIFER,1967,25
2,JENNIFER,1968,25
2,JENNIFER,1969,50
2,JENNIFER,1970,60
2,JENNIFER,1971,145
2,JENNIFER,1972,225
2,JENNIFER,1973,355
2,JENNIFER,1974,335
2,JENNIFER,1975,380
2,JENNIFER,1976,385
2,JENNIFER,1977,710
2,JENNIFER,1978,1500
2,JENNIFER,1979,1785
2,JENNIFER,1980,1800
2,JENNIFER,1981,2370
2,JENNIFER,1982,2845
2,JENNIFER,1983,2675
2,JENNIFER,1984,5360
2,JENNIFER,1985,6330
2,JENNIFER,1986,6290
2,JENNIFER,1987,4640
2,JENNIFER,1988,3860
2,JENNIFER,1989,3550
2,JENNIFER,1990,3515
2,JENNIFER,1991,3175
2,JENNIFER,1992,2655
2,JENNIFER,1993,1855
2,JENNIFER,1994,1510
2,JENNIFER,1995,1130
2,JENNIFER,1996,955
2,JENNIFER,1997,750
2,JENNIFER,1998,585
2,JENNIFER,1999,580
2,JENNIFER,2000,515
2,JENNIFER,2001,430
2,JENNIFER,2002,465
2,JENNIFER,2003,300
2,JENNIFER,2004,205
2,JENNIFER,2005,150
2,JEROME,1943,5
2,JEROME,1945,5
2,JEROME,1947,5
2,JEROME,1950,5
2,JEROME,1951,5
2,JEROME,1953,5
2,JEROME,1955,5
2,JEROME,1960,5
2,JEROME,1964,5
2,JEROME,1965,5
2,JESSICA,1950,5
2,JESSICA,1954,5
2,JESSICA,1957,5
2,JESSICA,1958,5
2,JESSICA,1960,5
2,JESSICA,1961,5
2,JESSICA,1962,5
2,JESSICA,1963,5
2,JESSICA,1964,5
2,JESSICA,1965,5
2,JESSICA,1966,15
2,JESSICA,1967,20
2,JESSICA,1968,15
2,JESSICA,1969,15
2,JESSICA,1970,20
2,JESSICA,1971,35
2,JESSICA,1972,50
2,JESSICA,1973,125
2,JESSICA,1974,125
2,JESSICA,1975,290
2,JESSICA,1976,325
2,JESSICA,1977,835
2,JESSICA,1978,1295
2,JESSICA,1979,2170
2,JESSICA,1980,1635
2,JESSICA,1981,2650
2,JESSICA,1982,5175
2,JESSICA,1983,4875
2,JESSICA,1984,4960
2,JESSICA,1985,4495
2,JESSICA,1986,4115
2,JESSICA,1987,3735
2,JESSICA,1988,3735
2,JESSICA,1989,3505
2,JESSICA,1990,3445
2,JESSICA,1991,3205
2,JESSICA,1992,2705
2,JESSICA,1993,2290
2,JESSICA,1994,1790
2,JESSICA,1995,1585
2,JESSICA,1996,1290
2,JESSICA,1997,1155
2,JESSICA,1998,1050
2,JESSICA,1999,930
2,JESSICA,2000,880
2,JESSICA,2001,760
2,JESSICA,2002,815
2,JESSICA,2003,615
2,JESSICA,2004,535
2,JESSICA,2005,435
2,JOANA,1952,5
2,JOANA,1964,5
2,JOANA,1968,5
2,JOANA,1969,5
2,JOANA,1970,10
2,JOANA,1971,10
2,JOANA,1972,15
2,JOANA,1973,15
2,JOANA,1974,10
2,JOANA,1975,10
2,JOANA,1976,20
2,JOANA,1977,20
2,JOANA,1978,30
2,JOANA,1979,30
2,JOANA,1980,40
2,JOANA,1981,45
2,JOANA,1982,40
2,JOANA,1983,40
2,JOANA,1984,50
2,JOANA,1985,55
2,JOANA,1986,60
2,JOANA,1987,60
2,JOANA,1988,65
2,JOANA,1989,65
2,JOANA,1990,85
2,JOANA,1991,80
2,JOANA,1992,105
2,JOANA,1993,115
2,JOANA,1994,110
2,JOANA,1995,100
2,JOANA,1996,120
2,JOANA,1997,145
2,JOANA,1998,145
2,JOANA,1999,125
2,JOANA,2000,130
2,JOANA,2001,145
2,JOANA,2002,120
2,JOANA,2003,125
2,JOANA,2004,135
2,JOANA,2005,145
2,JOAQUINA,1958,5
2,JOAQUINA,1960,5
2,JOAQUINA,1961,5
2,JOAQUINA,1963,5
2,JOAQUINA,1964,5
2,JOAQUINA,1965,5
2,JOAQUINA,1966,10
2,JOAQUINA,1967,5
2,JOAQUINA,1968,10
2,JOAQUINA,1969,10
2,JOAQUINA,1970,10
2,JOAQUINA,1971,15
2,JOAQUINA,1972,10
2,JOAQUINA,1973,5
2,JOAQUINA,1974,5
2,JOAQUINA,1975,5
2,JOAQUINA,1977,5
2,JOAQUINA,1981,5
2,JOAQUINA,1982,5
2,JOAQUINA,1984,5
2,JOAQUINA,1994,5
2,JODY,1983,5
2,JODY,1984,5
2,JODY,1985,5
2,JODY,1986,5
2,JODY,1987,25
2,JODY,1988,30
2,JODY,1989,40
2,JODY,1990,25
2,JODY,1991,25
2,JODY,1992,30
2,JODY,1993,25
2,JODY,1994,15
2,JODY,1995,20
2,JODY,1996,20
2,JODY,1997,25
2,JODY,1998,25
2,JODY,1999,20
2,JODY,2000,20
2,JODY,2001,15
2,JODY,2002,10
2,JODY,2003,20
2,JODY,2004,20
2,JODY,2005,10
2,JOELLE,1955,5
2,JOHAN,1972,5
2,JOHAN,1973,5
2,JOHAN,1974,5
2,JOHAN,1975,5
2,JOHAN,1979,5
2,JOHAN,1980,5
2,JOHAN,1982,5
2,JOHAN,1990,5
2,JOHAN,1995,5
2,JOHAN,1998,5
2,JOHAN,2003,5
2,JONATHAN,1984,5
2,JOSEPH,1945,5
2,JOSEPH,1946,5
2,JOSEPH,1950,5
2,JOSEPH,1952,5
2,JOSEPH,1953,5
2,JOSEPH,1962,5
2,JOSEPH,1963,5
2,JOËLLE,1943,860
2,JOËLLE,1945,1340
2,JOËLLE,1946,2315
2,JOËLLE,1947,2590
2,JOËLLE,1950,4450
2,JOËLLE,1951,4945
2,JOËLLE,1952,5955
2,JOËLLE,1953,5945
2,JOËLLE,1954,5805
2,JOËLLE,1955,5085
2,JOËLLE,1957,4085
2,JOËLLE,1958,3535
2,JOËLLE,1960,3425
2,JOËLLE,1961,3220
2,JOËLLE,1962,2785
2,JOËLLE,1963,2520
2,JOËLLE,1964,2065
2,JOËLLE,1965,1735
2,JOËLLE,1966,1440
2,JOËLLE,1967,1225
2,JOËLLE,1968,980
2,JOËLLE,1969,945
2,JOËLLE,1970,715
2,JOËLLE,1971,670
2,JOËLLE,1972,580
2,JOËLLE,1973,530
2,JOËLLE,1974,425
2,JOËLLE,1975,390
2,JOËLLE,1976,350
2,JOËLLE,1977,365
2,JOËLLE,1978,310
2,JOËLLE,1979,275
2,JOËLLE,1980,325
2,JOËLLE,1981,325
2,JOËLLE,1982,290
2,JOËLLE,1983,240
2,JOËLLE,1984,230
2,JOËLLE,1985,200
2,JOËLLE,1986,190
2,JOËLLE,1987,155
2,JOËLLE,1988,130
2,JOËLLE,1989,90
2,JOËLLE,1990,105
2,JOËLLE,1991,90
2,JOËLLE,1992,75
2,JOËLLE,1993,75
2,JOËLLE,1994,65
2,JOËLLE,1995,40
2,JOËLLE,1996,50
2,JOËLLE,1997,50
2,JOËLLE,1998,25
2,JOËLLE,1999,20
2,JOËLLE,2000,40
2,JOËLLE,2001,25
2,JOËLLE,2002,25
2,JOËLLE,2003,25
2,JOËLLE,2004,15
2,JOËLLE,2005,10
2,JULIE,1943,70
2,JULIE,1945,65
2,JULIE,1946,75
2,JULIE,1947,70
2,JULIE,1950,65
2,JULIE,1951,70
2,JULIE,1952,60
2,JULIE,1953,50
2,JULIE,1954,50
2,JULIE,1955,50
2,JULIE,1957,65
2,JULIE,1958,90
2,JULIE,1960,45
2,JULIE,1961,60
2,JULIE,1962,60
2,JULIE,1963,55
2,JULIE,1964,50
2,JULIE,1965,50
2,JULIE,1966,65
2,JULIE,1967,70
2,JULIE,1968,145
2,JULIE,1969,175
2,JULIE,1970,275
2,JULIE,1971,405
2,JULIE,1972,520
2,JULIE,1973,775
2,JULIE,1974,1005
2,JULIE,1975,1305
2,JULIE,1976,1720
2,JULIE,1977,2565
2,JULIE,1978,3605
2,JULIE,1979,3755
2,JULIE,1980,5245
2,JULIE,1981,6145
2,JULIE,1982,7195
2,JULIE,1983,8315
2,JULIE,1984,8445
2,JULIE,1985,8735
2,JULIE,1986,8965
2,JULIE,1987,9935
2,JULIE,1988,8680
2,JULIE,1989,8015
2,JULIE,1990,7450
2,JULIE,1991,6950
2,JULIE,1992,6220
2,JULIE,1993,5680
2,JULIE,1994,5520
2,JULIE,1995,5255
2,JULIE,1996,5330
2,JULIE,1997,5015
2,JULIE,1998,4945
2,JULIE,1999,4980
2,JULIE,2000,4810
2,JULIE,2001,4470
2,JULIE,2002,3770
2,JULIE,2003,3570
2,JULIE,2004,3275
2,JULIE,2005,3110
2,JULIEN,1955,5
2,JULIEN,1996,5
2,JULIEN,2000,5
2,JÉNNIFER,1984,5
2,JÉNNIFER,1985,5
2,JÉSSICA,1982,5
2,JÉSSICA,1983,5
2,JÉSSICA,1984,5
2,JÉSSICA,1985,5
2,JÉSSICA,1986,5
2,JÉSSICA,1987,5
2,JÉSSICA,1988,5
2,JÉSSICA,1991,5
2,KADER,1977,5
2,KADER,1978,5
2,KADER,1981,5
2,KADER,1985,5
2,KADER,1986,5
2,KADER,1987,5
2,KADER,1989,5
2,KADER,1990,10
2,KADER,1991,5
2,KADER,1995,5
2,KADER,1996,10
2,KADER,1997,10
2,KADER,1998,10
2,KADER,1999,5
2,KADER,2000,5
2,KADER,2003,5
2,KADER,2005,5
2,KAOUTHER,1977,5
2,KAOUTHER,1979,5
2,KAOUTHER,1980,5
2,KAOUTHER,1982,5
2,KAOUTHER,1984,5
2,KAOUTHER,1986,5
2,KAOUTHER,1988,5
2,KAOUTHER,1990,5
2,KAOUTHER,1991,5
2,KAOUTHER,1993,5
2,KAOUTHER,1994,5
2,KAOUTHER,1995,5
2,KAOUTHER,2000,5
2,KAOUTHER,2004,5
2,KARIMA,1952,5
2,KARIMA,1953,5
2,KARIMA,1954,5
2,KARIMA,1955,5
2,KARIMA,1957,25
2,KARIMA,1958,30
2,KARIMA,1960,55
2,KARIMA,1961,85
2,KARIMA,1962,110
2,KARIMA,1963,115
2,KARIMA,1964,130
2,KARIMA,1965,155
2,KARIMA,1966,150
2,KARIMA,1967,160
2,KARIMA,1968,170
2,KARIMA,1969,215
2,KARIMA,1970,280
2,KARIMA,1971,330
2,KARIMA,1972,330
2,KARIMA,1973,375
2,KARIMA,1974,405
2,KARIMA,1975,410
2,KARIMA,1976,445
2,KARIMA,1977,410
2,KARIMA,1978,430
2,KARIMA,1979,450
2,KARIMA,1980,450
2,KARIMA,1981,500
2,KARIMA,1982,480
2,KARIMA,1983,520
2,KARIMA,1984,455
2,KARIMA,1985,405
2,KARIMA,1986,335
2,KARIMA,1987,320
2,KARIMA,1988,285
2,KARIMA,1989,245
2,KARIMA,1990,250
2,KARIMA,1991,195
2,KARIMA,1992,175
2,KARIMA,1993,160
2,KARIMA,1994,135
2,KARIMA,1995,120
2,KARIMA,1996,80
2,KARIMA,1997,65
2,KARIMA,1998,75
2,KARIMA,1999,65
2,KARIMA,2000,65
2,KARIMA,2001,65
2,KARIMA,2002,40
2,KARIMA,2003,35
2,KARIMA,2004,45
2,KARIMA,2005,45
2,KARINE,1943,10
2,KARINE,1945,5
2,KARINE,1946,5
2,KARINE,1947,10
2,KARINE,1950,15
2,KARINE,1951,20
2,KARINE,1952,25
2,KARINE,1953,30
2,KARINE,1954,35
2,KARINE,1955,55
2,KARINE,1957,65
2,KARINE,1958,90
2,KARINE,1960,155
2,KARINE,1961,195
2,KARINE,1962,275
2,KARINE,1963,465
2,KARINE,1964,575
2,KARINE,1965,780
2,KARINE,1966,1615
2,KARINE,1967,3205
2,KARINE,1968,4435
2,KARINE,1969,5985
2,KARINE,1970,8250
2,KARINE,1971,10160
2,KARINE,1972,11665
2,KARINE,1973,11400
2,KARINE,1974,9475
2,KARINE,1975,8845
2,KARINE,1976,7330
2,KARINE,1977,6335
2,KARINE,1978,4740
2,KARINE,1979,3840
2,KARINE,1980,3430
2,KARINE,1981,2935
2,KARINE,1982,2295
2,KARINE,1983,1845
2,KARINE,1984,1500
2,KARINE,1985,1180
2,KARINE,1986,1020
2,KARINE,1987,895
2,KARINE,1988,800
2,KARINE,1989,725
2,KARINE,1990,615
2,KARINE,1991,545
2,KARINE,1992,445
2,KARINE,1993,395
2,KARINE,1994,305
2,KARINE,1995,290
2,KARINE,1996,260
2,KARINE,1997,190
2,KARINE,1998,185
2,KARINE,1999,125
2,KARINE,2000,100
2,KARINE,2001,100
2,KARINE,2002,100
2,KARINE,2003,70
2,KARINE,2004,65
2,KARINE,2005,55
2,KELLY,1955,5
2,KELLY,1957,5
2,KELLY,1958,5
2,KELLY,1960,15
2,KELLY,1961,5
2,KELLY,1962,15
2,KELLY,1963,10
2,KELLY,1964,10
2,KELLY,1965,5
2,KELLY,1966,10
2,KELLY,1967,5
2,KELLY,1969,5
2,KELLY,1970,5
2,KELLY,1971,5
2,KELLY,1972,10
2,KELLY,1973,10
2,KELLY,1974,10
2,KELLY,1975,10
2,KELLY,1976,15
2,KELLY,1977,25
2,KELLY,1978,130
2,KELLY,1979,200
2,KELLY,1980,245
2,KELLY,1981,425
2,KELLY,1982,350
2,KELLY,1983,395
2,KELLY,1984,345
2,KELLY,1985,325
2,KELLY,1986,1065
2,KELLY,1987,1105
2,KELLY,1988,925
2,KELLY,1989,1135
2,KELLY,1990,1075
2,KELLY,1991,1085
2,KELLY,1992,1055
2,KELLY,1993,945
2,KELLY,1994,960
2,KELLY,1995,1265
2,KELLY,1996,1060
2,KELLY,1997,910
2,KELLY,1998,885
2,KELLY,1999,850
2,KELLY,2000,740
2,KELLY,2001,675
2,KELLY,2002,590
2,KELLY,2003,560
2,KELLY,2004,510
2,KELLY,2005,470
2,KEVIN,1986,5
2,KEVIN,1989,5
2,LAETITIA,1946,5
2,LAETITIA,1950,10
2,LAETITIA,1952,10
2,LAETITIA,1953,10
2,LAETITIA,1954,5
2,LAETITIA,1955,10
2,LAETITIA,1957,20
2,LAETITIA,1958,20
2,LAETITIA,1960,25
2,LAETITIA,1961,25
2,LAETITIA,1962,40
2,LAETITIA,1963,40
2,LAETITIA,1964,95
2,LAETITIA,1965,85
2,LAETITIA,1966,110
2,LAETITIA,1967,240
2,LAETITIA,1968,615
2,LAETITIA,1969,1025
2,LAETITIA,1970,1300
2,LAETITIA,1971,2010
2,LAETITIA,1972,2485
2,LAETITIA,1973,3005
2,LAETITIA,1974,3500
2,LAETITIA,1975,5155
2,LAETITIA,1976,5155
2,LAETITIA,1977,6745
2,LAETITIA,1978,7590
2,LAETITIA,1979,7710
2,LAETITIA,1980,7415
2,LAETITIA,1981,7985
2,LAETITIA,1982,8380
2,LAETITIA,1983,6855
2,LAETITIA,1984,6805
2,LAETITIA,1985,5635
2,LAETITIA,1986,5360
2,LAETITIA,1987,4595
2,LAETITIA,1988,3755
2,LAETITIA,1989,3535
2,LAETITIA,1990,3365
2,LAETITIA,1991,2995
2,LAETITIA,1992,2730
2,LAETITIA,1993,2175
2,LAETITIA,1994,1740
2,LAETITIA,1995,1610
2,LAETITIA,1996,1300
2,LAETITIA,1997,1110
2,LAETITIA,1998,910
2,LAETITIA,1999,1040
2,LAETITIA,2000,1000
2,LAETITIA,2001,820
2,LAETITIA,2002,640
2,LAETITIA,2003,515
2,LAETITIA,2004,495
2,LAETITIA,2005,405
2,LAURA,1943,10
2,LAURA,1945,5
2,LAURA,1946,10
2,LAURA,1947,30
2,LAURA,1950,35
2,LAURA,1951,35
2,LAURA,1952,40
2,LAURA,1953,50
2,LAURA,1954,40
2,LAURA,1955,55
2,LAURA,1957,55
2,LAURA,1958,70
2,LAURA,1960,110
2,LAURA,1961,115
2,LAURA,1962,110
2,LAURA,1963,100
2,LAURA,1964,120
2,LAURA,1965,160
2,LAURA,1966,180
2,LAURA,1967,190
2,LAURA,1968,170
2,LAURA,1969,205
2,LAURA,1970,170
2,LAURA,1971,230
2,LAURA,1972,155
2,LAURA,1973,195
2,LAURA,1974,185
2,LAURA,1975,235
2,LAURA,1976,240
2,LAURA,1977,340
2,LAURA,1978,445
2,LAURA,1979,365
2,LAURA,1980,505
2,LAURA,1981,545
2,LAURA,1982,575
2,LAURA,1983,845
2,LAURA,1984,2275
2,LAURA,1985,2530
2,LAURA,1986,2600
2,LAURA,1987,4345
2,LAURA,1988,9240
2,LAURA,1989,8070
2,LAURA,1990,7920
2,LAURA,1991,7285
2,LAURA,1992,7485
2,LAURA,1993,7555
2,LAURA,1994,7925
2,LAURA,1995,7575
2,LAURA,1996,7420
2,LAURA,1997,5910
2,LAURA,1998,5540
2,LAURA,1999,5375
2,LAURA,2000,5225
2,LAURA,2001,4575
2,LAURA,2002,3755
2,LAURA,2003,3295
2,LAURA,2004,3250
2,LAURA,2005,2740
2,LAURE,1943,95
2,LAURE,1945,110
2,LAURE,1946,155
2,LAURE,1947,145
2,LAURE,1950,280
2,LAURE,1951,265
2,LAURE,1952,260
2,LAURE,1953,290
2,LAURE,1954,305
2,LAURE,1955,330
2,LAURE,1957,345
2,LAURE,1958,405
2,LAURE,1960,490
2,LAURE,1961,480
2,LAURE,1962,570
2,LAURE,1963,590
2,LAURE,1964,635
2,LAURE,1965,750
2,LAURE,1966,910
2,LAURE,1967,945
2,LAURE,1968,1265
2,LAURE,1969,1465
2,LAURE,1970,1865
2,LAURE,1971,1745
2,LAURE,1972,1850
2,LAURE,1973,2260
2,LAURE,1974,1790
2,LAURE,1975,1700
2,LAURE,1976,1750
2,LAURE,1977,1890
2,LAURE,1978,1945
2,LAURE,1979,2125
2,LAURE,1980,2130
2,LAURE,1981,2270
2,LAURE,1982,2455
2,LAURE,1983,2160
2,LAURE,1984,2415
2,LAURE,1985,2360
2,LAURE,1986,2130
2,LAURE,1987,1855
2,LAURE,1988,1755
2,LAURE,1989,1630
2,LAURE,1990,1455
2,LAURE,1991,1330
2,LAURE,1992,1150
2,LAURE,1993,990
2,LAURE,1994,990
2,LAURE,1995,930
2,LAURE,1996,880
2,LAURE,1997,950
2,LAURE,1998,950
2,LAURE,1999,970
2,LAURE,2000,1065
2,LAURE,2001,835
2,LAURE,2002,580
2,LAURE,2003,505
2,LAURE,2004,445
2,LAURE,2005,415
2,LAUREEN,1967,5
2,LAUREEN,1970,5
2,LAUREEN,1971,5
2,LAUREEN,1972,5
2,LAUREEN,1973,5
2,LAUREEN,1974,10
2,LAUREEN,1975,5
2,LAUREEN,1976,5
2,LAUREEN,1977,15
2,LAUREEN,1978,10
2,LAUREEN,1979,35
2,LAUREEN,1980,35
2,LAUREEN,1981,35
2,LAUREEN,1982,70
2,LAUREEN,1983,115
2,LAUREEN,1984,120
2,LAUREEN,1985,115
2,LAUREEN,1986,115
2,LAUREEN,1987,120
2,LAUREEN,1988,150
2,LAUREEN,1989,185
2,LAUREEN,1990,205
2,LAUREEN,1991,155
2,LAUREEN,1992,170
2,LAUREEN,1993,135
2,LAUREEN,1994,150
2,LAUREEN,1995,185
2,LAUREEN,1996,170
2,LAUREEN,1997,205
2,LAUREEN,1998,205
2,LAUREEN,1999,270
2,LAUREEN,2000,265
2,LAUREEN,2001,290
2,LAUREEN,2002,190
2,LAUREEN,2003,155
2,LAUREEN,2004,145
2,LAUREEN,2005,115
2,LAURENCE,1943,125
2,LAURENCE,1945,190
2,LAURENCE,1946,265
2,LAURENCE,1947,340
2,LAURENCE,1950,480
2,LAURENCE,1951,710
2,LAURENCE,1952,730
2,LAURENCE,1953,870
2,LAURENCE,1954,1290
2,LAURENCE,1955,1360
2,LAURENCE,1957,2065
2,LAURENCE,1958,2830
2,LAURENCE,1960,4375
2,LAURENCE,1961,5370
2,LAURENCE,1962,6470
2,LAURENCE,1963,8015
2,LAURENCE,1964,8965
2,LAURENCE,1965,11560
2,LAURENCE,1966,11780
2,LAURENCE,1967,11470
2,LAURENCE,1968,11120
2,LAURENCE,1969,11235
2,LAURENCE,1970,10560
2,LAURENCE,1971,10190
2,LAURENCE,1972,7350
2,LAURENCE,1973,6180
2,LAURENCE,1974,4545
2,LAURENCE,1975,3595
2,LAURENCE,1976,3315
2,LAURENCE,1977,2850
2,LAURENCE,1978,2440
2,LAURENCE,1979,2110
2,LAURENCE,1980,1775
2,LAURENCE,1981,1505
2,LAURENCE,1982,1225
2,LAURENCE,1983,965
2,LAURENCE,1984,910
2,LAURENCE,1985,710
2,LAURENCE,1986,610
2,LAURENCE,1987,525
2,LAURENCE,1988,415
2,LAURENCE,1989,335
2,LAURENCE,1990,310
2,LAURENCE,1991,245
2,LAURENCE,1992,200
2,LAURENCE,1993,175
2,LAURENCE,1994,160
2,LAURENCE,1995,130
2,LAURENCE,1996,115
2,LAURENCE,1997,90
2,LAURENCE,1998,80
2,LAURENCE,1999,65
2,LAURENCE,2000,65
2,LAURENCE,2001,50
2,LAURENCE,2002,30
2,LAURENCE,2003,35
2,LAURENCE,2004,30
2,LAURENCE,2005,25
2,LAURENT,1946,5
2,LAURENT,1947,5
2,LAURENT,1951,5
2,LAURENT,1962,5
2,LAÉTITIA,1967,5
2,LAÉTITIA,1968,5
2,LAÉTITIA,1969,10
2,LAÉTITIA,1970,10
2,LAÉTITIA,1971,10
2,LAÉTITIA,1972,15
2,LAÉTITIA,1973,30
2,LAÉTITIA,1974,25
2,LAÉTITIA,1975,35
2,LAÉTITIA,1976,20
2,LAÉTITIA,1977,40
2,LAÉTITIA,1978,60
2,LAÉTITIA,1979,50
2,LAÉTITIA,1980,55
2,LAÉTITIA,1981,65
2,LAÉTITIA,1982,65
2,LAÉTITIA,1983,60
2,LAÉTITIA,1984,70
2,LAÉTITIA,1985,65
2,LAÉTITIA,1986,40
2,LAÉTITIA,1987,45
2,LAÉTITIA,1988,30
2,LAÉTITIA,1989,20
2,LAÉTITIA,1990,20
2,LAÉTITIA,1991,10
2,LAÉTITIA,1992,10
2,LAÉTITIA,1993,10
2,LAÉTITIA,1994,5
2,LAÉTITIA,1995,5
2,LAÉTITIA,1996,10
2,LAÉTITIA,1997,15
2,LAÉTITIA,1998,10
2,LAÊTITIA,1973,5
2,LAÊTITIA,1980,5
2,LAÊTITIA,1981,5
2,LAÊTITIA,1983,5
2,LAÊTITIA,1984,5
2,LAÊTITIA,1986,5
2,LAËTITIA,1958,5
2,LAËTITIA,1964,5
2,LAËTITIA,1965,5
2,LAËTITIA,1966,5
2,LAËTITIA,1967,10
2,LAËTITIA,1968,30
2,LAËTITIA,1969,45
2,LAËTITIA,1970,50
2,LAËTITIA,1971,105
2,LAËTITIA,1972,115
2,LAËTITIA,1973,140
2,LAËTITIA,1974,175
2,LAËTITIA,1975,315
2,LAËTITIA,1976,290
2,LAËTITIA,1977,425
2,LAËTITIA,1978,485
2,LAËTITIA,1979,520
2,LAËTITIA,1980,575
2,LAËTITIA,1981,660
2,LAËTITIA,1982,695
2,LAËTITIA,1983,620
2,LAËTITIA,1984,630
2,LAËTITIA,1985,520
2,LAËTITIA,1986,590
2,LAËTITIA,1987,430
2,LAËTITIA,1988,390
2,LAËTITIA,1989,300
2,LAËTITIA,1990,225
2,LAËTITIA,1991,200
2,LAËTITIA,1992,145
2,LAËTITIA,1993,145
2,LAËTITIA,1994,115
2,LAËTITIA,1995,110
2,LAËTITIA,1996,185
2,LAËTITIA,1997,195
2,LAËTITIA,1998,190
2,LAËTITIA,1999,30
2,LAËTITIA,2000,5
2,LAËTITIA,2001,5
2,LAËTITIA,2002,5
2,LAËTITIA,2003,5
2,LAËTITIA,2005,5
2,LEA,1993,5
2,LEA,1994,5
2,LEA,1995,5
2,LEA,1997,5
2,LEA,1998,5
2,LEA,1999,5
2,LEA,2001,5
2,LEA,2002,5
2,LEA,2003,5
2,LEA,2004,5
2,LEA,2005,5
2,LILI,1943,10
2,LILI,1945,5
2,LILI,1947,5
2,LILI,1950,5
2,LILI,1951,5
2,LILI,1952,5
2,LILI,1954,5
2,LILI,1957,5
2,LILI,1973,5
2,LILI,1977,5
2,LILI,1980,5
2,LILI,1981,5
2,LILI,1982,5
2,LILI,1983,5
2,LILI,1984,10
2,LILI,1985,5
2,LILI,1986,15
2,LILI,1987,10
2,LILI,1988,10
2,LILI,1989,10
2,LILI,1990,10
2,LILI,1991,10
2,LILI,1992,20
2,LILI,1993,15
2,LILI,1994,35
2,LILI,1995,30
2,LILI,1996,20
2,LILI,1997,30
2,LILI,1998,45
2,LILI,1999,75
2,LILI,2000,115
2,LILI,2001,190
2,LILI,2002,185
2,LILI,2003,240
2,LILI,2004,335
2,LILI,2005,380
2,LINDA,1943,10
2,LINDA,1945,5
2,LINDA,1946,10
2,LINDA,1947,15
2,LINDA,1950,80
2,LINDA,1951,90
2,LINDA,1952,115
2,LINDA,1953,120
2,LINDA,1954,165
2,LINDA,1955,130
2,LINDA,1957,170
2,LINDA,1958,165
2,LINDA,1960,325
2,LINDA,1961,250
2,LINDA,1962,245
2,LINDA,1963,275
2,LINDA,1964,225
2,LINDA,1965,180
2,LINDA,1966,230
2,LINDA,1967,275
2,LINDA,1968,265
2,LINDA,1969,340
2,LINDA,1970,490
2,LINDA,1971,630
2,LINDA,1972,900
2,LINDA,1973,1070
2,LINDA,1974,1125
2,LINDA,1975,1110
2,LINDA,1976,1115
2,LINDA,1977,1270
2,LINDA,1978,1140
2,LINDA,1979,1250
2,LINDA,1980,1290
2,LINDA,1981,1295
2,LINDA,1982,1515
2,LINDA,1983,1255
2,LINDA,1984,1035
2,LINDA,1985,785
2,LINDA,1986,725
2,LINDA,1987,530
2,LINDA,1988,525
2,LINDA,1989,465
2,LINDA,1990,425
2,LINDA,1991,410
2,LINDA,1992,430
2,LINDA,1993,390
2,LINDA,1994,405
2,LINDA,1995,450
2,LINDA,1996,370
2,LINDA,1997,315
2,LINDA,1998,320
2,LINDA,1999,320
2,LINDA,2000,275
2,LINDA,2001,215
2,LINDA,2002,220
2,LINDA,2003,225
2,LINDA,2004,210
2,LINDA,2005,180
2,LISA,1943,10
2,LISA,1945,10
2,LISA,1946,10
2,LISA,1947,10
2,LISA,1950,10
2,LISA,1951,15
2,LISA,1952,10
2,LISA,1953,15
2,LISA,1954,15
2,LISA,1955,15
2,LISA,1957,20
2,LISA,1958,30
2,LISA,1960,25
2,LISA,1961,30
2,LISA,1962,40
2,LISA,1963,40
2,LISA,1964,50
2,LISA,1965,40
2,LISA,1966,45
2,LISA,1967,20
2,LISA,1968,30
2,LISA,1969,30
2,LISA,1970,55
2,LISA,1971,65
2,LISA,1972,95
2,LISA,1973,110
2,LISA,1974,125
2,LISA,1975,90
2,LISA,1976,100
2,LISA,1977,150
2,LISA,1978,155
2,LISA,1979,170
2,LISA,1980,185
2,LISA,1981,240
2,LISA,1982,255
2,LISA,1983,250
2,LISA,1984,380
2,LISA,1985,400
2,LISA,1986,510
2,LISA,1987,535
2,LISA,1988,635
2,LISA,1989,710
2,LISA,1990,865
2,LISA,1991,1030
2,LISA,1992,1495
2,LISA,1993,1470
2,LISA,1994,1585
2,LISA,1995,2025
2,LISA,1996,2310
2,LISA,1997,2295
2,LISA,1998,2710
2,LISA,1999,2815
2,LISA,2000,3160
2,LISA,2001,3600
2,LISA,2002,3465
2,LISA,2003,3050
2,LISA,2004,2940
2,LISA,2005,2990
2,LOLA,1943,5
2,LOLA,1945,5
2,LOLA,1946,10
2,LOLA,1947,15
2,LOLA,1950,15
2,LOLA,1951,10
2,LOLA,1952,5
2,LOLA,1953,10
2,LOLA,1954,10
2,LOLA,1955,5
2,LOLA,1957,20
2,LOLA,1958,15
2,LOLA,1960,10
2,LOLA,1961,5
2,LOLA,1962,10
2,LOLA,1963,5
2,LOLA,1964,10
2,LOLA,1965,15
2,LOLA,1966,10
2,LOLA,1967,10
2,LOLA,1968,15
2,LOLA,1969,10
2,LOLA,1970,15
2,LOLA,1971,15
2,LOLA,1972,15
2,LOLA,1973,10
2,LOLA,1974,15
2,LOLA,1975,15
2,LOLA,1976,10
2,LOLA,1977,10
2,LOLA,1978,10
2,LOLA,1979,10
2,LOLA,1980,15
2,LOLA,1981,20
2,LOLA,1982,20
2,LOLA,1983,35
2,LOLA,1984,60
2,LOLA,1985,80
2,LOLA,1986,130
2,LOLA,1987,170
2,LOLA,1988,185
2,LOLA,1989,210
2,LOLA,1990,295
2,LOLA,1991,330
2,LOLA,1992,485
2,LOLA,1993,585
2,LOLA,1994,525
2,LOLA,1995,590
2,LOLA,1996,660
2,LOLA,1997,720
2,LOLA,1998,985
2,LOLA,1999,1265
2,LOLA,2000,1460
2,LOLA,2001,1735
2,LOLA,2002,2360
2,LOLA,2003,2820
2,LOLA,2004,2985
2,LOLA,2005,3315
2,LOUANA,1990,5
2,LOUANA,1993,5
2,LOUANA,1994,5
2,LOUANA,1995,5
2,LOUANA,1996,15
2,LOUANA,1997,25
2,LOUANA,1998,30
2,LOUANA,1999,40
2,LOUANA,2000,75
2,LOUANA,2001,60
2,LOUANA,2002,5
2,LOUANA,2004,10
2,LOUANA,2005,15
2,LOUISE,1943,630
2,LOUISE,1945,550
2,LOUISE,1946,665
2,LOUISE,1947,610
2,LOUISE,1950,515
2,LOUISE,1951,410
2,LOUISE,1952,370
2,LOUISE,1953,340
2,LOUISE,1954,295
2,LOUISE,1955,305
2,LOUISE,1957,245
2,LOUISE,1958,235
2,LOUISE,1960,230
2,LOUISE,1961,220
2,LOUISE,1962,190
2,LOUISE,1963,180
2,LOUISE,1964,170
2,LOUISE,1965,125
2,LOUISE,1966,135
2,LOUISE,1967,125
2,LOUISE,1968,95
2,LOUISE,1969,90
2,LOUISE,1970,70
2,LOUISE,1971,100
2,LOUISE,1972,90
2,LOUISE,1973,75
2,LOUISE,1974,70
2,LOUISE,1975,75
2,LOUISE,1976,80
2,LOUISE,1977,70
2,LOUISE,1978,80
2,LOUISE,1979,110
2,LOUISE,1980,130
2,LOUISE,1981,115
2,LOUISE,1982,180
2,LOUISE,1983,250
2,LOUISE,1984,280
2,LOUISE,1985,360
2,LOUISE,1986,400
2,LOUISE,1987,455
2,LOUISE,1988,565
2,LOUISE,1989,665
2,LOUISE,1990,770
2,LOUISE,1991,885
2,LOUISE,1992,1000
2,LOUISE,1993,1105
2,LOUISE,1994,1265
2,LOUISE,1995,1650
2,LOUISE,1996,1770
2,LOUISE,1997,1785
2,LOUISE,1998,2220
2,LOUISE,1999,2390
2,LOUISE,2000,2595
2,LOUISE,2001,2430
2,LOUISE,2002,2290
2,LOUISE,2003,2220
2,LOUISE,2004,2180
2,LOUISE,2005,2275
2,LUCIE,1943,345
2,LUCIE,1945,285
2,LUCIE,1946,355
2,LUCIE,1947,345
2,LUCIE,1950,320
2,LUCIE,1951,300
2,LUCIE,1952,255
2,LUCIE,1953,255
2,LUCIE,1954,235
2,LUCIE,1955,190
2,LUCIE,1957,230
2,LUCIE,1958,225
2,LUCIE,1960,205
2,LUCIE,1961,220
2,LUCIE,1962,255
2,LUCIE,1963,240
2,LUCIE,1964,260
2,LUCIE,1965,230
2,LUCIE,1966,225
2,LUCIE,1967,275
2,LUCIE,1968,230
2,LUCIE,1969,255
2,LUCIE,1970,215
2,LUCIE,1971,250
2,LUCIE,1972,265
2,LUCIE,1973,315
2,LUCIE,1974,310
2,LUCIE,1975,360
2,LUCIE,1976,435
2,LUCIE,1977,530
2,LUCIE,1978,710
2,LUCIE,1979,985
2,LUCIE,1980,1320
2,LUCIE,1981,1605
2,LUCIE,1982,2420
2,LUCIE,1983,2905
2,LUCIE,1984,3075
2,LUCIE,1985,3235
2,LUCIE,1986,3480
2,LUCIE,1987,3450
2,LUCIE,1988,3680
2,LUCIE,1989,3390
2,LUCIE,1990,3395
2,LUCIE,1991,3325
2,LUCIE,1992,3135
2,LUCIE,1993,2800
2,LUCIE,1994,2680
2,LUCIE,1995,2860
2,LUCIE,1996,2760
2,LUCIE,1997,3585
2,LUCIE,1998,4255
2,LUCIE,1999,3950
2,LUCIE,2000,4075
2,LUCIE,2001,4200
2,LUCIE,2002,3985
2,LUCIE,2003,3510
2,LUCIE,2004,3445
2,LUCIE,2005,4020
2,LUDIVINE,1957,5
2,LUDIVINE,1961,5
2,LUDIVINE,1962,5
2,LUDIVINE,1965,5
2,LUDIVINE,1966,10
2,LUDIVINE,1967,10
2,LUDIVINE,1968,5
2,LUDIVINE,1969,10
2,LUDIVINE,1970,10
2,LUDIVINE,1971,20
2,LUDIVINE,1972,15
2,LUDIVINE,1973,530
2,LUDIVINE,1974,500
2,LUDIVINE,1975,935
2,LUDIVINE,1976,1080
2,LUDIVINE,1977,1160
2,LUDIVINE,1978,1060
2,LUDIVINE,1979,1405
2,LUDIVINE,1980,1560
2,LUDIVINE,1981,1520
2,LUDIVINE,1982,1825
2,LUDIVINE,1983,1895
2,LUDIVINE,1984,1655
2,LUDIVINE,1985,1570
2,LUDIVINE,1986,1500
2,LUDIVINE,1987,1565
2,LUDIVINE,1988,1465
2,LUDIVINE,1989,1815
2,LUDIVINE,1990,1570
2,LUDIVINE,1991,1485
2,LUDIVINE,1992,1270
2,LUDIVINE,1993,1100
2,LUDIVINE,1994,1145
2,LUDIVINE,1995,1220
2,LUDIVINE,1996,1320
2,LUDIVINE,1997,1015
2,LUDIVINE,1998,1025
2,LUDIVINE,1999,890
2,LUDIVINE,2000,820
2,LUDIVINE,2001,760
2,LUDIVINE,2002,635
2,LUDIVINE,2003,630
2,LUDIVINE,2004,585
2,LUDIVINE,2005,480
2,LUDOVIC,1952,5
2,LUDOVIC,1966,5
2,LÉA,1943,100
2,LÉA,1945,100
2,LÉA,1946,125
2,LÉA,1947,95
2,LÉA,1950,95
2,LÉA,1951,80
2,LÉA,1952,85
2,LÉA,1953,50
2,LÉA,1954,65
2,LÉA,1955,80
2,LÉA,1957,80
2,LÉA,1958,80
2,LÉA,1960,50
2,LÉA,1961,80
2,LÉA,1962,65
2,LÉA,1963,65
2,LÉA,1964,40
2,LÉA,1965,45
2,LÉA,1966,50
2,LÉA,1967,45
2,LÉA,1968,40
2,LÉA,1969,65
2,LÉA,1970,45
2,LÉA,1971,55
2,LÉA,1972,60
2,LÉA,1973,60
2,LÉA,1974,65
2,LÉA,1975,45
2,LÉA,1976,85
2,LÉA,1977,105
2,LÉA,1978,120
2,LÉA,1979,135
2,LÉA,1980,175
2,LÉA,1981,205
2,LÉA,1982,245
2,LÉA,1983,270
2,LÉA,1984,465
2,LÉA,1985,625
2,LÉA,1986,885
2,LÉA,1987,1025
2,LÉA,1988,1335
2,LÉA,1989,1670
2,LÉA,1990,2195
2,LÉA,1991,2350
2,LÉA,1992,2845
2,LÉA,1993,3530
2,LÉA,1994,4475
2,LÉA,1995,5485
2,LÉA,1996,6150
2,LÉA,1997,7495
2,LÉA,1998,8135
2,LÉA,1999,9640
2,LÉA,2000,10640
2,LÉA,2001,10690
2,LÉA,2002,9720
2,LÉA,2003,8950
2,LÉA,2004,7375
2,LÉA,2005,6625
2,MAEL,1972,5
2,MAEL,1973,5
2,MAEL,1974,5
2,MAEL,1975,5
2,MAEL,1976,5
2,MAEL,1977,10
2,MAEL,1978,5
2,MAEL,1979,5
2,MAEL,1980,5
2,MAEL,1981,5
2,MAEL,1982,5
2,MAEL,1983,5
2,MAEL,1985,5
2,MAEL,1986,5
2,MAEL,1987,5
2,MAEL,1988,5
2,MAEL,1990,5
2,MAEL,1991,5
2,MAEL,1992,10
2,MAEL,1993,5
2,MAEL,1994,15
2,MAEL,1995,5
2,MAEL,1996,10
2,MAEL,1997,10
2,MAEL,1998,10
2,MAEL,1999,20
2,MAEL,2000,25
2,MAEL,2001,25
2,MAEL,2002,30
2,MAEL,2003,25
2,MAEL,2004,40
2,MAEL,2005,40
2,MAGALI,1943,30
2,MAGALI,1945,50
2,MAGALI,1946,85
2,MAGALI,1947,70
2,MAGALI,1950,80
2,MAGALI,1951,115
2,MAGALI,1952,105
2,MAGALI,1953,105
2,MAGALI,1954,110
2,MAGALI,1955,130
2,MAGALI,1957,180
2,MAGALI,1958,200
2,MAGALI,1960,210
2,MAGALI,1961,365
2,MAGALI,1962,545
2,MAGALI,1963,1030
2,MAGALI,1964,1175
2,MAGALI,1965,1575
2,MAGALI,1966,1645
2,MAGALI,1967,1765
2,MAGALI,1968,1920
2,MAGALI,1969,2255
2,MAGALI,1970,2735
2,MAGALI,1971,3490
2,MAGALI,1972,3795
2,MAGALI,1973,4005
2,MAGALI,1974,3840
2,MAGALI,1975,3655
2,MAGALI,1976,3740
2,MAGALI,1977,3810
2,MAGALI,1978,3675
2,MAGALI,1979,3330
2,MAGALI,1980,3570
2,MAGALI,1981,3255
2,MAGALI,1982,2620
2,MAGALI,1983,2205
2,MAGALI,1984,1875
2,MAGALI,1985,1590
2,MAGALI,1986,1345
2,MAGALI,1987,1110
2,MAGALI,1988,955
2,MAGALI,1989,780
2,MAGALI,1990,700
2,MAGALI,1991,510
2,MAGALI,1992,470
2,MAGALI,1993,310
2,MAGALI,1994,320
2,MAGALI,1995,275
2,MAGALI,1996,205
2,MAGALI,1997,195
2,MAGALI,1998,145
2,MAGALI,1999,135
2,MAGALI,2000,135
2,MAGALI,2001,90
2,MAGALI,2002,70
2,MAGALI,2003,40
2,MAGALI,2004,35
2,MAGALI,2005,35
2,MAGALIE,1943,5
2,MAGALIE,1945,5
2,MAGALIE,1946,10
2,MAGALIE,1947,5
2,MAGALIE,1950,5
2,MAGALIE,1951,5
2,MAGALIE,1952,10
2,MAGALIE,1953,10
2,MAGALIE,1954,10
2,MAGALIE,1955,20
2,MAGALIE,1957,15
2,MAGALIE,1958,25
2,MAGALIE,1960,25
2,MAGALIE,1961,40
2,MAGALIE,1962,50
2,MAGALIE,1963,95
2,MAGALIE,1964,120
2,MAGALIE,1965,205
2,MAGALIE,1966,235
2,MAGALIE,1967,265
2,MAGALIE,1968,325
2,MAGALIE,1969,420
2,MAGALIE,1970,550
2,MAGALIE,1971,850
2,MAGALIE,1972,925
2,MAGALIE,1973,1170
2,MAGALIE,1974,1160
2,MAGALIE,1975,1135
2,MAGALIE,1976,1270
2,MAGALIE,1977,1395
2,MAGALIE,1978,1480
2,MAGALIE,1979,1255
2,MAGALIE,1980,1520
2,MAGALIE,1981,1605
2,MAGALIE,1982,1235
2,MAGALIE,1983,1120
2,MAGALIE,1984,960
2,MAGALIE,1985,895
2,MAGALIE,1986,715
2,MAGALIE,1987,635
2,MAGALIE,1988,495
2,MAGALIE,1989,435
2,MAGALIE,1990,345
2,MAGALIE,1991,315
2,MAGALIE,1992,290
2,MAGALIE,1993,220
2,MAGALIE,1994,320
2,MAGALIE,1995,235
2,MAGALIE,1996,160
2,MAGALIE,1997,135
2,MAGALIE,1998,145
2,MAGALIE,1999,115
2,MAGALIE,2000,100
2,MAGALIE,2001,85
2,MAGALIE,2002,55
2,MAGALIE,2003,50
2,MAGALIE,2004,55
2,MAGALIE,2005,40
2,MAMA,1957,5
2,MAMA,1960,5
2,MAMA,1961,5
2,MAMA,1962,5
2,MAMA,1963,5
2,MAMA,1964,5
2,MAMA,1965,10
2,MAMA,1966,10
2,MAMA,1967,5
2,MAMA,1968,5
2,MAMA,1969,10
2,MAMA,1970,10
2,MAMA,1971,10
2,MAMA,1972,15
2,MAMA,1973,15
2,MAMA,1974,10
2,MAMA,1975,5
2,MAMA,1976,10
2,MAMA,1977,10
2,MAMA,1978,10
2,MAMA,1979,15
2,MAMA,1980,10
2,MAMA,1981,10
2,MAMA,1982,10
2,MAMA,1983,10
2,MAMA,1984,25
2,MAMA,1985,20
2,MAMA,1986,15
2,MAMA,1987,15
2,MAMA,1988,15
2,MAMA,1989,20
2,MAMA,1990,20
2,MAMA,1991,20
2,MAMA,1992,20
2,MAMA,1993,15
2,MAMA,1994,15
2,MAMA,1995,10
2,MAMA,1996,15
2,MAMA,1997,15
2,MAMA,1998,15
2,MAMA,1999,20
2,MAMA,2000,20
2,MAMA,2001,25
2,MAMA,2002,25
2,MAMA,2003,20
2,MAMA,2004,25
2,MAMA,2005,25
2,MANON,1943,5
2,MANON,1945,5
2,MANON,1946,10
2,MANON,1947,5
2,MANON,1950,10
2,MANON,1951,10
2,MANON,1952,5
2,MANON,1953,5
2,MANON,1954,5
2,MANON,1955,5
2,MANON,1957,10
2,MANON,1958,10
2,MANON,1960,10
2,MANON,1961,5
2,MANON,1962,5
2,MANON,1964,10
2,MANON,1965,5
2,MANON,1966,5
2,MANON,1967,5
2,MANON,1968,10
2,MANON,1969,10
2,MANON,1970,10
2,MANON,1971,10
2,MANON,1972,25
2,MANON,1973,20
2,MANON,1974,15
2,MANON,1975,25
2,MANON,1976,40
2,MANON,1977,60
2,MANON,1978,75
2,MANON,1979,85
2,MANON,1980,110
2,MANON,1981,115
2,MANON,1982,155
2,MANON,1983,195
2,MANON,1984,195
2,MANON,1985,380
2,MANON,1986,525
2,MANON,1987,755
2,MANON,1988,1535
2,MANON,1989,2235
2,MANON,1990,2775
2,MANON,1991,3430
2,MANON,1992,5320
2,MANON,1993,5945
2,MANON,1994,7475
2,MANON,1995,8235
2,MANON,1996,7605
2,MANON,1997,7380
2,MANON,1998,7630
2,MANON,1999,7470
2,MANON,2000,7845
2,MANON,2001,7575
2,MANON,2002,7555
2,MANON,2003,6895
2,MANON,2004,6260
2,MANON,2005,5905
2,MANU,1995,5
2,MANUELLA,1943,5
2,MANUELLA,1945,10
2,MANUELLA,1946,15
2,MANUELLA,1947,10
2,MANUELLA,1950,20
2,MANUELLA,1951,10
2,MANUELLA,1952,15
2,MANUELLA,1953,15
2,MANUELLA,1954,15
2,MANUELLA,1955,25
2,MANUELLA,1957,30
2,MANUELLA,1958,40
2,MANUELLA,1960,55
2,MANUELLA,1961,60
2,MANUELLA,1962,70
2,MANUELLA,1963,85
2,MANUELLA,1964,90
2,MANUELLA,1965,80
2,MANUELLA,1966,100
2,MANUELLA,1967,100
2,MANUELLA,1968,145
2,MANUELLA,1969,170
2,MANUELLA,1970,160
2,MANUELLA,1971,210
2,MANUELLA,1972,175
2,MANUELLA,1973,200
2,MANUELLA,1974,170
2,MANUELLA,1975,460
2,MANUELLA,1976,410
2,MANUELLA,1977,325
2,MANUELLA,1978,280
2,MANUELLA,1979,280
2,MANUELLA,1980,310
2,MANUELLA,1981,275
2,MANUELLA,1982,225
2,MANUELLA,1983,180
2,MANUELLA,1984,160
2,MANUELLA,1985,160
2,MANUELLA,1986,125
2,MANUELLA,1987,115
2,MANUELLA,1988,150
2,MANUELLA,1989,130
2,MANUELLA,1990,120
2,MANUELLA,1991,110
2,MANUELLA,1992,110
2,MANUELLA,1993,100
2,MANUELLA,1994,85
2,MANUELLA,1995,145
2,MANUELLA,1996,160
2,MANUELLA,1997,160
2,MANUELLA,1998,140
2,MANUELLA,1999,140
2,MANUELLA,2000,120
2,MANUELLA,2001,120
2,MANUELLA,2002,105
2,MANUELLA,2003,100
2,MANUELLA,2004,100
2,MANUELLA,2005,70
2,MARC,1945,5
2,MARC,1946,10
2,MARC,1947,5
2,MARC,1950,5
2,MARC,1951,5
2,MARC,1952,10
2,MARC,1955,5
2,MARC,1957,5
2,MARC,1958,5
2,MARC,1961,5
2,MARC,1963,5
2,MARC,1964,5
2,MARC,1966,5
2,MARC,1967,5
2,MARGOT,1943,10
2,MARGOT,1945,15
2,MARGOT,1946,15
2,MARGOT,1947,15
2,MARGOT,1950,20
2,MARGOT,1951,20
2,MARGOT,1952,10
2,MARGOT,1953,15
2,MARGOT,1954,10
2,MARGOT,1955,10
2,MARGOT,1957,10
2,MARGOT,1958,10
2,MARGOT,1960,15
2,MARGOT,1961,5
2,MARGOT,1962,10
2,MARGOT,1965,5
2,MARGOT,1966,5
2,MARGOT,1967,5
2,MARGOT,1968,5
2,MARGOT,1969,5
2,MARGOT,1970,5
2,MARGOT,1971,5
2,MARGOT,1972,5
2,MARGOT,1973,5
2,MARGOT,1975,5
2,MARGOT,1976,10
2,MARGOT,1977,10
2,MARGOT,1978,15
2,MARGOT,1979,25
2,MARGOT,1980,35
2,MARGOT,1981,40
2,MARGOT,1982,45
2,MARGOT,1983,60
2,MARGOT,1984,80
2,MARGOT,1985,115
2,MARGOT,1986,165
2,MARGOT,1987,320
2,MARGOT,1988,425
2,MARGOT,1989,555
2,MARGOT,1990,790
2,MARGOT,1991,925
2,MARGOT,1992,1000
2,MARGOT,1993,1200
2,MARGOT,1994,1275
2,MARGOT,1995,1420
2,MARGOT,1996,1530
2,MARGOT,1997,1590
2,MARGOT,1998,1710
2,MARGOT,1999,1995
2,MARGOT,2000,1845
2,MARGOT,2001,1655
2,MARGOT,2002,1750
2,MARGOT,2003,1595
2,MARGOT,2004,1705
2,MARGOT,2005,1440
2,MARGUERITE,1943,1535
2,MARGUERITE,1945,1200
2,MARGUERITE,1946,1665
2,MARGUERITE,1947,1490
2,MARGUERITE,1950,1230
2,MARGUERITE,1951,985
2,MARGUERITE,1952,950
2,MARGUERITE,1953,760
2,MARGUERITE,1954,735
2,MARGUERITE,1955,640
2,MARGUERITE,1957,540
2,MARGUERITE,1958,510
2,MARGUERITE,1960,375
2,MARGUERITE,1961,340
2,MARGUERITE,1962,310
2,MARGUERITE,1963,265
2,MARGUERITE,1964,275
2,MARGUERITE,1965,240
2,MARGUERITE,1966,225
2,MARGUERITE,1967,180
2,MARGUERITE,1968,190
2,MARGUERITE,1969,130
2,MARGUERITE,1970,140
2,MARGUERITE,1971,120
2,MARGUERITE,1972,105
2,MARGUERITE,1973,100
2,MARGUERITE,1974,90
2,MARGUERITE,1975,70
2,MARGUERITE,1976,80
2,MARGUERITE,1977,70
2,MARGUERITE,1978,85
2,MARGUERITE,1979,65
2,MARGUERITE,1980,85
2,MARGUERITE,1981,80
2,MARGUERITE,1982,70
2,MARGUERITE,1983,70
2,MARGUERITE,1984,70
2,MARGUERITE,1985,90
2,MARGUERITE,1986,90
2,MARGUERITE,1987,95
2,MARGUERITE,1988,105
2,MARGUERITE,1989,80
2,MARGUERITE,1990,95
2,MARGUERITE,1991,105
2,MARGUERITE,1992,105
2,MARGUERITE,1993,90
2,MARGUERITE,1994,115
2,MARGUERITE,1995,100
2,MARGUERITE,1996,120
2,MARGUERITE,1997,110
2,MARGUERITE,1998,95
2,MARGUERITE,1999,95
2,MARGUERITE,2000,130
2,MARGUERITE,2001,110
2,MARGUERITE,2002,130
2,MARGUERITE,2003,115
2,MARGUERITE,2004,120
2,MARGUERITE,2005,115
2,MARIA,1943,340
2,MARIA,1945,270
2,MARIA,1946,310
2,MARIA,1947,285
2,MARIA,1950,405
2,MARIA,1951,390
2,MARIA,1952,450
2,MARIA,1953,455
2,MARIA,1954,420
2,MARIA,1955,385
2,MARIA,1957,510
2,MARIA,1958,760
2,MARIA,1960,965
2,MARIA,1961,1150
2,MARIA,1962,1360
2,MARIA,1963,1600
2,MARIA,1964,1770
2,MARIA,1965,1865
2,MARIA,1966,2150
2,MARIA,1967,2240
2,MARIA,1968,2295
2,MARIA,1969,2225
2,MARIA,1970,2455
2,MARIA,1971,2605
2,MARIA,1972,2325
2,MARIA,1973,1950
2,MARIA,1974,1575
2,MARIA,1975,1180
2,MARIA,1976,885
2,MARIA,1977,680
2,MARIA,1978,545
2,MARIA,1979,445
2,MARIA,1980,375
2,MARIA,1981,300
2,MARIA,1982,275
2,MARIA,1983,205
2,MARIA,1984,185
2,MARIA,1985,180
2,MARIA,1986,175
2,MARIA,1987,125
2,MARIA,1988,120
2,MARIA,1989,135
2,MARIA,1990,165
2,MARIA,1991,135
2,MARIA,1992,130
2,MARIA,1993,120
2,MARIA,1994,115
2,MARIA,1995,140
2,MARIA,1996,130
2,MARIA,1997,150
2,MARIA,1998,170
2,MARIA,1999,180
2,MARIA,2000,270
2,MARIA,2001,290
2,MARIA,2002,285
2,MARIA,2003,280
2,MARIA,2004,290
2,MARIA,2005,255
2,MARIANNE,1943,205
2,MARIANNE,1945,260
2,MARIANNE,1946,330
2,MARIANNE,1947,350
2,MARIANNE,1950,505
2,MARIANNE,1951,525
2,MARIANNE,1952,465
2,MARIANNE,1953,430
2,MARIANNE,1954,470
2,MARIANNE,1955,540
2,MARIANNE,1957,780
2,MARIANNE,1958,1010
2,MARIANNE,1960,765
2,MARIANNE,1961,770
2,MARIANNE,1962,735
2,MARIANNE,1963,750
2,MARIANNE,1964,670
2,MARIANNE,1965,615
2,MARIANNE,1966,620
2,MARIANNE,1967,530
2,MARIANNE,1968,535
2,MARIANNE,1969,500
2,MARIANNE,1970,445
2,MARIANNE,1971,530
2,MARIANNE,1972,515
2,MARIANNE,1973,625
2,MARIANNE,1974,570
2,MARIANNE,1975,525
2,MARIANNE,1976,590
2,MARIANNE,1977,665
2,MARIANNE,1978,620
2,MARIANNE,1979,600
2,MARIANNE,1980,620
2,MARIANNE,1981,585
2,MARIANNE,1982,600
2,MARIANNE,1983,525
2,MARIANNE,1984,580
2,MARIANNE,1985,575
2,MARIANNE,1986,560
2,MARIANNE,1987,520
2,MARIANNE,1988,485
2,MARIANNE,1989,690
2,MARIANNE,1990,435
2,MARIANNE,1991,470
2,MARIANNE,1992,430
2,MARIANNE,1993,465
2,MARIANNE,1994,515
2,MARIANNE,1995,535
2,MARIANNE,1996,490
2,MARIANNE,1997,510
2,MARIANNE,1998,455
2,MARIANNE,1999,430
2,MARIANNE,2000,320
2,MARIANNE,2001,290
2,MARIANNE,2002,250
2,MARIANNE,2003,235
2,MARIANNE,2004,195
2,MARIANNE,2005,160
2,MARIE,1943,24245
2,MARIE,1945,25170
2,MARIE,1946,31090
2,MARIE,1947,32780
2,MARIE,1950,27935
2,MARIE,1951,24995
2,MARIE,1952,25535
2,MARIE,1953,22450
2,MARIE,1954,23280
2,MARIE,1955,19800
2,MARIE,1957,18040
2,MARIE,1958,17925
2,MARIE,1960,14830
2,MARIE,1961,14075
2,MARIE,1962,12705
2,MARIE,1963,11885
2,MARIE,1964,11320
2,MARIE,1965,9695
2,MARIE,1966,9560
2,MARIE,1967,8085
2,MARIE,1968,7975
2,MARIE,1969,7160
2,MARIE,1970,5585
2,MARIE,1971,5440
2,MARIE,1972,5095
2,MARIE,1973,4850
2,MARIE,1974,5190
2,MARIE,1975,5015
2,MARIE,1976,4830
2,MARIE,1977,5250
2,MARIE,1978,6025
2,MARIE,1979,6575
2,MARIE,1980,7385
2,MARIE,1981,7405
2,MARIE,1982,7200
2,MARIE,1983,7220
2,MARIE,1984,7510
2,MARIE,1985,7850
2,MARIE,1986,7930
2,MARIE,1987,7515
2,MARIE,1988,7340
2,MARIE,1989,6990
2,MARIE,1990,6750
2,MARIE,1991,6685
2,MARIE,1992,7285
2,MARIE,1993,6810
2,MARIE,1994,7210
2,MARIE,1995,7620
2,MARIE,1996,7415
2,MARIE,1997,6765
2,MARIE,1998,6845
2,MARIE,1999,6300
2,MARIE,2000,6385
2,MARIE,2001,5620
2,MARIE,2002,4710
2,MARIE,2003,4810
2,MARIE,2004,4150
2,MARIE,2005,3620
2,MARIE-ANNE,1943,105
2,MARIE-ANNE,1945,90
2,MARIE-ANNE,1946,165
2,MARIE-ANNE,1947,165
2,MARIE-ANNE,1950,185
2,MARIE-ANNE,1951,215
2,MARIE-ANNE,1952,185
2,MARIE-ANNE,1953,235
2,MARIE-ANNE,1954,260
2,MARIE-ANNE,1955,280
2,MARIE-ANNE,1957,345
2,MARIE-ANNE,1958,440
2,MARIE-ANNE,1960,340
2,MARIE-ANNE,1961,315
2,MARIE-ANNE,1962,330
2,MARIE-ANNE,1963,320
2,MARIE-ANNE,1964,255
2,MARIE-ANNE,1965,245
2,MARIE-ANNE,1966,235
2,MARIE-ANNE,1967,235
2,MARIE-ANNE,1968,195
2,MARIE-ANNE,1969,165
2,MARIE-ANNE,1970,150
2,MARIE-ANNE,1971,175
2,MARIE-ANNE,1972,160
2,MARIE-ANNE,1973,160
2,MARIE-ANNE,1974,155
2,MARIE-ANNE,1975,135
2,MARIE-ANNE,1976,155
2,MARIE-ANNE,1977,140
2,MARIE-ANNE,1978,125
2,MARIE-ANNE,1979,150
2,MARIE-ANNE,1980,180
2,MARIE-ANNE,1981,145
2,MARIE-ANNE,1982,130
2,MARIE-ANNE,1983,130
2,MARIE-ANNE,1984,125
2,MARIE-ANNE,1985,95
2,MARIE-ANNE,1986,95
2,MARIE-ANNE,1987,90
2,MARIE-ANNE,1988,95
2,MARIE-ANNE,1989,115
2,MARIE-ANNE,1990,80
2,MARIE-ANNE,1991,90
2,MARIE-ANNE,1992,70
2,MARIE-ANNE,1993,65
2,MARIE-ANNE,1994,80
2,MARIE-ANNE,1995,65
2,MARIE-ANNE,1996,50
2,MARIE-ANNE,1997,50
2,MARIE-ANNE,1998,35
2,MARIE-ANNE,1999,35
2,MARIE-ANNE,2000,30
2,MARIE-ANNE,2001,20
2,MARIE-ANNE,2002,30
2,MARIE-ANNE,2003,20
2,MARIE-ANNE,2004,20
2,MARIE-ANNE,2005,10
2,MARIE-CÉCILE,1943,15
2,MARIE-CÉCILE,1945,25
2,MARIE-CÉCILE,1946,55
2,MARIE-CÉCILE,1947,60
2,MARIE-CÉCILE,1950,105
2,MARIE-CÉCILE,1951,95
2,MARIE-CÉCILE,1952,90
2,MARIE-CÉCILE,1953,115
2,MARIE-CÉCILE,1954,110
2,MARIE-CÉCILE,1955,115
2,MARIE-CÉCILE,1957,115
2,MARIE-CÉCILE,1958,110
2,MARIE-CÉCILE,1960,135
2,MARIE-CÉCILE,1961,105
2,MARIE-CÉCILE,1962,135
2,MARIE-CÉCILE,1963,135
2,MARIE-CÉCILE,1964,115
2,MARIE-CÉCILE,1965,140
2,MARIE-CÉCILE,1966,160
2,MARIE-CÉCILE,1967,140
2,MARIE-CÉCILE,1968,145
2,MARIE-CÉCILE,1969,140
2,MARIE-CÉCILE,1970,160
2,MARIE-CÉCILE,1971,160
2,MARIE-CÉCILE,1972,155
2,MARIE-CÉCILE,1973,115
2,MARIE-CÉCILE,1974,145
2,MARIE-CÉCILE,1975,120
2,MARIE-CÉCILE,1976,105
2,MARIE-CÉCILE,1977,100
2,MARIE-CÉCILE,1978,115
2,MARIE-CÉCILE,1979,120
2,MARIE-CÉCILE,1980,110
2,MARIE-CÉCILE,1981,115
2,MARIE-CÉCILE,1982,110
2,MARIE-CÉCILE,1983,90
2,MARIE-CÉCILE,1984,110
2,MARIE-CÉCILE,1985,105
2,MARIE-CÉCILE,1986,95
2,MARIE-CÉCILE,1987,75
2,MARIE-CÉCILE,1988,60
2,MARIE-CÉCILE,1989,45
2,MARIE-CÉCILE,1990,70
2,MARIE-CÉCILE,1991,50
2,MARIE-CÉCILE,1992,45
2,MARIE-CÉCILE,1993,35
2,MARIE-CÉCILE,1994,30
2,MARIE-CÉCILE,1995,20
2,MARIE-CÉCILE,1996,20
2,MARIE-CÉCILE,1997,25
2,MARIE-CÉCILE,1998,20
2,MARIE-CÉCILE,1999,15
2,MARIE-CÉCILE,2000,10
2,MARIE-CÉCILE,2001,10
2,MARIE-CÉCILE,2002,10
2,MARIE-CÉCILE,2003,10
2,MARIE-CÉCILE,2004,5
2,MARIE-CÉCILE,2005,5
2,MARIE-LAURE,1943,25
2,MARIE-LAURE,1945,35
2,MARIE-LAURE,1946,75
2,MARIE-LAURE,1947,110
2,MARIE-LAURE,1950,205
2,MARIE-LAURE,1951,225
2,MARIE-LAURE,1952,270
2,MARIE-LAURE,1953,325
2,MARIE-LAURE,1954,400
2,MARIE-LAURE,1955,515
2,MARIE-LAURE,1957,540
2,MARIE-LAURE,1958,700
2,MARIE-LAURE,1960,790
2,MARIE-LAURE,1961,860
2,MARIE-LAURE,1962,1040
2,MARIE-LAURE,1963,1110
2,MARIE-LAURE,1964,1115
2,MARIE-LAURE,1965,1125
2,MARIE-LAURE,1966,1240
2,MARIE-LAURE,1967,1355
2,MARIE-LAURE,1968,1290
2,MARIE-LAURE,1969,1450
2,MARIE-LAURE,1970,1730
2,MARIE-LAURE,1971,1465
2,MARIE-LAURE,1972,1160
2,MARIE-LAURE,1973,1250
2,MARIE-LAURE,1974,1085
2,MARIE-LAURE,1975,935
2,MARIE-LAURE,1976,955
2,MARIE-LAURE,1977,920
2,MARIE-LAURE,1978,760
2,MARIE-LAURE,1979,800
2,MARIE-LAURE,1980,955
2,MARIE-LAURE,1981,950
2,MARIE-LAURE,1982,770
2,MARIE-LAURE,1983,755
2,MARIE-LAURE,1984,690
2,MARIE-LAURE,1985,615
2,MARIE-LAURE,1986,490
2,MARIE-LAURE,1987,375
2,MARIE-LAURE,1988,355
2,MARIE-LAURE,1989,310
2,MARIE-LAURE,1990,260
2,MARIE-LAURE,1991,175
2,MARIE-LAURE,1992,170
2,MARIE-LAURE,1993,140
2,MARIE-LAURE,1994,135
2,MARIE-LAURE,1995,95
2,MARIE-LAURE,1996,90
2,MARIE-LAURE,1997,80
2,MARIE-LAURE,1998,65
2,MARIE-LAURE,1999,45
2,MARIE-LAURE,2000,55
2,MARIE-LAURE,2001,40
2,MARIE-LAURE,2002,20
2,MARIE-LAURE,2003,25
2,MARIE-LAURE,2004,25
2,MARIE-LAURE,2005,20
2,MARINE,1943,10
2,MARINE,1945,15
2,MARINE,1946,10
2,MARINE,1947,15
2,MARINE,1950,30
2,MARINE,1951,25
2,MARINE,1952,20
2,MARINE,1953,20
2,MARINE,1954,15
2,MARINE,1955,25
2,MARINE,1957,40
2,MARINE,1958,40
2,MARINE,1960,40
2,MARINE,1961,50
2,MARINE,1962,50
2,MARINE,1963,40
2,MARINE,1964,75
2,MARINE,1965,45
2,MARINE,1966,70
2,MARINE,1967,65
2,MARINE,1968,90
2,MARINE,1969,145
2,MARINE,1970,160
2,MARINE,1971,185
2,MARINE,1972,230
2,MARINE,1973,260
2,MARINE,1974,285
2,MARINE,1975,295
2,MARINE,1976,310
2,MARINE,1977,415
2,MARINE,1978,370
2,MARINE,1979,435
2,MARINE,1980,510
2,MARINE,1981,625
2,MARINE,1982,735
2,MARINE,1983,855
2,MARINE,1984,1185
2,MARINE,1985,2065
2,MARINE,1986,3350
2,MARINE,1987,4725
2,MARINE,1988,5645
2,MARINE,1989,5880
2,MARINE,1990,6925
2,MARINE,1991,8200
2,MARINE,1992,7375
2,MARINE,1993,6960
2,MARINE,1994,6415
2,MARINE,1995,6630
2,MARINE,1996,6225
2,MARINE,1997,5595
2,MARINE,1998,5050
2,MARINE,1999,4755
2,MARINE,2000,4575
2,MARINE,2001,3765
2,MARINE,2002,3060
2,MARINE,2003,2770
2,MARINE,2004,2100
2,MARINE,2005,1725
2,MARIUS,1943,5
2,MARIUS,1945,5
2,MARIUS,1946,5
2,MARIUS,1947,5
2,MARIUS,1951,5
2,MARJORIE,1946,5
2,MARJORIE,1947,5
2,MARJORIE,1950,5
2,MARJORIE,1951,5
2,MARJORIE,1952,10
2,MARJORIE,1953,15
2,MARJORIE,1954,10
2,MARJORIE,1955,5
2,MARJORIE,1957,20
2,MARJORIE,1958,20
2,MARJORIE,1960,30
2,MARJORIE,1961,20
2,MARJORIE,1962,15
2,MARJORIE,1963,25
2,MARJORIE,1964,45
2,MARJORIE,1965,145
2,MARJORIE,1966,200
2,MARJORIE,1967,155
2,MARJORIE,1968,150
2,MARJORIE,1969,185
2,MARJORIE,1970,345
2,MARJORIE,1971,650
2,MARJORIE,1972,555
2,MARJORIE,1973,515
2,MARJORIE,1974,655
2,MARJORIE,1975,1175
2,MARJORIE,1976,885
2,MARJORIE,1977,955
2,MARJORIE,1978,1180
2,MARJORIE,1979,1300
2,MARJORIE,1980,1300
2,MARJORIE,1981,1340
2,MARJORIE,1982,1410
2,MARJORIE,1983,1285
2,MARJORIE,1984,1170
2,MARJORIE,1985,1135
2,MARJORIE,1986,1125
2,MARJORIE,1987,1125
2,MARJORIE,1988,1090
2,MARJORIE,1989,1100
2,MARJORIE,1990,1055
2,MARJORIE,1991,1025
2,MARJORIE,1992,865
2,MARJORIE,1993,855
2,MARJORIE,1994,740
2,MARJORIE,1995,630
2,MARJORIE,1996,510
2,MARJORIE,1997,450
2,MARJORIE,1998,385
2,MARJORIE,1999,340
2,MARJORIE,2000,295
2,MARJORIE,2001,250
2,MARJORIE,2002,255
2,MARJORIE,2003,220
2,MARJORIE,2004,150
2,MARJORIE,2005,120
2,MARTA,1947,5
2,MARTA,1950,5
2,MARTA,1962,5
2,MARTA,1963,5
2,MARTA,1964,10
2,MARTA,1965,5
2,MARTA,1966,10
2,MARTA,1967,10
2,MARTA,1968,10
2,MARTA,1969,5
2,MARTA,1970,10
2,MARTA,1971,10
2,MARTA,1972,15
2,MARTA,1973,20
2,MARTA,1974,20
2,MARTA,1975,30
2,MARTA,1976,15
2,MARTA,1977,20
2,MARTA,1978,25
2,MARTA,1979,15
2,MARTA,1980,15
2,MARTA,1981,20
2,MARTA,1982,15
2,MARTA,1983,15
2,MARTA,1984,10
2,MARTA,1985,10
2,MARTA,1986,10
2,MARTA,1987,5
2,MARTA,1988,5
2,MARTA,1989,5
2,MARTA,1990,5
2,MARTA,1991,5
2,MARTA,1992,5
2,MARTA,1993,5
2,MARTA,1994,5
2,MARTA,1995,5
2,MARTA,1996,15
2,MARTA,1997,10
2,MARTA,1998,10
2,MARTA,1999,10
2,MARTA,2000,5
2,MARTA,2001,10
2,MARTA,2002,10
2,MARTA,2003,15
2,MARTA,2004,15
2,MARTA,2005,10
2,MARYLINE,1943,5
2,MARYLINE,1945,15
2,MARYLINE,1946,25
2,MARYLINE,1947,25
2,MARYLINE,1950,35
2,MARYLINE,1951,65
2,MARYLINE,1952,80
2,MARYLINE,1953,135
2,MARYLINE,1954,545
2,MARYLINE,1955,875
2,MARYLINE,1957,1555
2,MARYLINE,1958,1605
2,MARYLINE,1960,1775
2,MARYLINE,1961,1600
2,MARYLINE,1962,1355
2,MARYLINE,1963,1445
2,MARYLINE,1964,1375
2,MARYLINE,1965,1140
2,MARYLINE,1966,1255
2,MARYLINE,1967,1175
2,MARYLINE,1968,1065
2,MARYLINE,1969,1145
2,MARYLINE,1970,1180
2,MARYLINE,1971,1075
2,MARYLINE,1972,920
2,MARYLINE,1973,945
2,MARYLINE,1974,860
2,MARYLINE,1975,840
2,MARYLINE,1976,780
2,MARYLINE,1977,790
2,MARYLINE,1978,795
2,MARYLINE,1979,875
2,MARYLINE,1980,950
2,MARYLINE,1981,885
2,MARYLINE,1982,750
2,MARYLINE,1983,530
2,MARYLINE,1984,475
2,MARYLINE,1985,440
2,MARYLINE,1986,395
2,MARYLINE,1987,295
2,MARYLINE,1988,270
2,MARYLINE,1989,245
2,MARYLINE,1990,245
2,MARYLINE,1991,200
2,MARYLINE,1992,160
2,MARYLINE,1993,145
2,MARYLINE,1994,115
2,MARYLINE,1995,100
2,MARYLINE,1996,125
2,MARYLINE,1997,65
2,MARYLINE,1998,60
2,MARYLINE,1999,70
2,MARYLINE,2000,55
2,MARYLINE,2001,50
2,MARYLINE,2002,30
2,MARYLINE,2003,40
2,MARYLINE,2004,35
2,MARYLINE,2005,15
2,MARYLOU,1953,5
2,MARYLOU,1957,5
2,MARYLOU,1963,5
2,MARYLOU,1965,5
2,MARYLOU,1966,5
2,MARYLOU,1970,5
2,MARYLOU,1971,5
2,MARYLOU,1977,5
2,MARYLOU,1980,5
2,MARYLOU,1981,5
2,MARYLOU,1982,5
2,MARYLOU,1983,5
2,MARYLOU,1984,5
2,MARYLOU,1985,10
2,MARYLOU,1986,5
2,MARYLOU,1987,15
2,MARYLOU,1988,20
2,MARYLOU,1989,35
2,MARYLOU,1990,55
2,MARYLOU,1991,60
2,MARYLOU,1992,85
2,MARYLOU,1993,80
2,MARYLOU,1994,95
2,MARYLOU,1995,95
2,MARYLOU,1996,95
2,MARYLOU,1997,115
2,MARYLOU,1998,95
2,MARYLOU,1999,85
2,MARYLOU,2000,95
2,MARYLOU,2001,95
2,MARYLOU,2002,130
2,MARYLOU,2003,200
2,MARYLOU,2004,275
2,MARYLOU,2005,240
2,MATHIEU,1943,5
2,MATHIEU,1945,5
2,MATHIEU,1946,5
2,MATHIEU,1947,5
2,MATHIEU,1950,5
2,MATHIEU,1951,5
2,MATHIEU,1953,5
2,MATHIEU,1954,5
2,MATHIEU,1958,5
2,MATHIEU,1963,5
2,MATHIEU,1964,5
2,MATHIEU,1991,5
2,MATHIEU,1996,5
2,MATHIEU,1999,5
2,MATHIEU,2000,5
2,MATHIEU,2001,5
2,MATHIEU,2002,5
2,MATHIEU,2003,5
2,MATHILDE,1943,125
2,MATHILDE,1945,90
2,MATHILDE,1946,115
2,MATHILDE,1947,115
2,MATHILDE,1950,140
2,MATHILDE,1951,160
2,MATHILDE,1952,110
2,MATHILDE,1953,130
2,MATHILDE,1954,90
2,MATHILDE,1955,110
2,MATHILDE,1957,120
2,MATHILDE,1958,115
2,MATHILDE,1960,125
2,MATHILDE,1961,120
2,MATHILDE,1962,140
2,MATHILDE,1963,145
2,MATHILDE,1964,170
2,MATHILDE,1965,135
2,MATHILDE,1966,185
2,MATHILDE,1967,205
2,MATHILDE,1968,200
2,MATHILDE,1969,215
2,MATHILDE,1970,250
2,MATHILDE,1971,260
2,MATHILDE,1972,265
2,MATHILDE,1973,335
2,MATHILDE,1974,430
2,MATHILDE,1975,470
2,MATHILDE,1976,535
2,MATHILDE,1977,675
2,MATHILDE,1978,770
2,MATHILDE,1979,925
2,MATHILDE,1980,985
2,MATHILDE,1981,1165
2,MATHILDE,1982,1235
2,MATHILDE,1983,1360
2,MATHILDE,1984,1680
2,MATHILDE,1985,1990
2,MATHILDE,1986,1780
2,MATHILDE,1987,2180
2,MATHILDE,1988,2150
2,MATHILDE,1989,2950
2,MATHILDE,1990,3525
2,MATHILDE,1991,3975
2,MATHILDE,1992,4070
2,MATHILDE,1993,4035
2,MATHILDE,1994,4370
2,MATHILDE,1995,4845
2,MATHILDE,1996,5120
2,MATHILDE,1997,4815
2,MATHILDE,1998,4910
2,MATHILDE,1999,4675
2,MATHILDE,2000,5020
2,MATHILDE,2001,4405
2,MATHILDE,2002,3780
2,MATHILDE,2003,3210
2,MATHILDE,2004,2760
2,MATHILDE,2005,3030
2,MAUD,1943,110
2,MAUD,1945,125
2,MAUD,1946,245
2,MAUD,1947,225
2,MAUD,1950,175
2,MAUD,1951,200
2,MAUD,1952,180
2,MAUD,1953,165
2,MAUD,1954,140
2,MAUD,1955,140
2,MAUD,1957,105
2,MAUD,1958,120
2,MAUD,1960,135
2,MAUD,1961,110
2,MAUD,1962,115
2,MAUD,1963,110
2,MAUD,1964,85
2,MAUD,1965,80
2,MAUD,1966,115
2,MAUD,1967,105
2,MAUD,1968,175
2,MAUD,1969,185
2,MAUD,1970,275
2,MAUD,1971,405
2,MAUD,1972,550
2,MAUD,1973,690
2,MAUD,1974,755
2,MAUD,1975,805
2,MAUD,1976,980
2,MAUD,1977,1085
2,MAUD,1978,1000
2,MAUD,1979,1275
2,MAUD,1980,1400
2,MAUD,1981,1470
2,MAUD,1982,1220
2,MAUD,1983,1135
2,MAUD,1984,1150
2,MAUD,1985,1090
2,MAUD,1986,1110
2,MAUD,1987,1040
2,MAUD,1988,965
2,MAUD,1989,1005
2,MAUD,1990,1015
2,MAUD,1991,900
2,MAUD,1992,800
2,MAUD,1993,720
2,MAUD,1994,620
2,MAUD,1995,605
2,MAUD,1996,570
2,MAUD,1997,475
2,MAUD,1998,425
2,MAUD,1999,475
2,MAUD,2000,485
2,MAUD,2001,425
2,MAUD,2002,460
2,MAUD,2003,470
2,MAUD,2004,340
2,MAUD,2005,315
2,MAXIME,1943,5
2,MAXIME,1945,5
2,MAXIME,1946,5
2,MAXIME,1950,5
2,MAXIME,1951,5
2,MAXIME,1952,5
2,MAXIME,1953,5
2,MAXIME,1954,5
2,MAXIME,1961,5
2,MAXIME,1962,5
2,MAXIME,1963,5
2,MAXIME,1964,5
2,MAXIME,1965,5
2,MAXIME,1968,5
2,MAXIME,1970,5
2,MAXIME,1972,5
2,MAXIME,1973,5
2,MAXIME,1974,5
2,MAXIME,1975,5
2,MAXIME,1976,10
2,MAXIME,1977,15
2,MAXIME,1978,5
2,MAXIME,1979,5
2,MAXIME,1980,5
2,MAXIME,1981,5
2,MAXIME,1982,5
2,MAXIME,1983,5
2,MAXIME,1984,5
2,MAXIME,1985,5
2,MAXIME,1986,10
2,MAXIME,1987,15
2,MAXIME,1988,15
2,MAXIME,1989,15
2,MAXIME,1990,15
2,MAXIME,1991,15
2,MAXIME,1992,15
2,MAXIME,1993,15
2,MAXIME,1994,20
2,MAXIME,1995,10
2,MAXIME,1996,20
2,MAXIME,1997,20
2,MAXIME,1998,20
2,MAXIME,1999,15
2,MAXIME,2000,15
2,MAXIME,2001,20
2,MAXIME,2002,20
2,MAXIME,2003,25
2,MAXIME,2004,20
2,MAXIME,2005,20
2,MAXINE,1976,5
2,MAXINE,1980,5
2,MAXINE,1987,5
2,MAXINE,1988,10
2,MAXINE,1989,15
2,MAXINE,1990,10
2,MAXINE,1991,10
2,MAXINE,1992,15
2,MAXINE,1993,10
2,MAXINE,1994,20
2,MAXINE,1995,25
2,MAXINE,1996,20
2,MAXINE,1997,35
2,MAXINE,1998,45
2,MAXINE,1999,60
2,MAXINE,2000,70
2,MAXINE,2001,60
2,MAXINE,2002,85
2,MAXINE,2003,80
2,MAXINE,2004,85
2,MAXINE,2005,70
2,MAY,1946,5
2,MAY,1947,5
2,MAY,1950,5
2,MAY,1953,5
2,MAY,1955,5
2,MAY,1962,5
2,MAY,1964,5
2,MAY,1965,5
2,MAY,1970,5
2,MAY,1972,5
2,MAY,1974,5
2,MAY,1975,5
2,MAY,1976,5
2,MAY,1977,5
2,MAY,1978,10
2,MAY,1979,20
2,MAY,1980,20
2,MAY,1981,30
2,MAY,1982,30
2,MAY,1983,20
2,MAY,1984,20
2,MAY,1985,25
2,MAY,1986,15
2,MAY,1987,15
2,MAY,1988,25
2,MAY,1989,20
2,MAY,1990,20
2,MAY,1991,15
2,MAY,1992,15
2,MAY,1993,15
2,MAY,1994,10
2,MAY,1995,15
2,MAY,1996,15
2,MAY,1997,15
2,MAY,1998,15
2,MAY,1999,25
2,MAY,2000,20
2,MAY,2001,25
2,MAY,2002,20
2,MAY,2003,20
2,MAY,2004,20
2,MAY,2005,30
2,MAËL,1974,5
2,MAËL,1980,5
2,MAËL,1984,5
2,MAËL,1985,5
2,MAËL,1992,5
2,MAËL,1993,5
2,MAËL,1994,5
2,MAËL,1996,10
2,MAËL,1997,10
2,MAËL,1998,10
2,MAËL,1999,10
2,MAËL,2000,10
2,MAËL,2001,15
2,MAËL,2002,10
2,MAËL,2003,10
2,MAËL,2004,10
2,MAËL,2005,15
2,MEGANE,1985,5
2,MEGANE,1986,35
2,MEGANE,1987,35
2,MEGANE,1988,75
2,MEGANE,1989,165
2,MEGANE,1990,285
2,MEGANE,1991,780
2,MEGANE,1992,1210
2,MEGANE,1993,1410
2,MEGANE,1994,2260
2,MEGANE,1995,2240
2,MEGANE,1996,770
2,MEGANE,1997,305
2,MEGANE,1998,355
2,MEGANE,1999,435
2,MEGANE,2000,405
2,MEGANE,2001,285
2,MEGANE,2002,230
2,MEGANE,2003,195
2,MEGANE,2004,155
2,MEGANE,2005,115
2,MEHDI,1997,5
2,MEISSA,1988,5
2,MEISSA,1992,5
2,MEISSA,1993,5
2,MEISSA,1994,5
2,MEISSA,1995,5
2,MEISSA,1996,10
2,MEISSA,1997,15
2,MEISSA,1998,15
2,MEISSA,1999,20
2,MEISSA,2000,20
2,MEISSA,2001,35
2,MEISSA,2002,45
2,MEISSA,2003,60
2,MEISSA,2004,80
2,MEISSA,2005,80
2,MEL,1989,5
2,MEL,2000,5
2,MEL,2001,5
2,MEL,2002,5
2,MEL,2003,5
2,MEL,2005,5
2,MELANIE,1982,5
2,MELANIE,1987,5
2,MELANIE,1989,5
2,MELANIE,1991,5
2,MELANIE,1993,5
2,MELANIE,1995,5
2,MELANIE,1996,5
2,MELANIE,2000,5
2,MELISSA,1984,5
2,MELISSA,1986,5
2,MELISSA,1987,5
2,MELISSA,1988,5
2,MELISSA,1989,5
2,MELISSA,1990,10
2,MELISSA,1991,10
2,MELISSA,1992,10
2,MELISSA,1993,10
2,MELISSA,1994,20
2,MELISSA,1995,10
2,MELISSA,1996,10
2,MELISSA,1997,5
2,MELISSA,1998,10
2,MELISSA,1999,5
2,MELISSA,2000,5
2,MELISSA,2001,5
2,MELISSA,2002,10
2,MELISSA,2003,5
2,MELISSA,2004,10
2,MELISSA,2005,5
2,MEÏSSA,1997,5
2,MEÏSSA,1998,5
2,MICHEL,1943,5
2,MICHEL,1945,5
2,MICHEL,1946,5
2,MICHEL,1947,5
2,MICHEL,1950,5
2,MICHEL,1953,5
2,MICHEL,1954,5
2,MICHEL,1958,5
2,MICHELE,1943,5
2,MICHELE,1945,5
2,MICHELE,1946,5
2,MICHELE,1947,5
2,MICHELE,1950,5
2,MICHELE,1954,5
2,MICHELE,1955,5
2,MICHELE,1957,5
2,MICHELE,1958,5
2,MICHELE,1962,5
2,MICHÈLE,1943,6285
2,MICHÈLE,1945,6505
2,MICHÈLE,1946,9850
2,MICHÈLE,1947,10415
2,MICHÈLE,1950,8315
2,MICHÈLE,1951,7410
2,MICHÈLE,1952,6825
2,MICHÈLE,1953,6285
2,MICHÈLE,1954,5910
2,MICHÈLE,1955,6595
2,MICHÈLE,1957,5435
2,MICHÈLE,1958,5095
2,MICHÈLE,1960,3915
2,MICHÈLE,1961,3610
2,MICHÈLE,1962,3060
2,MICHÈLE,1963,2785
2,MICHÈLE,1964,2300
2,MICHÈLE,1965,1795
2,MICHÈLE,1966,1765
2,MICHÈLE,1967,1340
2,MICHÈLE,1968,1225
2,MICHÈLE,1969,950
2,MICHÈLE,1970,800
2,MICHÈLE,1971,675
2,MICHÈLE,1972,575
2,MICHÈLE,1973,405
2,MICHÈLE,1974,320
2,MICHÈLE,1975,275
2,MICHÈLE,1976,270
2,MICHÈLE,1977,275
2,MICHÈLE,1978,220
2,MICHÈLE,1979,215
2,MICHÈLE,1980,200
2,MICHÈLE,1981,195
2,MICHÈLE,1982,140
2,MICHÈLE,1983,125
2,MICHÈLE,1984,120
2,MICHÈLE,1985,105
2,MICHÈLE,1986,95
2,MICHÈLE,1987,85
2,MICHÈLE,1988,70
2,MICHÈLE,1989,60
2,MICHÈLE,1990,65
2,MICHÈLE,1991,60
2,MICHÈLE,1992,60
2,MICHÈLE,1993,70
2,MICHÈLE,1994,40
2,MICHÈLE,1995,60
2,MICHÈLE,1996,50
2,MICHÈLE,1997,50
2,MICHÈLE,1998,35
2,MICHÈLE,1999,40
2,MICHÈLE,2000,35
2,MICHÈLE,2001,35
2,MICHÈLE,2002,25
2,MICHÈLE,2003,25
2,MICHÈLE,2004,25
2,MICHÈLE,2005,15
2,MICKAEL,1971,5
2,MIKA,1996,5
2,MIKA,1997,5
2,MIKA,1998,5
2,MIKA,2000,5
2,MIKA,2003,5
2,MIKA,2004,5
2,MIKA,2005,5
2,MORGANE,1952,5
2,MORGANE,1958,5
2,MORGANE,1960,5
2,MORGANE,1961,5
2,MORGANE,1962,5
2,MORGANE,1963,5
2,MORGANE,1964,5
2,MORGANE,1965,10
2,MORGANE,1966,10
2,MORGANE,1967,30
2,MORGANE,1968,25
2,MORGANE,1969,50
2,MORGANE,1970,85
2,MORGANE,1971,165
2,MORGANE,1972,230
2,MORGANE,1973,320
2,MORGANE,1974,350
2,MORGANE,1975,420
2,MORGANE,1976,420
2,MORGANE,1977,535
2,MORGANE,1978,495
2,MORGANE,1979,595
2,MORGANE,1980,570
2,MORGANE,1981,590
2,MORGANE,1982,555
2,MORGANE,1983,730
2,MORGANE,1984,1035
2,MORGANE,1985,1335
2,MORGANE,1986,1805
2,MORGANE,1987,1945
2,MORGANE,1988,2540
2,MORGANE,1989,2775
2,MORGANE,1990,3020
2,MORGANE,1991,3420
2,MORGANE,1992,3530
2,MORGANE,1993,3655
2,MORGANE,1994,3380
2,MORGANE,1995,3485
2,MORGANE,1996,3595
2,MORGANE,1997,3485
2,MORGANE,1998,3450
2,MORGANE,1999,3295
2,MORGANE,2000,2945
2,MORGANE,2001,2505
2,MORGANE,2002,2145
2,MORGANE,2003,2080
2,MORGANE,2004,2140
2,MORGANE,2005,1725
2,MYRIAM,1943,145
2,MYRIAM,1945,225
2,MYRIAM,1946,365
2,MYRIAM,1947,430
2,MYRIAM,1950,670
2,MYRIAM,1951,755
2,MYRIAM,1952,925
2,MYRIAM,1953,1020
2,MYRIAM,1954,1275
2,MYRIAM,1955,1310
2,MYRIAM,1957,1335
2,MYRIAM,1958,1535
2,MYRIAM,1960,1835
2,MYRIAM,1961,2125
2,MYRIAM,1962,2335
2,MYRIAM,1963,2540
2,MYRIAM,1964,2310
2,MYRIAM,1965,2175
2,MYRIAM,1966,2385
2,MYRIAM,1967,3145
2,MYRIAM,1968,2765
2,MYRIAM,1969,2660
2,MYRIAM,1970,2920
2,MYRIAM,1971,3015
2,MYRIAM,1972,2755
2,MYRIAM,1973,2285
2,MYRIAM,1974,2000
2,MYRIAM,1975,1620
2,MYRIAM,1976,1545
2,MYRIAM,1977,1945
2,MYRIAM,1978,1895
2,MYRIAM,1979,1990
2,MYRIAM,1980,1835
2,MYRIAM,1981,1600
2,MYRIAM,1982,1495
2,MYRIAM,1983,1250
2,MYRIAM,1984,1295
2,MYRIAM,1985,1200
2,MYRIAM,1986,1140
2,MYRIAM,1987,1115
2,MYRIAM,1988,1090
2,MYRIAM,1989,1080
2,MYRIAM,1990,1145
2,MYRIAM,1991,1170
2,MYRIAM,1992,1135
2,MYRIAM,1993,1110
2,MYRIAM,1994,1020
2,MYRIAM,1995,1045
2,MYRIAM,1996,1005
2,MYRIAM,1997,985
2,MYRIAM,1998,915
2,MYRIAM,1999,845
2,MYRIAM,2000,900
2,MYRIAM,2001,845
2,MYRIAM,2002,855
2,MYRIAM,2003,755
2,MYRIAM,2004,770
2,MYRIAM,2005,745
2,MÉGANE,1986,5
2,MÉGANE,1987,15
2,MÉGANE,1988,25
2,MÉGANE,1989,35
2,MÉGANE,1990,45
2,MÉGANE,1991,105
2,MÉGANE,1992,150
2,MÉGANE,1993,180
2,MÉGANE,1994,295
2,MÉGANE,1995,360
2,MÉGANE,1996,230
2,MÉGANE,1997,130
2,MÉGANE,1998,140
2,MÉGANE,1999,35
2,MÉGANE,2000,5
2,MÉGANE,2005,5
2,MÉLANIE,1943,50
2,MÉLANIE,1945,30
2,MÉLANIE,1946,35
2,MÉLANIE,1947,35
2,MÉLANIE,1950,40
2,MÉLANIE,1951,30
2,MÉLANIE,1952,40
2,MÉLANIE,1953,35
2,MÉLANIE,1954,40
2,MÉLANIE,1955,40
2,MÉLANIE,1957,30
2,MÉLANIE,1958,40
2,MÉLANIE,1960,15
2,MÉLANIE,1961,30
2,MÉLANIE,1962,30
2,MÉLANIE,1963,35
2,MÉLANIE,1964,35
2,MÉLANIE,1965,30
2,MÉLANIE,1966,30
2,MÉLANIE,1967,20
2,MÉLANIE,1968,30
2,MÉLANIE,1969,70
2,MÉLANIE,1970,175
2,MÉLANIE,1971,335
2,MÉLANIE,1972,410
2,MÉLANIE,1973,570
2,MÉLANIE,1974,775
2,MÉLANIE,1975,1140
2,MÉLANIE,1976,1640
2,MÉLANIE,1977,2370
2,MÉLANIE,1978,2675
2,MÉLANIE,1979,3565
2,MÉLANIE,1980,4655
2,MÉLANIE,1981,5040
2,MÉLANIE,1982,4905
2,MÉLANIE,1983,4420
2,MÉLANIE,1984,4910
2,MÉLANIE,1985,5775
2,MÉLANIE,1986,5800
2,MÉLANIE,1987,5450
2,MÉLANIE,1988,5280
2,MÉLANIE,1989,5775
2,MÉLANIE,1990,5485
2,MÉLANIE,1991,5095
2,MÉLANIE,1992,4660
2,MÉLANIE,1993,5515
2,MÉLANIE,1994,5705
2,MÉLANIE,1995,4800
2,MÉLANIE,1996,4270
2,MÉLANIE,1997,3530
2,MÉLANIE,1998,2995
2,MÉLANIE,1999,2365
2,MÉLANIE,2000,2165
2,MÉLANIE,2001,1615
2,MÉLANIE,2002,1150
2,MÉLANIE,2003,965
2,MÉLANIE,2004,840
2,MÉLANIE,2005,650
2,MÉLISSA,1957,5
2,MÉLISSA,1961,5
2,MÉLISSA,1962,5
2,MÉLISSA,1964,5
2,MÉLISSA,1965,10
2,MÉLISSA,1966,5
2,MÉLISSA,1967,5
2,MÉLISSA,1968,5
2,MÉLISSA,1969,5
2,MÉLISSA,1970,5
2,MÉLISSA,1971,15
2,MÉLISSA,1972,25
2,MÉLISSA,1973,35
2,MÉLISSA,1974,50
2,MÉLISSA,1975,25
2,MÉLISSA,1976,105
2,MÉLISSA,1977,245
2,MÉLISSA,1978,295
2,MÉLISSA,1979,185
2,MÉLISSA,1980,335
2,MÉLISSA,1981,355
2,MÉLISSA,1982,335
2,MÉLISSA,1983,335
2,MÉLISSA,1984,645
2,MÉLISSA,1985,2005
2,MÉLISSA,1986,1680
2,MÉLISSA,1987,1685
2,MÉLISSA,1988,1980
2,MÉLISSA,1989,2315
2,MÉLISSA,1990,3190
2,MÉLISSA,1991,3220
2,MÉLISSA,1992,2805
2,MÉLISSA,1993,2640
2,MÉLISSA,1994,2740
2,MÉLISSA,1995,2695
2,MÉLISSA,1996,2830
2,MÉLISSA,1997,3025
2,MÉLISSA,1998,3010
2,MÉLISSA,1999,2440
2,MÉLISSA,2000,2270
2,MÉLISSA,2001,2180
2,MÉLISSA,2002,2045
2,MÉLISSA,2003,1735
2,MÉLISSA,2004,1720
2,MÉLISSA,2005,1575
2,NADINE,1943,660
2,NADINE,1945,1070
2,NADINE,1946,1825
2,NADINE,1947,2080
2,NADINE,1950,3005
2,NADINE,1951,3225
2,NADINE,1952,3820
2,NADINE,1953,4060
2,NADINE,1954,4705
2,NADINE,1955,5500
2,NADINE,1957,5890
2,NADINE,1958,5950
2,NADINE,1960,6830
2,NADINE,1961,7025
2,NADINE,1962,7250
2,NADINE,1963,6850
2,NADINE,1964,5890
2,NADINE,1965,4800
2,NADINE,1966,4285
2,NADINE,1967,3625
2,NADINE,1968,2950
2,NADINE,1969,2535
2,NADINE,1970,2195
2,NADINE,1971,2160
2,NADINE,1972,1640
2,NADINE,1973,1325
2,NADINE,1974,1025
2,NADINE,1975,865
2,NADINE,1976,770
2,NADINE,1977,565
2,NADINE,1978,510
2,NADINE,1979,485
2,NADINE,1980,380
2,NADINE,1981,375
2,NADINE,1982,260
2,NADINE,1983,215
2,NADINE,1984,180
2,NADINE,1985,170
2,NADINE,1986,135
2,NADINE,1987,130
2,NADINE,1988,105
2,NADINE,1989,90
2,NADINE,1990,90
2,NADINE,1991,80
2,NADINE,1992,70
2,NADINE,1993,65
2,NADINE,1994,45
2,NADINE,1995,45
2,NADINE,1996,45
2,NADINE,1997,35
2,NADINE,1998,35
2,NADINE,1999,35
2,NADINE,2000,35
2,NADINE,2001,25
2,NADINE,2002,40
2,NADINE,2003,30
2,NADINE,2004,40
2,NADINE,2005,35
2,NAIS,1977,5
2,NAIS,1978,5
2,NAIS,1980,5
2,NAIS,1981,5
2,NAIS,1982,5
2,NAIS,1983,10
2,NAIS,1984,5
2,NAIS,1985,20
2,NAIS,1986,15
2,NAIS,1987,20
2,NAIS,1988,20
2,NAIS,1989,30
2,NAIS,1990,40
2,NAIS,1991,25
2,NAIS,1992,30
2,NAIS,1993,45
2,NAIS,1994,60
2,NAIS,1995,45
2,NAIS,1996,65
2,NAIS,1997,50
2,NAIS,1998,40
2,NAIS,1999,100
2,NAIS,2000,95
2,NAIS,2001,145
2,NAIS,2002,145
2,NAIS,2003,170
2,NAIS,2004,120
2,NAIS,2005,165
2,NAOIL,1970,5
2,NAOIL,1972,5
2,NAOIL,1973,5
2,NAOIL,1974,5
2,NAOIL,1976,5
2,NAOIL,1978,5
2,NAOIL,1979,10
2,NAOIL,1980,10
2,NAOIL,1981,5
2,NAOIL,1982,5
2,NAOIL,1983,10
2,NAOIL,1984,5
2,NAOIL,1985,10
2,NAOIL,1986,5
2,NAOIL,1987,5
2,NAOIL,1989,5
2,NAOIL,1990,5
2,NAOUEL,1972,5
2,NAOUEL,1973,5
2,NAOUEL,1974,10
2,NAOUEL,1975,10
2,NAOUEL,1976,10
2,NAOUEL,1977,15
2,NAOUEL,1978,20
2,NAOUEL,1979,20
2,NAOUEL,1980,30
2,NAOUEL,1981,20
2,NAOUEL,1982,25
2,NAOUEL,1983,20
2,NAOUEL,1984,50
2,NAOUEL,1985,40
2,NAOUEL,1986,35
2,NAOUEL,1987,40
2,NAOUEL,1988,30
2,NAOUEL,1989,30
2,NAOUEL,1990,25
2,NAOUEL,1991,25
2,NAOUEL,1992,20
2,NAOUEL,1993,30
2,NAOUEL,1994,15
2,NAOUEL,1995,10
2,NAOUEL,1996,10
2,NAOUEL,1997,10
2,NAOUEL,1998,15
2,NAOUEL,1999,10
2,NAOUEL,2000,10
2,NAOUEL,2001,10
2,NAOUEL,2002,15
2,NAOUEL,2003,10
2,NAOUEL,2004,10
2,NATHALIE,1943,25
2,NATHALIE,1945,40
2,NATHALIE,1946,85
2,NATHALIE,1947,110
2,NATHALIE,1950,125
2,NATHALIE,1951,165
2,NATHALIE,1952,230
2,NATHALIE,1953,265
2,NATHALIE,1954,355
2,NATHALIE,1955,390
2,NATHALIE,1957,735
2,NATHALIE,1958,1195
2,NATHALIE,1960,2830
2,NATHALIE,1961,4820
2,NATHALIE,1962,7405
2,NATHALIE,1963,12530
2,NATHALIE,1964,22180
2,NATHALIE,1965,30290
2,NATHALIE,1966,31410
2,NATHALIE,1967,29230
2,NATHALIE,1968,28580
2,NATHALIE,1969,28355
2,NATHALIE,1970,26210
2,NATHALIE,1971,22665
2,NATHALIE,1972,19195
2,NATHALIE,1973,16915
2,NATHALIE,1974,13940
2,NATHALIE,1975,10955
2,NATHALIE,1976,9340
2,NATHALIE,1977,8040
2,NATHALIE,1978,6540
2,NATHALIE,1979,5845
2,NATHALIE,1980,5240
2,NATHALIE,1981,4405
2,NATHALIE,1982,4370
2,NATHALIE,1983,3700
2,NATHALIE,1984,3425
2,NATHALIE,1985,2885
2,NATHALIE,1986,2125
2,NATHALIE,1987,1720
2,NATHALIE,1988,1255
2,NATHALIE,1989,1020
2,NATHALIE,1990,835
2,NATHALIE,1991,745
2,NATHALIE,1992,570
2,NATHALIE,1993,430
2,NATHALIE,1994,350
2,NATHALIE,1995,305
2,NATHALIE,1996,265
2,NATHALIE,1997,210
2,NATHALIE,1998,175
2,NATHALIE,1999,185
2,NATHALIE,2000,150
2,NATHALIE,2001,140
2,NATHALIE,2002,125
2,NATHALIE,2003,105
2,NATHALIE,2004,90
2,NATHALIE,2005,95
2,NATHANAEL,1977,5
2,NATHANAEL,1985,5
2,NATHANAEL,1989,5
2,NATHANAEL,1993,5
2,NATHANAEL,1994,5
2,NATHANAEL,1995,5
2,NATHANAEL,1997,5
2,NATHANAEL,2002,5
2,NATHANAEL,2005,5
2,NATHANAËL,1996,5
2,NATHANAËL,1997,5
2,NATHANAËL,1998,5
2,NATHANAËL,1999,5
2,NAÏS,1979,5
2,NAÏS,1981,5
2,NAÏS,1982,5
2,NAÏS,1985,5
2,NAÏS,1986,5
2,NAÏS,1987,5
2,NAÏS,1988,5
2,NAÏS,1989,5
2,NAÏS,1990,5
2,NAÏS,1991,5
2,NAÏS,1992,5
2,NAÏS,1993,5
2,NAÏS,1994,10
2,NAÏS,1995,15
2,NAÏS,1996,35
2,NAÏS,1997,15
2,NAÏS,1998,35
2,NAÏS,1999,10
2,NAÏS,2002,5
2,NELLY,1943,695
2,NELLY,1945,830
2,NELLY,1946,1250
2,NELLY,1947,1335
2,NELLY,1950,1330
2,NELLY,1951,1245
2,NELLY,1952,1250
2,NELLY,1953,1485
2,NELLY,1954,1430
2,NELLY,1955,1420
2,NELLY,1957,1465
2,NELLY,1958,1520
2,NELLY,1960,1520
2,NELLY,1961,1460
2,NELLY,1962,1290
2,NELLY,1963,1280
2,NELLY,1964,1265
2,NELLY,1965,1175
2,NELLY,1966,1225
2,NELLY,1967,1090
2,NELLY,1968,1140
2,NELLY,1969,1090
2,NELLY,1970,965
2,NELLY,1971,965
2,NELLY,1972,900
2,NELLY,1973,930
2,NELLY,1974,825
2,NELLY,1975,715
2,NELLY,1976,765
2,NELLY,1977,860
2,NELLY,1978,855
2,NELLY,1979,1010
2,NELLY,1980,1125
2,NELLY,1981,1095
2,NELLY,1982,1120
2,NELLY,1983,865
2,NELLY,1984,985
2,NELLY,1985,775
2,NELLY,1986,665
2,NELLY,1987,495
2,NELLY,1988,495
2,NELLY,1989,430
2,NELLY,1990,390
2,NELLY,1991,355
2,NELLY,1992,285
2,NELLY,1993,215
2,NELLY,1994,230
2,NELLY,1995,190
2,NELLY,1996,200
2,NELLY,1997,145
2,NELLY,1998,145
2,NELLY,1999,135
2,NELLY,2000,105
2,NELLY,2001,110
2,NELLY,2002,115
2,NELLY,2003,125
2,NELLY,2004,115
2,NELLY,2005,100
2,NICO,2001,5
2,NICOLAS,1943,5
2,NICOLAS,1945,5
2,NICOLAS,1946,5
2,NICOLAS,1947,5
2,NICOLAS,1950,5
2,NICOLAS,1951,5
2,NICOLAS,1953,10
2,NICOLAS,1957,5
2,NICOLAS,2002,5
2,NOEMIE,1943,15
2,NOEMIE,1945,10
2,NOEMIE,1946,15
2,NOEMIE,1947,10
2,NOEMIE,1950,15
2,NOEMIE,1951,10
2,NOEMIE,1953,5
2,NOEMIE,1954,5
2,NOEMIE,1955,5
2,NOEMIE,1957,5
2,NOEMIE,1958,10
2,NOEMIE,1960,5
2,NOEMIE,1961,15
2,NOEMIE,1962,10
2,NOEMIE,1963,5
2,NOEMIE,1964,10
2,NOEMIE,1965,15
2,NOEMIE,1966,10
2,NOEMIE,1967,15
2,NOEMIE,1968,20
2,NOEMIE,1969,10
2,NOEMIE,1970,15
2,NOEMIE,1971,25
2,NOEMIE,1972,30
2,NOEMIE,1973,40
2,NOEMIE,1974,35
2,NOEMIE,1975,75
2,NOEMIE,1976,70
2,NOEMIE,1977,100
2,NOEMIE,1978,200
2,NOEMIE,1979,260
2,NOEMIE,1980,485
2,NOEMIE,1981,595
2,NOEMIE,1982,570
2,NOEMIE,1983,610
2,NOEMIE,1984,710
2,NOEMIE,1985,935
2,NOEMIE,1986,1130
2,NOEMIE,1987,1185
2,NOEMIE,1988,1300
2,NOEMIE,1989,1265
2,NOEMIE,1990,1395
2,NOEMIE,1991,1310
2,NOEMIE,1992,1330
2,NOEMIE,1993,1365
2,NOEMIE,1994,1565
2,NOEMIE,1995,1955
2,NOEMIE,1996,1855
2,NOEMIE,1997,1430
2,NOEMIE,1998,1530
2,NOEMIE,1999,2100
2,NOEMIE,2000,2315
2,NOEMIE,2001,2185
2,NOEMIE,2002,2305
2,NOEMIE,2003,2300
2,NOEMIE,2004,2315
2,NOEMIE,2005,2150
2,NORA,1943,5
2,NORA,1946,5
2,NORA,1947,10
2,NORA,1950,10
2,NORA,1951,10
2,NORA,1952,5
2,NORA,1953,5
2,NORA,1954,10
2,NORA,1955,20
2,NORA,1957,50
2,NORA,1958,60
2,NORA,1960,90
2,NORA,1961,115
2,NORA,1962,130
2,NORA,1963,165
2,NORA,1964,255
2,NORA,1965,310
2,NORA,1966,375
2,NORA,1967,445
2,NORA,1968,430
2,NORA,1969,445
2,NORA,1970,410
2,NORA,1971,440
2,NORA,1972,460
2,NORA,1973,500
2,NORA,1974,445
2,NORA,1975,395
2,NORA,1976,335
2,NORA,1977,320
2,NORA,1978,335
2,NORA,1979,320
2,NORA,1980,320
2,NORA,1981,345
2,NORA,1982,330
2,NORA,1983,285
2,NORA,1984,310
2,NORA,1985,295
2,NORA,1986,275
2,NORA,1987,305
2,NORA,1988,250
2,NORA,1989,270
2,NORA,1990,260
2,NORA,1991,225
2,NORA,1992,250
2,NORA,1993,245
2,NORA,1994,235
2,NORA,1995,220
2,NORA,1996,195
2,NORA,1997,205
2,NORA,1998,230
2,NORA,1999,235
2,NORA,2000,250
2,NORA,2001,235
2,NORA,2002,265
2,NORA,2003,280
2,NORA,2004,340
2,NORA,2005,405
2,NOÈMIE,1981,5
2,NOÈMIE,1986,5
2,NOÉMIE,1960,5
2,NOÉMIE,1965,5
2,NOÉMIE,1967,5
2,NOÉMIE,1969,10
2,NOÉMIE,1970,5
2,NOÉMIE,1971,5
2,NOÉMIE,1972,10
2,NOÉMIE,1973,15
2,NOÉMIE,1974,5
2,NOÉMIE,1975,20
2,NOÉMIE,1976,25
2,NOÉMIE,1977,40
2,NOÉMIE,1978,55
2,NOÉMIE,1979,80
2,NOÉMIE,1980,145
2,NOÉMIE,1981,185
2,NOÉMIE,1982,200
2,NOÉMIE,1983,240
2,NOÉMIE,1984,275
2,NOÉMIE,1985,405
2,NOÉMIE,1986,465
2,NOÉMIE,1987,435
2,NOÉMIE,1988,375
2,NOÉMIE,1989,330
2,NOÉMIE,1990,295
2,NOÉMIE,1991,230
2,NOÉMIE,1992,155
2,NOÉMIE,1993,170
2,NOÉMIE,1994,235
2,NOÉMIE,1995,315
2,NOÉMIE,1996,575
2,NOÉMIE,1997,695
2,NOÉMIE,1998,760
2,NOÉMIE,1999,160
2,NOÉMIE,2000,25
2,NOÉMIE,2001,15
2,NOÉMIE,2002,25
2,NOÉMIE,2003,25
2,NOÉMIE,2004,35
2,NOÉMIE,2005,30
2,NOËMIE,1976,5
2,NOËMIE,1978,5
2,NOËMIE,1980,15
2,NOËMIE,1981,15
2,NOËMIE,1982,20
2,NOËMIE,1983,15
2,NOËMIE,1984,25
2,NOËMIE,1985,30
2,NOËMIE,1986,45
2,NOËMIE,1987,55
2,NOËMIE,1988,35
2,NOËMIE,1989,35
2,NOËMIE,1990,30
2,NOËMIE,1991,20
2,NOËMIE,1992,15
2,NOËMIE,1993,10
2,NOËMIE,1994,10
2,NOËMIE,1995,25
2,NOËMIE,1996,35
2,NOËMIE,1997,40
2,NOËMIE,1998,40
2,NOËMIE,1999,15
2,NOËMIE,2001,5
2,NOËMIE,2003,5
2,OCEANE,1995,5
2,OCEANE,1997,5
2,OCEANE,1998,5
2,OCEANE,1999,5
2,OCEANE,2000,5
2,OCEANE,2001,10
2,OCEANE,2005,5
2,OCÉANE,1966,5
2,OCÉANE,1971,5
2,OCÉANE,1972,10
2,OCÉANE,1973,15
2,OCÉANE,1974,5
2,OCÉANE,1975,15
2,OCÉANE,1976,10
2,OCÉANE,1977,10
2,OCÉANE,1978,15
2,OCÉANE,1979,25
2,OCÉANE,1980,25
2,OCÉANE,1981,20
2,OCÉANE,1982,65
2,OCÉANE,1983,70
2,OCÉANE,1984,75
2,OCÉANE,1985,100
2,OCÉANE,1986,170
2,OCÉANE,1987,295
2,OCÉANE,1988,370
2,OCÉANE,1989,510
2,OCÉANE,1990,885
2,OCÉANE,1991,1095
2,OCÉANE,1992,1310
2,OCÉANE,1993,1485
2,OCÉANE,1994,1950
2,OCÉANE,1995,3455
2,OCÉANE,1996,4485
2,OCÉANE,1997,4825
2,OCÉANE,1998,6025
2,OCÉANE,1999,5895
2,OCÉANE,2000,6260
2,OCÉANE,2001,5700
2,OCÉANE,2002,5165
2,OCÉANE,2003,4845
2,OCÉANE,2004,4450
2,OCÉANE,2005,4005
2,ODILE,1943,1605
2,ODILE,1945,1545
2,ODILE,1946,2340
2,ODILE,1947,2440
2,ODILE,1950,2750
2,ODILE,1951,2660
2,ODILE,1952,2735
2,ODILE,1953,2590
2,ODILE,1954,2455
2,ODILE,1955,2590
2,ODILE,1957,2720
2,ODILE,1958,2375
2,ODILE,1960,2180
2,ODILE,1961,2345
2,ODILE,1962,2255
2,ODILE,1963,2145
2,ODILE,1964,1800
2,ODILE,1965,1600
2,ODILE,1966,1445
2,ODILE,1967,1240
2,ODILE,1968,1140
2,ODILE,1969,950
2,ODILE,1970,810
2,ODILE,1971,790
2,ODILE,1972,695
2,ODILE,1973,505
2,ODILE,1974,425
2,ODILE,1975,340
2,ODILE,1976,270
2,ODILE,1977,255
2,ODILE,1978,250
2,ODILE,1979,240
2,ODILE,1980,205
2,ODILE,1981,230
2,ODILE,1982,170
2,ODILE,1983,145
2,ODILE,1984,155
2,ODILE,1985,125
2,ODILE,1986,130
2,ODILE,1987,95
2,ODILE,1988,90
2,ODILE,1989,85
2,ODILE,1990,75
2,ODILE,1991,70
2,ODILE,1992,55
2,ODILE,1993,45
2,ODILE,1994,55
2,ODILE,1995,35
2,ODILE,1996,35
2,ODILE,1997,40
2,ODILE,1998,30
2,ODILE,1999,20
2,ODILE,2000,35
2,ODILE,2001,30
2,ODILE,2002,15
2,ODILE,2003,20
2,ODILE,2004,20
2,ODILE,2005,20
2,OLGA,1943,110
2,OLGA,1945,115
2,OLGA,1946,120
2,OLGA,1947,115
2,OLGA,1950,140
2,OLGA,1951,110
2,OLGA,1952,105
2,OLGA,1953,120
2,OLGA,1954,85
2,OLGA,1955,100
2,OLGA,1957,100
2,OLGA,1958,110
2,OLGA,1960,125
2,OLGA,1961,115
2,OLGA,1962,125
2,OLGA,1963,125
2,OLGA,1964,120
2,OLGA,1965,125
2,OLGA,1966,125
2,OLGA,1967,125
2,OLGA,1968,145
2,OLGA,1969,195
2,OLGA,1970,210
2,OLGA,1971,180
2,OLGA,1972,120
2,OLGA,1973,100
2,OLGA,1974,85
2,OLGA,1975,60
2,OLGA,1976,55
2,OLGA,1977,60
2,OLGA,1978,45
2,OLGA,1979,50
2,OLGA,1980,55
2,OLGA,1981,45
2,OLGA,1982,20
2,OLGA,1983,35
2,OLGA,1984,30
2,OLGA,1985,35
2,OLGA,1986,25
2,OLGA,1987,25
2,OLGA,1988,15
2,OLGA,1989,30
2,OLGA,1990,25
2,OLGA,1991,25
2,OLGA,1992,35
2,OLGA,1993,20
2,OLGA,1994,30
2,OLGA,1995,30
2,OLGA,1996,30
2,OLGA,1997,35
2,OLGA,1998,30
2,OLGA,1999,25
2,OLGA,2000,40
2,OLGA,2001,35
2,OLGA,2002,30
2,OLGA,2003,25
2,OLGA,2004,40
2,OLGA,2005,40
2,PASCAL,1945,5
2,PASCAL,1947,10
2,PASCAL,1950,5
2,PASCAL,1952,5
2,PASCAL,1955,5
2,PASCAL,1960,5
2,PASCAL,1962,5
2,PASCAL,1963,5
2,PASCAL,1970,5
2,PASCALE,1943,60
2,PASCALE,1945,85
2,PASCALE,1946,160
2,PASCALE,1947,220
2,PASCALE,1950,525
2,PASCALE,1951,630
2,PASCALE,1952,845
2,PASCALE,1953,1320
2,PASCALE,1954,1620
2,PASCALE,1955,1905
2,PASCALE,1957,3270
2,PASCALE,1958,4565
2,PASCALE,1960,8010
2,PASCALE,1961,8450
2,PASCALE,1962,8160
2,PASCALE,1963,7550
2,PASCALE,1964,6755
2,PASCALE,1965,6100
2,PASCALE,1966,5280
2,PASCALE,1967,4415
2,PASCALE,1968,3700
2,PASCALE,1969,3205
2,PASCALE,1970,2510
2,PASCALE,1971,2240
2,PASCALE,1972,1825
2,PASCALE,1973,1510
2,PASCALE,1974,1165
2,PASCALE,1975,840
2,PASCALE,1976,740
2,PASCALE,1977,630
2,PASCALE,1978,495
2,PASCALE,1979,470
2,PASCALE,1980,430
2,PASCALE,1981,355
2,PASCALE,1982,290
2,PASCALE,1983,250
2,PASCALE,1984,190
2,PASCALE,1985,190
2,PASCALE,1986,120
2,PASCALE,1987,115
2,PASCALE,1988,105
2,PASCALE,1989,75
2,PASCALE,1990,50
2,PASCALE,1991,55
2,PASCALE,1992,40
2,PASCALE,1993,30
2,PASCALE,1994,30
2,PASCALE,1995,20
2,PASCALE,1996,25
2,PASCALE,1997,20
2,PASCALE,1998,15
2,PASCALE,1999,15
2,PASCALE,2000,20
2,PASCALE,2001,10
2,PASCALE,2002,10
2,PASCALE,2003,10
2,PASCALE,2004,10
2,PASCALE,2005,5
2,PATRICIA,1943,60
2,PATRICIA,1945,180
2,PATRICIA,1946,405
2,PATRICIA,1947,655
2,PATRICIA,1950,2075
2,PATRICIA,1951,2660
2,PATRICIA,1952,3835
2,PATRICIA,1953,4830
2,PATRICIA,1954,5810
2,PATRICIA,1955,6335
2,PATRICIA,1957,10045
2,PATRICIA,1958,9780
2,PATRICIA,1960,11500
2,PATRICIA,1961,11830
2,PATRICIA,1962,10865
2,PATRICIA,1963,11455
2,PATRICIA,1964,11545
2,PATRICIA,1965,9780
2,PATRICIA,1966,8990
2,PATRICIA,1967,7965
2,PATRICIA,1968,6965
2,PATRICIA,1969,6795
2,PATRICIA,1970,5590
2,PATRICIA,1971,5415
2,PATRICIA,1972,4500
2,PATRICIA,1973,4040
2,PATRICIA,1974,3285
2,PATRICIA,1975,2420
2,PATRICIA,1976,2145
2,PATRICIA,1977,1720
2,PATRICIA,1978,1375
2,PATRICIA,1979,1285
2,PATRICIA,1980,1055
2,PATRICIA,1981,975
2,PATRICIA,1982,765
2,PATRICIA,1983,620
2,PATRICIA,1984,530
2,PATRICIA,1985,460
2,PATRICIA,1986,385
2,PATRICIA,1987,330
2,PATRICIA,1988,275
2,PATRICIA,1989,240
2,PATRICIA,1990,180
2,PATRICIA,1991,200
2,PATRICIA,1992,180
2,PATRICIA,1993,155
2,PATRICIA,1994,125
2,PATRICIA,1995,120
2,PATRICIA,1996,105
2,PATRICIA,1997,100
2,PATRICIA,1998,105
2,PATRICIA,1999,95
2,PATRICIA,2000,80
2,PATRICIA,2001,80
2,PATRICIA,2002,60
2,PATRICIA,2003,50
2,PATRICIA,2004,50
2,PATRICIA,2005,40
2,PAUL,1947,5
2,PAUL,1950,5
2,PAUL,1953,5
2,PAUL,1995,5
2,PAUL,2003,5
2,PAUL,2005,5
2,PAULINE,1943,75
2,PAULINE,1945,70
2,PAULINE,1946,80
2,PAULINE,1947,70
2,PAULINE,1950,60
2,PAULINE,1951,65
2,PAULINE,1952,75
2,PAULINE,1953,75
2,PAULINE,1954,75
2,PAULINE,1955,55
2,PAULINE,1957,70
2,PAULINE,1958,70
2,PAULINE,1960,60
2,PAULINE,1961,65
2,PAULINE,1962,60
2,PAULINE,1963,55
2,PAULINE,1964,70
2,PAULINE,1965,75
2,PAULINE,1966,60
2,PAULINE,1967,70
2,PAULINE,1968,60
2,PAULINE,1969,85
2,PAULINE,1970,90
2,PAULINE,1971,120
2,PAULINE,1972,170
2,PAULINE,1973,180
2,PAULINE,1974,185
2,PAULINE,1975,245
2,PAULINE,1976,295
2,PAULINE,1977,345
2,PAULINE,1978,420
2,PAULINE,1979,625
2,PAULINE,1980,820
2,PAULINE,1981,940
2,PAULINE,1982,1335
2,PAULINE,1983,2300
2,PAULINE,1984,2745
2,PAULINE,1985,3520
2,PAULINE,1986,4290
2,PAULINE,1987,5595
2,PAULINE,1988,5535
2,PAULINE,1989,5725
2,PAULINE,1990,6065
2,PAULINE,1991,6090
2,PAULINE,1992,5810
2,PAULINE,1993,5640
2,PAULINE,1994,5675
2,PAULINE,1995,5895
2,PAULINE,1996,5955
2,PAULINE,1997,5450
2,PAULINE,1998,5005
2,PAULINE,1999,4560
2,PAULINE,2000,4230
2,PAULINE,2001,3940
2,PAULINE,2002,3640
2,PAULINE,2003,3085
2,PAULINE,2004,2790
2,PAULINE,2005,2300
2,PHILIPPE,1943,5
2,PHILIPPE,1945,10
2,PHILIPPE,1947,5
2,PHILIPPE,1950,5
2,PHILIPPE,1951,5
2,PHILIPPE,1952,5
2,PHILIPPE,1953,5
2,PHILIPPE,1954,10
2,PHILIPPE,1955,5
2,PHILIPPE,1960,5
2,PHILIPPE,1961,5
2,PHILIPPE,1962,5
2,PHILIPPE,1965,5
2,PIERRE,1943,15
2,PIERRE,1945,20
2,PIERRE,1946,20
2,PIERRE,1947,15
2,PIERRE,1950,15
2,PIERRE,1951,15
2,PIERRE,1952,10
2,PIERRE,1953,20
2,PIERRE,1954,20
2,PIERRE,1955,15
2,PIERRE,1957,10
2,PIERRE,1958,15
2,PIERRE,1960,10
2,PIERRE,1961,10
2,PIERRE,1962,5
2,PIERRE,1964,10
2,PIERRE,1965,5
2,PIERRE,1966,5
2,PIERRE,1967,5
2,PIERRE,1969,5
2,RAPHAELE,1943,10
2,RAPHAELE,1945,10
2,RAPHAELE,1946,15
2,RAPHAELE,1947,10
2,RAPHAELE,1950,10
2,RAPHAELE,1951,15
2,RAPHAELE,1952,15
2,RAPHAELE,1953,15
2,RAPHAELE,1954,10
2,RAPHAELE,1955,15
2,RAPHAELE,1957,20
2,RAPHAELE,1958,25
2,RAPHAELE,1960,30
2,RAPHAELE,1961,25
2,RAPHAELE,1962,40
2,RAPHAELE,1963,35
2,RAPHAELE,1964,50
2,RAPHAELE,1965,55
2,RAPHAELE,1966,50
2,RAPHAELE,1967,80
2,RAPHAELE,1968,65
2,RAPHAELE,1969,95
2,RAPHAELE,1970,90
2,RAPHAELE,1971,110
2,RAPHAELE,1972,105
2,RAPHAELE,1973,65
2,RAPHAELE,1974,70
2,RAPHAELE,1975,75
2,RAPHAELE,1976,80
2,RAPHAELE,1977,75
2,RAPHAELE,1978,50
2,RAPHAELE,1979,40
2,RAPHAELE,1980,40
2,RAPHAELE,1981,40
2,RAPHAELE,1982,30
2,RAPHAELE,1983,25
2,RAPHAELE,1984,25
2,RAPHAELE,1985,25
2,RAPHAELE,1986,45
2,RAPHAELE,1987,20
2,RAPHAELE,1988,20
2,RAPHAELE,1989,15
2,RAPHAELE,1990,25
2,RAPHAELE,1991,25
2,RAPHAELE,1992,15
2,RAPHAELE,1993,15
2,RAPHAELE,1994,15
2,RAPHAELE,1995,10
2,RAPHAELE,1996,15
2,RAPHAELE,1997,5
2,RAPHAELE,1998,10
2,RAPHAELE,1999,5
2,RAPHAELE,2000,15
2,RAPHAELE,2001,10
2,RAPHAELE,2002,10
2,RAPHAELE,2003,10
2,RAPHAELE,2004,15
2,RAPHAELE,2005,10
2,RAPHAÈLE,1968,5
2,RAPHAÈLE,1970,5
2,RAPHAÈLE,1971,5
2,RAPHAÈLE,1972,5
2,RAPHAÈLE,1973,5
2,RAPHAÈLE,1976,5
2,RAPHAÈLE,1978,5
2,RAPHAÈLE,1981,5
2,RAPHAÈLE,1987,5
2,RAPHAÈLE,1988,5
2,RAPHAËL,1943,5
2,RAPHAËL,1988,5
2,RAPHAËL,1995,5
2,RAPHAËL,1996,5
2,RAPHAËL,1997,5
2,RAPHAËL,1998,5
2,RAPHAËL,2000,5
2,RAPHAËL,2001,10
2,RAPHAËL,2002,5
2,RAPHAËL,2003,10
2,RAPHAËL,2004,15
2,RAPHAËLE,1947,5
2,RAPHAËLE,1953,5
2,RAPHAËLE,1962,5
2,RAPHAËLE,1963,5
2,RAPHAËLE,1964,5
2,RAPHAËLE,1965,5
2,RAPHAËLE,1966,5
2,RAPHAËLE,1967,15
2,RAPHAËLE,1968,15
2,RAPHAËLE,1969,5
2,RAPHAËLE,1970,10
2,RAPHAËLE,1971,15
2,RAPHAËLE,1972,15
2,RAPHAËLE,1973,5
2,RAPHAËLE,1974,10
2,RAPHAËLE,1975,10
2,RAPHAËLE,1976,15
2,RAPHAËLE,1977,20
2,RAPHAËLE,1978,10
2,RAPHAËLE,1979,10
2,RAPHAËLE,1980,15
2,RAPHAËLE,1981,15
2,RAPHAËLE,1982,15
2,RAPHAËLE,1983,20
2,RAPHAËLE,1984,5
2,RAPHAËLE,1985,10
2,RAPHAËLE,1986,15
2,RAPHAËLE,1987,5
2,RAPHAËLE,1988,10
2,RAPHAËLE,1990,5
2,RAPHAËLE,1991,5
2,RAPHAËLE,1996,5
2,RAPHAËLE,1998,5
2,RICHARD,1943,5
2,RICHARD,1945,5
2,RICHARD,1946,5
2,RICHARD,1947,5
2,RICHARD,1964,5
2,RODOLPHE,1952,5
2,RODOLPHE,1962,5
2,ROMANE,1961,5
2,ROMANE,1967,5
2,ROMANE,1971,5
2,ROMANE,1973,5
2,ROMANE,1974,5
2,ROMANE,1975,5
2,ROMANE,1976,5
2,ROMANE,1977,5
2,ROMANE,1978,5
2,ROMANE,1979,5
2,ROMANE,1980,5
2,ROMANE,1982,5
2,ROMANE,1983,5
2,ROMANE,1984,10
2,ROMANE,1985,5
2,ROMANE,1986,10
2,ROMANE,1987,20
2,ROMANE,1988,15
2,ROMANE,1989,10
2,ROMANE,1990,25
2,ROMANE,1991,55
2,ROMANE,1992,160
2,ROMANE,1993,780
2,ROMANE,1994,1230
2,ROMANE,1995,1055
2,ROMANE,1996,1245
2,ROMANE,1997,1685
2,ROMANE,1998,1775
2,ROMANE,1999,1785
2,ROMANE,2000,2010
2,ROMANE,2001,1965
2,ROMANE,2002,2205
2,ROMANE,2003,2355
2,ROMANE,2004,2635
2,ROMANE,2005,2965
2,ROMUALD,1946,5
2,ROMUALD,1950,5
2,ROMUALD,1953,5
2,ROMUALD,1955,5
2,ROMUALD,1963,5
2,ROMUALD,1965,5
2,RUDY,1988,5
2,RUDY,1989,5
2,RUDY,1990,5
2,RUDY,1991,5
2,RUDY,1992,5
2,RUDY,1994,5
2,RUDY,1995,5
2,RUDY,1996,5
2,RUDY,1997,5
2,RUDY,2001,5
2,SABINE,1943,105
2,SABINE,1945,125
2,SABINE,1946,145
2,SABINE,1947,195
2,SABINE,1950,280
2,SABINE,1951,320
2,SABINE,1952,350
2,SABINE,1953,420
2,SABINE,1954,440
2,SABINE,1955,585
2,SABINE,1957,850
2,SABINE,1958,1010
2,SABINE,1960,1295
2,SABINE,1961,1460
2,SABINE,1962,1595
2,SABINE,1963,1830
2,SABINE,1964,2090
2,SABINE,1965,2365
2,SABINE,1966,2565
2,SABINE,1967,2645
2,SABINE,1968,3355
2,SABINE,1969,3375
2,SABINE,1970,3605
2,SABINE,1971,3680
2,SABINE,1972,3220
2,SABINE,1973,2850
2,SABINE,1974,2340
2,SABINE,1975,1795
2,SABINE,1976,1625
2,SABINE,1977,1665
2,SABINE,1978,1330
2,SABINE,1979,1255
2,SABINE,1980,1100
2,SABINE,1981,915
2,SABINE,1982,795
2,SABINE,1983,655
2,SABINE,1984,550
2,SABINE,1985,485
2,SABINE,1986,525
2,SABINE,1987,520
2,SABINE,1988,445
2,SABINE,1989,325
2,SABINE,1990,305
2,SABINE,1991,245
2,SABINE,1992,185
2,SABINE,1993,165
2,SABINE,1994,135
2,SABINE,1995,130
2,SABINE,1996,105
2,SABINE,1997,105
2,SABINE,1998,85
2,SABINE,1999,70
2,SABINE,2000,60
2,SABINE,2001,60
2,SABINE,2002,55
2,SABINE,2003,45
2,SABINE,2004,45
2,SABINE,2005,50
2,SABIRA,1971,5
2,SABIRA,1973,5
2,SABIRA,1974,5
2,SABIRA,1975,5
2,SABIRA,1979,10
2,SABIRA,1980,5
2,SABIRA,1981,10
2,SABIRA,1982,10
2,SABIRA,1983,5
2,SABIRA,1984,10
2,SABIRA,1986,5
2,SABIRA,1987,5
2,SABIRA,1990,5
2,SABIRA,1993,5
2,SABIRA,1994,5
2,SABIRA,1996,5
2,SABIRA,1998,5
2,SABIRA,2003,5
2,SABIRA,2004,5
2,SABIRA,2005,5
2,SAM,1975,5
2,SAM,1979,5
2,SAM,1982,5
2,SAM,1983,5
2,SAM,1985,5
2,SAM,1991,5
2,SAM,1992,5
2,SAM,1993,5
2,SAM,1994,5
2,SAM,1995,5
2,SAM,1996,5
2,SAM,1997,10
2,SAM,1998,15
2,SAM,1999,10
2,SAM,2000,25
2,SAM,2001,15
2,SAM,2002,25
2,SAM,2003,20
2,SAM,2004,20
2,SAM,2005,20
2,SAMIRA,1954,5
2,SAMIRA,1955,5
2,SAMIRA,1957,5
2,SAMIRA,1958,10
2,SAMIRA,1960,10
2,SAMIRA,1961,20
2,SAMIRA,1962,15
2,SAMIRA,1963,30
2,SAMIRA,1964,30
2,SAMIRA,1965,45
2,SAMIRA,1966,65
2,SAMIRA,1967,90
2,SAMIRA,1968,115
2,SAMIRA,1969,140
2,SAMIRA,1970,165
2,SAMIRA,1971,230
2,SAMIRA,1972,245
2,SAMIRA,1973,310
2,SAMIRA,1974,415
2,SAMIRA,1975,400
2,SAMIRA,1976,490
2,SAMIRA,1977,525
2,SAMIRA,1978,530
2,SAMIRA,1979,620
2,SAMIRA,1980,650
2,SAMIRA,1981,640
2,SAMIRA,1982,630
2,SAMIRA,1983,605
2,SAMIRA,1984,585
2,SAMIRA,1985,505
2,SAMIRA,1986,480
2,SAMIRA,1987,350
2,SAMIRA,1988,345
2,SAMIRA,1989,325
2,SAMIRA,1990,285
2,SAMIRA,1991,220
2,SAMIRA,1992,200
2,SAMIRA,1993,180
2,SAMIRA,1994,165
2,SAMIRA,1995,135
2,SAMIRA,1996,100
2,SAMIRA,1997,115
2,SAMIRA,1998,100
2,SAMIRA,1999,110
2,SAMIRA,2000,110
2,SAMIRA,2001,100
2,SAMIRA,2002,100
2,SAMIRA,2003,105
2,SAMIRA,2004,110
2,SAMIRA,2005,110
2,SAMUEL,1999,5
2,SAMUEL,2000,5
2,SAMUEL,2001,5
2,SAMUEL,2002,10
2,SAMUEL,2003,5
2,SAMUEL,2004,5
2,SAMUEL,2005,5
2,SANDRA,1946,5
2,SANDRA,1947,5
2,SANDRA,1950,10
2,SANDRA,1951,10
2,SANDRA,1952,15
2,SANDRA,1953,30
2,SANDRA,1954,25
2,SANDRA,1955,35
2,SANDRA,1957,60
2,SANDRA,1958,60
2,SANDRA,1960,115
2,SANDRA,1961,110
2,SANDRA,1962,155
2,SANDRA,1963,205
2,SANDRA,1964,245
2,SANDRA,1965,360
2,SANDRA,1966,1185
2,SANDRA,1967,1455
2,SANDRA,1968,1485
2,SANDRA,1969,1965
2,SANDRA,1970,2050
2,SANDRA,1971,3205
2,SANDRA,1972,6470
2,SANDRA,1973,7925
2,SANDRA,1974,6540
2,SANDRA,1975,5525
2,SANDRA,1976,5425
2,SANDRA,1977,5830
2,SANDRA,1978,4985
2,SANDRA,1979,4460
2,SANDRA,1980,4050
2,SANDRA,1981,3920
2,SANDRA,1982,3265
2,SANDRA,1983,2775
2,SANDRA,1984,2555
2,SANDRA,1985,2230
2,SANDRA,1986,2555
2,SANDRA,1987,2500
2,SANDRA,1988,2245
2,SANDRA,1989,2360
2,SANDRA,1990,2165
2,SANDRA,1991,1760
2,SANDRA,1992,1605
2,SANDRA,1993,1505
2,SANDRA,1994,1105
2,SANDRA,1995,1005
2,SANDRA,1996,1025
2,SANDRA,1997,795
2,SANDRA,1998,605
2,SANDRA,1999,545
2,SANDRA,2000,495
2,SANDRA,2001,450
2,SANDRA,2002,325
2,SANDRA,2003,255
2,SANDRA,2004,240
2,SANDRA,2005,210
2,SANDRINE,1947,5
2,SANDRINE,1950,5
2,SANDRINE,1951,10
2,SANDRINE,1952,15
2,SANDRINE,1953,25
2,SANDRINE,1954,35
2,SANDRINE,1955,50
2,SANDRINE,1957,140
2,SANDRINE,1958,170
2,SANDRINE,1960,350
2,SANDRINE,1961,570
2,SANDRINE,1962,860
2,SANDRINE,1963,1060
2,SANDRINE,1964,2065
2,SANDRINE,1965,4010
2,SANDRINE,1966,7050
2,SANDRINE,1967,9490
2,SANDRINE,1968,13075
2,SANDRINE,1969,15200
2,SANDRINE,1970,18035
2,SANDRINE,1971,20840
2,SANDRINE,1972,19880
2,SANDRINE,1973,17600
2,SANDRINE,1974,15700
2,SANDRINE,1975,13930
2,SANDRINE,1976,12080
2,SANDRINE,1977,11055
2,SANDRINE,1978,9190
2,SANDRINE,1979,8040
2,SANDRINE,1980,7145
2,SANDRINE,1981,5640
2,SANDRINE,1982,4665
2,SANDRINE,1983,3755
2,SANDRINE,1984,3220
2,SANDRINE,1985,2760
2,SANDRINE,1986,2380
2,SANDRINE,1987,1900
2,SANDRINE,1988,1440
2,SANDRINE,1989,1195
2,SANDRINE,1990,1000
2,SANDRINE,1991,785
2,SANDRINE,1992,575
2,SANDRINE,1993,510
2,SANDRINE,1994,410
2,SANDRINE,1995,325
2,SANDRINE,1996,270
2,SANDRINE,1997,215
2,SANDRINE,1998,180
2,SANDRINE,1999,140
2,SANDRINE,2000,130
2,SANDRINE,2001,110
2,SANDRINE,2002,95
2,SANDRINE,2003,75
2,SANDRINE,2004,50
2,SANDRINE,2005,50
2,SARA,1943,5
2,SARA,1945,5
2,SARA,1946,5
2,SARA,1947,10
2,SARA,1950,10
2,SARA,1951,10
2,SARA,1952,15
2,SARA,1953,5
2,SARA,1954,10
2,SARA,1955,5
2,SARA,1957,10
2,SARA,1958,10
2,SARA,1960,15
2,SARA,1961,10
2,SARA,1962,15
2,SARA,1963,25
2,SARA,1964,35
2,SARA,1965,30
2,SARA,1966,30
2,SARA,1967,30
2,SARA,1968,35
2,SARA,1969,55
2,SARA,1970,70
2,SARA,1971,85
2,SARA,1972,130
2,SARA,1973,130
2,SARA,1974,130
2,SARA,1975,160
2,SARA,1976,155
2,SARA,1977,175
2,SARA,1978,165
2,SARA,1979,145
2,SARA,1980,150
2,SARA,1981,160
2,SARA,1982,185
2,SARA,1983,210
2,SARA,1984,225
2,SARA,1985,245
2,SARA,1986,270
2,SARA,1987,295
2,SARA,1988,320
2,SARA,1989,340
2,SARA,1990,335
2,SARA,1991,435
2,SARA,1992,475
2,SARA,1993,530
2,SARA,1994,420
2,SARA,1995,520
2,SARA,1996,530
2,SARA,1997,550
2,SARA,1998,605
2,SARA,1999,610
2,SARA,2000,595
2,SARA,2001,615
2,SARA,2002,670
2,SARA,2003,625
2,SARA,2004,760
2,SARA,2005,835
2,SARAH,1943,10
2,SARAH,1945,10
2,SARAH,1946,20
2,SARAH,1947,25
2,SARAH,1950,25
2,SARAH,1951,20
2,SARAH,1952,25
2,SARAH,1953,30
2,SARAH,1954,35
2,SARAH,1955,30
2,SARAH,1957,45
2,SARAH,1958,65
2,SARAH,1960,80
2,SARAH,1961,75
2,SARAH,1962,80
2,SARAH,1963,90
2,SARAH,1964,120
2,SARAH,1965,155
2,SARAH,1966,165
2,SARAH,1967,175
2,SARAH,1968,335
2,SARAH,1969,455
2,SARAH,1970,680
2,SARAH,1971,1155
2,SARAH,1972,1360
2,SARAH,1973,1360
2,SARAH,1974,1150
2,SARAH,1975,1220
2,SARAH,1976,1170
2,SARAH,1977,1235
2,SARAH,1978,1350
2,SARAH,1979,1335
2,SARAH,1980,1245
2,SARAH,1981,1420
2,SARAH,1982,1850
2,SARAH,1983,2460
2,SARAH,1984,2510
2,SARAH,1985,2585
2,SARAH,1986,3305
2,SARAH,1987,4140
2,SARAH,1988,4110
2,SARAH,1989,4590
2,SARAH,1990,4770
2,SARAH,1991,4835
2,SARAH,1992,4920
2,SARAH,1993,4815
2,SARAH,1994,4875
2,SARAH,1995,5085
2,SARAH,1996,5465
2,SARAH,1997,5225
2,SARAH,1998,5170
2,SARAH,1999,5235
2,SARAH,2000,5470
2,SARAH,2001,5345
2,SARAH,2002,4620
2,SARAH,2003,4510
2,SARAH,2004,4505
2,SARAH,2005,4660
2,SHANICE,1992,10
2,SHANICE,1993,15
2,SHANICE,1994,10
2,SHANICE,1995,15
2,SHANICE,1996,10
2,SHANICE,1997,25
2,SHANICE,1998,15
2,SHANICE,1999,10
2,SHANICE,2000,30
2,SHANICE,2001,20
2,SHANICE,2002,25
2,SHANICE,2003,15
2,SHANICE,2004,10
2,SHANICE,2005,15
2,SIMON,1946,5
2,SIMON,1994,5
2,SIMON,1997,5
2,SIMON,2000,5
2,SIMON,2003,5
2,SOPHIA,1945,5
2,SOPHIA,1947,5
2,SOPHIA,1955,5
2,SOPHIA,1957,45
2,SOPHIA,1958,45
2,SOPHIA,1960,65
2,SOPHIA,1961,50
2,SOPHIA,1962,60
2,SOPHIA,1963,65
2,SOPHIA,1964,50
2,SOPHIA,1965,60
2,SOPHIA,1966,75
2,SOPHIA,1967,75
2,SOPHIA,1968,70
2,SOPHIA,1969,115
2,SOPHIA,1970,150
2,SOPHIA,1971,145
2,SOPHIA,1972,120
2,SOPHIA,1973,140
2,SOPHIA,1974,125
2,SOPHIA,1975,130
2,SOPHIA,1976,135
2,SOPHIA,1977,135
2,SOPHIA,1978,145
2,SOPHIA,1979,135
2,SOPHIA,1980,165
2,SOPHIA,1981,190
2,SOPHIA,1982,200
2,SOPHIA,1983,270
2,SOPHIA,1984,250
2,SOPHIA,1985,210
2,SOPHIA,1986,345
2,SOPHIA,1987,370
2,SOPHIA,1988,360
2,SOPHIA,1989,345
2,SOPHIA,1990,350
2,SOPHIA,1991,370
2,SOPHIA,1992,360
2,SOPHIA,1993,355
2,SOPHIA,1994,370
2,SOPHIA,1995,350
2,SOPHIA,1996,330
2,SOPHIA,1997,310
2,SOPHIA,1998,275
2,SOPHIA,1999,280
2,SOPHIA,2000,280
2,SOPHIA,2001,215
2,SOPHIA,2002,215
2,SOPHIA,2003,225
2,SOPHIA,2004,250
2,SOPHIA,2005,220
2,SOPHIE,1943,90
2,SOPHIE,1945,95
2,SOPHIE,1946,115
2,SOPHIE,1947,105
2,SOPHIE,1950,210
2,SOPHIE,1951,195
2,SOPHIE,1952,265
2,SOPHIE,1953,350
2,SOPHIE,1954,420
2,SOPHIE,1955,555
2,SOPHIE,1957,1130
2,SOPHIE,1958,1310
2,SOPHIE,1960,2145
2,SOPHIE,1961,2730
2,SOPHIE,1962,3700
2,SOPHIE,1963,4200
2,SOPHIE,1964,4650
2,SOPHIE,1965,5100
2,SOPHIE,1966,6525
2,SOPHIE,1967,6975
2,SOPHIE,1968,8305
2,SOPHIE,1969,9115
2,SOPHIE,1970,11105
2,SOPHIE,1971,11210
2,SOPHIE,1972,10380
2,SOPHIE,1973,10060
2,SOPHIE,1974,8360
2,SOPHIE,1975,7180
2,SOPHIE,1976,7615
2,SOPHIE,1977,7385
2,SOPHIE,1978,6555
2,SOPHIE,1979,6465
2,SOPHIE,1980,6350
2,SOPHIE,1981,6400
2,SOPHIE,1982,6030
2,SOPHIE,1983,5710
2,SOPHIE,1984,5610
2,SOPHIE,1985,5165
2,SOPHIE,1986,5035
2,SOPHIE,1987,5495
2,SOPHIE,1988,4945
2,SOPHIE,1989,4255
2,SOPHIE,1990,3970
2,SOPHIE,1991,3580
2,SOPHIE,1992,3030
2,SOPHIE,1993,2415
2,SOPHIE,1994,2015
2,SOPHIE,1995,1785
2,SOPHIE,1996,1730
2,SOPHIE,1997,1475
2,SOPHIE,1998,1345
2,SOPHIE,1999,1160
2,SOPHIE,2000,1115
2,SOPHIE,2001,925
2,SOPHIE,2002,790
2,SOPHIE,2003,635
2,SOPHIE,2004,590
2,SOPHIE,2005,570
2,STEPHANIE,1971,5
2,STEPHANIE,1973,5
2,STEPHANIE,1974,5
2,STEPHANIE,1975,5
2,STEPHANIE,1976,5
2,STEPHANIE,1977,5
2,STEPHANIE,1978,5
2,STEPHANIE,1979,10
2,STEPHANIE,1980,10
2,STEPHANIE,1982,5
2,STEPHANIE,1983,5
2,STEPHANIE,1984,5
2,STEPHANIE,1986,5
2,STEPHANIE,1990,5
2,STEPHANIE,1991,5
2,STEPHANIE,1995,5
2,STEVE,1975,5
2,STÉPHANE,1945,10
2,STÉPHANE,1946,10
2,STÉPHANE,1947,10
2,STÉPHANE,1950,5
2,STÉPHANE,1951,10
2,STÉPHANE,1952,20
2,STÉPHANE,1953,25
2,STÉPHANE,1954,30
2,STÉPHANE,1955,20
2,STÉPHANE,1957,30
2,STÉPHANE,1958,25
2,STÉPHANE,1960,35
2,STÉPHANE,1961,35
2,STÉPHANE,1962,45
2,STÉPHANE,1963,35
2,STÉPHANE,1964,30
2,STÉPHANE,1965,30
2,STÉPHANE,1966,30
2,STÉPHANE,1967,15
2,STÉPHANE,1968,20
2,STÉPHANE,1969,35
2,STÉPHANE,1970,35
2,STÉPHANE,1971,55
2,STÉPHANE,1972,45
2,STÉPHANE,1973,40
2,STÉPHANE,1974,30
2,STÉPHANE,1975,20
2,STÉPHANE,1976,15
2,STÉPHANE,1977,25
2,STÉPHANE,1978,20
2,STÉPHANE,1979,25
2,STÉPHANE,1980,15
2,STÉPHANE,1981,20
2,STÉPHANE,1982,15
2,STÉPHANE,1983,10
2,STÉPHANE,1984,15
2,STÉPHANE,1985,10
2,STÉPHANE,1986,10
2,STÉPHANE,1987,5
2,STÉPHANE,1988,10
2,STÉPHANE,1989,5
2,STÉPHANE,1990,5
2,STÉPHANE,1991,5
2,STÉPHANE,1992,5
2,STÉPHANE,1996,5
2,STÉPHANE,1998,5
2,STÉPHANE,2001,5
2,STÉPHANIE,1943,45
2,STÉPHANIE,1945,30
2,STÉPHANIE,1946,50
2,STÉPHANIE,1947,30
2,STÉPHANIE,1950,50
2,STÉPHANIE,1951,40
2,STÉPHANIE,1952,40
2,STÉPHANIE,1953,40
2,STÉPHANIE,1954,30
2,STÉPHANIE,1955,45
2,STÉPHANIE,1957,60
2,STÉPHANIE,1958,50
2,STÉPHANIE,1960,85
2,STÉPHANIE,1961,70
2,STÉPHANIE,1962,105
2,STÉPHANIE,1963,130
2,STÉPHANIE,1964,185
2,STÉPHANIE,1965,785
2,STÉPHANIE,1966,1325
2,STÉPHANIE,1967,1910
2,STÉPHANIE,1968,2395
2,STÉPHANIE,1969,3435
2,STÉPHANIE,1970,5180
2,STÉPHANIE,1971,8865
2,STÉPHANIE,1972,10490
2,STÉPHANIE,1973,13725
2,STÉPHANIE,1974,23515
2,STÉPHANIE,1975,19595
2,STÉPHANIE,1976,16690
2,STÉPHANIE,1977,15055
2,STÉPHANIE,1978,12080
2,STÉPHANIE,1979,10600
2,STÉPHANIE,1980,9315
2,STÉPHANIE,1981,8525
2,STÉPHANIE,1982,8030
2,STÉPHANIE,1983,8000
2,STÉPHANIE,1984,7085
2,STÉPHANIE,1985,7065
2,STÉPHANIE,1986,8420
2,STÉPHANIE,1987,6550
2,STÉPHANIE,1988,4625
2,STÉPHANIE,1989,3895
2,STÉPHANIE,1990,3065
2,STÉPHANIE,1991,2570
2,STÉPHANIE,1992,1990
2,STÉPHANIE,1993,1360
2,STÉPHANIE,1994,1090
2,STÉPHANIE,1995,980
2,STÉPHANIE,1996,810
2,STÉPHANIE,1997,580
2,STÉPHANIE,1998,505
2,STÉPHANIE,1999,415
2,STÉPHANIE,2000,365
2,STÉPHANIE,2001,285
2,STÉPHANIE,2002,230
2,STÉPHANIE,2003,200
2,STÉPHANIE,2004,140
2,STÉPHANIE,2005,140
2,SYLVIANE,1943,590
2,SYLVIANE,1945,850
2,SYLVIANE,1946,1380
2,SYLVIANE,1947,1620
2,SYLVIANE,1950,2065
2,SYLVIANE,1951,2185
2,SYLVIANE,1952,2115
2,SYLVIANE,1953,2340
2,SYLVIANE,1954,2275
2,SYLVIANE,1955,2505
2,SYLVIANE,1957,2370
2,SYLVIANE,1958,2245
2,SYLVIANE,1960,2075
2,SYLVIANE,1961,1860
2,SYLVIANE,1962,1640
2,SYLVIANE,1963,1490
2,SYLVIANE,1964,1305
2,SYLVIANE,1965,1085
2,SYLVIANE,1966,890
2,SYLVIANE,1967,800
2,SYLVIANE,1968,650
2,SYLVIANE,1969,550
2,SYLVIANE,1970,500
2,SYLVIANE,1971,485
2,SYLVIANE,1972,355
2,SYLVIANE,1973,320
2,SYLVIANE,1974,260
2,SYLVIANE,1975,230
2,SYLVIANE,1976,175
2,SYLVIANE,1977,170
2,SYLVIANE,1978,135
2,SYLVIANE,1979,115
2,SYLVIANE,1980,95
2,SYLVIANE,1981,105
2,SYLVIANE,1982,70
2,SYLVIANE,1983,70
2,SYLVIANE,1984,45
2,SYLVIANE,1985,30
2,SYLVIANE,1986,35
2,SYLVIANE,1987,20
2,SYLVIANE,1988,25
2,SYLVIANE,1989,30
2,SYLVIANE,1990,30
2,SYLVIANE,1991,10
2,SYLVIANE,1992,10
2,SYLVIANE,1993,20
2,SYLVIANE,1994,10
2,SYLVIANE,1995,10
2,SYLVIANE,1996,10
2,SYLVIANE,1997,5
2,SYLVIANE,1998,5
2,SYLVIANE,1999,5
2,SYLVIANE,2000,10
2,SYLVIANE,2001,10
2,SYLVIANE,2002,5
2,SYLVIANE,2004,5
2,SYLVIANE,2005,5
2,SYLVIE,1943,260
2,SYLVIE,1945,445
2,SYLVIE,1946,795
2,SYLVIE,1947,1000
2,SYLVIE,1950,2195
2,SYLVIE,1951,2750
2,SYLVIE,1952,3585
2,SYLVIE,1953,4455
2,SYLVIE,1954,4990
2,SYLVIE,1955,6880
2,SYLVIE,1957,11035
2,SYLVIE,1958,13225
2,SYLVIE,1960,17655
2,SYLVIE,1961,19190
2,SYLVIE,1962,20820
2,SYLVIE,1963,25665
2,SYLVIE,1964,27550
2,SYLVIE,1965,24635
2,SYLVIE,1966,20310
2,SYLVIE,1967,17320
2,SYLVIE,1968,17145
2,SYLVIE,1969,14460
2,SYLVIE,1970,12390
2,SYLVIE,1971,10595
2,SYLVIE,1972,9490
2,SYLVIE,1973,7750
2,SYLVIE,1974,6155
2,SYLVIE,1975,4785
2,SYLVIE,1976,4230
2,SYLVIE,1977,3615
2,SYLVIE,1978,2845
2,SYLVIE,1979,2670
2,SYLVIE,1980,2120
2,SYLVIE,1981,1795
2,SYLVIE,1982,1500
2,SYLVIE,1983,1150
2,SYLVIE,1984,920
2,SYLVIE,1985,715
2,SYLVIE,1986,560
2,SYLVIE,1987,465
2,SYLVIE,1988,400
2,SYLVIE,1989,325
2,SYLVIE,1990,300
2,SYLVIE,1991,280
2,SYLVIE,1992,255
2,SYLVIE,1993,170
2,SYLVIE,1994,160
2,SYLVIE,1995,135
2,SYLVIE,1996,120
2,SYLVIE,1997,100
2,SYLVIE,1998,95
2,SYLVIE,1999,95
2,SYLVIE,2000,80
2,SYLVIE,2001,60
2,SYLVIE,2002,60
2,SYLVIE,2003,50
2,SYLVIE,2004,50
2,SYLVIE,2005,30
2,SÉBASTIEN,1945,5
2,SÉBASTIEN,1951,5
2,SÉBASTIEN,1952,5
2,SÉBASTIEN,1953,5
2,SÉBASTIEN,1969,5
2,TANIA,1945,5
2,TANIA,1946,5
2,TANIA,1947,10
2,TANIA,1950,10
2,TANIA,1951,5
2,TANIA,1952,5
2,TANIA,1954,10
2,TANIA,1955,20
2,TANIA,1957,55
2,TANIA,1958,50
2,TANIA,1960,50
2,TANIA,1961,75
2,TANIA,1962,95
2,TANIA,1963,75
2,TANIA,1964,90
2,TANIA,1965,100
2,TANIA,1966,120
2,TANIA,1967,140
2,TANIA,1968,150
2,TANIA,1969,160
2,TANIA,1970,220
2,TANIA,1971,280
2,TANIA,1972,290
2,TANIA,1973,290
2,TANIA,1974,310
2,TANIA,1975,260
2,TANIA,1976,230
2,TANIA,1977,210
2,TANIA,1978,160
2,TANIA,1979,190
2,TANIA,1980,180
2,TANIA,1981,165
2,TANIA,1982,140
2,TANIA,1983,155
2,TANIA,1984,135
2,TANIA,1985,105
2,TANIA,1986,125
2,TANIA,1987,145
2,TANIA,1988,170
2,TANIA,1989,170
2,TANIA,1990,165
2,TANIA,1991,165
2,TANIA,1992,125
2,TANIA,1993,120
2,TANIA,1994,140
2,TANIA,1995,125
2,TANIA,1996,105
2,TANIA,1997,145
2,TANIA,1998,145
2,TANIA,1999,155
2,TANIA,2000,205
2,TANIA,2001,210
2,TANIA,2002,185
2,TANIA,2003,175
2,TANIA,2004,165
2,TANIA,2005,165
2,THIBAULT,2000,5
2,THIBAULT,2002,5
2,THIERRY,1946,5
2,THOMAS,1943,10
2,THOMAS,1945,10
2,THOMAS,1946,10
2,THOMAS,1947,10
2,THOMAS,1950,10
2,THOMAS,1951,10
2,THOMAS,1952,15
2,THOMAS,1953,5
2,THOMAS,1954,5
2,THOMAS,1955,5
2,THOMAS,1957,5
2,THOMAS,1961,5
2,THOMAS,1963,5
2,THOMAS,1964,5
2,THOMAS,1966,5
2,THOMAS,1967,5
2,THOMAS,1969,5
2,THOMAS,1972,5
2,THOMAS,1997,5
2,THOMAS,2000,5
2,THOMAS,2001,5
2,THOMAS,2002,5
2,THOMAS,2003,10
2,THOMAS,2004,5
2,THOMAS,2005,5
2,TIFFANY,1972,5
2,TIFFANY,1973,5
2,TIFFANY,1974,10
2,TIFFANY,1975,5
2,TIFFANY,1976,10
2,TIFFANY,1977,10
2,TIFFANY,1978,10
2,TIFFANY,1979,15
2,TIFFANY,1980,25
2,TIFFANY,1981,335
2,TIFFANY,1982,125
2,TIFFANY,1983,260
2,TIFFANY,1984,265
2,TIFFANY,1985,370
2,TIFFANY,1986,350
2,TIFFANY,1987,310
2,TIFFANY,1988,615
2,TIFFANY,1989,1025
2,TIFFANY,1990,865
2,TIFFANY,1991,820
2,TIFFANY,1992,1080
2,TIFFANY,1993,945
2,TIFFANY,1994,870
2,TIFFANY,1995,955
2,TIFFANY,1996,965
2,TIFFANY,1997,855
2,TIFFANY,1998,795
2,TIFFANY,1999,695
2,TIFFANY,2000,575
2,TIFFANY,2001,510
2,TIFFANY,2002,390
2,TIFFANY,2003,380
2,TIFFANY,2004,315
2,TIFFANY,2005,280
2,VALENTIN,1994,5
2,VALENTIN,2001,5
2,VALENTIN,2002,5
2,VALENTIN,2004,5
2,VALERIE,1965,5
2,VALERIE,1966,10
2,VALERIE,1967,10
2,VALERIE,1968,10
2,VALERIE,1969,5
2,VALERIE,1971,5
2,VALERIE,1972,5
2,VALERIE,1973,5
2,VALÉRIE,1943,20
2,VALÉRIE,1945,15
2,VALÉRIE,1946,20
2,VALÉRIE,1947,25
2,VALÉRIE,1950,35
2,VALÉRIE,1951,25
2,VALÉRIE,1952,35
2,VALÉRIE,1953,45
2,VALÉRIE,1954,75
2,VALÉRIE,1955,135
2,VALÉRIE,1957,290
2,VALÉRIE,1958,445
2,VALÉRIE,1960,1360
2,VALÉRIE,1961,2725
2,VALÉRIE,1962,5105
2,VALÉRIE,1963,8385
2,VALÉRIE,1964,12950
2,VALÉRIE,1965,16305
2,VALÉRIE,1966,20260
2,VALÉRIE,1967,22460
2,VALÉRIE,1968,21755
2,VALÉRIE,1969,22550
2,VALÉRIE,1970,19385
2,VALÉRIE,1971,16835
2,VALÉRIE,1972,14560
2,VALÉRIE,1973,12345
2,VALÉRIE,1974,8830
2,VALÉRIE,1975,7035
2,VALÉRIE,1976,5470
2,VALÉRIE,1977,4435
2,VALÉRIE,1978,3920
2,VALÉRIE,1979,3175
2,VALÉRIE,1980,2850
2,VALÉRIE,1981,2340
2,VALÉRIE,1982,1950
2,VALÉRIE,1983,1655
2,VALÉRIE,1984,1390
2,VALÉRIE,1985,1085
2,VALÉRIE,1986,1050
2,VALÉRIE,1987,855
2,VALÉRIE,1988,740
2,VALÉRIE,1989,630
2,VALÉRIE,1990,480
2,VALÉRIE,1991,315
2,VALÉRIE,1992,285
2,VALÉRIE,1993,200
2,VALÉRIE,1994,200
2,VALÉRIE,1995,150
2,VALÉRIE,1996,145
2,VALÉRIE,1997,115
2,VALÉRIE,1998,115
2,VALÉRIE,1999,90
2,VALÉRIE,2000,100
2,VALÉRIE,2001,75
2,VALÉRIE,2002,60
2,VALÉRIE,2003,50
2,VALÉRIE,2004,50
2,VALÉRIE,2005,55
2,VANESSA,1953,5
2,VANESSA,1955,5
2,VANESSA,1958,5
2,VANESSA,1961,5
2,VANESSA,1962,5
2,VANESSA,1963,5
2,VANESSA,1964,5
2,VANESSA,1966,5
2,VANESSA,1967,5
2,VANESSA,1968,35
2,VANESSA,1969,165
2,VANESSA,1970,340
2,VANESSA,1971,575
2,VANESSA,1972,1480
2,VANESSA,1973,1565
2,VANESSA,1974,1705
2,VANESSA,1975,2050
2,VANESSA,1976,2195
2,VANESSA,1977,3590
2,VANESSA,1978,4240
2,VANESSA,1979,4180
2,VANESSA,1980,4420
2,VANESSA,1981,5300
2,VANESSA,1982,5850
2,VANESSA,1983,4845
2,VANESSA,1984,4220
2,VANESSA,1985,4460
2,VANESSA,1986,4520
2,VANESSA,1987,4985
2,VANESSA,1988,5460
2,VANESSA,1989,3370
2,VANESSA,1990,1865
2,VANESSA,1991,1155
2,VANESSA,1992,930
2,VANESSA,1993,720
2,VANESSA,1994,565
2,VANESSA,1995,490
2,VANESSA,1996,470
2,VANESSA,1997,465
2,VANESSA,1998,475
2,VANESSA,1999,405
2,VANESSA,2000,390
2,VANESSA,2001,340
2,VANESSA,2002,330
2,VANESSA,2003,290
2,VANESSA,2004,235
2,VANESSA,2005,210
2,VANÉSSA,1982,5
2,VANÉSSA,1988,5
2,VERONIQUE,1958,5
2,VERONIQUE,1960,5
2,VERONIQUE,1961,5
2,VERONIQUE,1963,5
2,VERONIQUE,1964,5
2,VERONIQUE,1965,5
2,VERONIQUE,1966,5
2,VERONIQUE,1967,5
2,VERONIQUE,1969,5
2,VERONIQUE,1972,5
2,VERONIQUE,1988,5
2,VICKY,1955,5
2,VICKY,1957,5
2,VICKY,1960,10
2,VICKY,1966,5
2,VICKY,1967,5
2,VICKY,1969,5
2,VICKY,1971,5
2,VICKY,1972,15
2,VICKY,1973,30
2,VICKY,1974,30
2,VICKY,1975,25
2,VICKY,1976,40
2,VICKY,1977,45
2,VICKY,1978,35
2,VICKY,1979,25
2,VICKY,1980,25
2,VICKY,1981,45
2,VICKY,1982,25
2,VICKY,1983,25
2,VICKY,1984,55
2,VICKY,1985,45
2,VICKY,1986,60
2,VICKY,1987,65
2,VICKY,1988,60
2,VICKY,1989,85
2,VICKY,1990,70
2,VICKY,1991,60
2,VICKY,1992,65
2,VICKY,1993,50
2,VICKY,1994,55
2,VICKY,1995,65
2,VICKY,1996,55
2,VICKY,1997,65
2,VICKY,1998,75
2,VICKY,1999,75
2,VICKY,2000,65
2,VICKY,2001,65
2,VICKY,2002,55
2,VICKY,2003,55
2,VICKY,2004,45
2,VICKY,2005,40
2,VINCENT,1943,5
2,VINCENT,1945,10
2,VINCENT,1946,10
2,VINCENT,1947,10
2,VINCENT,1950,5
2,VINCENT,1951,5
2,VINCENT,1953,5
2,VINCENT,1954,5
2,VINCENT,1955,10
2,VINCENT,1958,5
2,VINCENT,1960,5
2,VINCENT,1962,5
2,VINCENT,1963,5
2,VINCENT,1969,5
2,VINCENT,2003,5
2,VINCENT,2004,5
2,VIRGINIE,1943,30
2,VIRGINIE,1945,35
2,VIRGINIE,1946,45
2,VIRGINIE,1947,40
2,VIRGINIE,1950,35
2,VIRGINIE,1951,40
2,VIRGINIE,1952,50
2,VIRGINIE,1953,65
2,VIRGINIE,1954,80
2,VIRGINIE,1955,130
2,VIRGINIE,1957,235
2,VIRGINIE,1958,255
2,VIRGINIE,1960,355
2,VIRGINIE,1961,420
2,VIRGINIE,1962,535
2,VIRGINIE,1963,765
2,VIRGINIE,1964,865
2,VIRGINIE,1965,1200
2,VIRGINIE,1966,1670
2,VIRGINIE,1967,1995
2,VIRGINIE,1968,2690
2,VIRGINIE,1969,3565
2,VIRGINIE,1970,4500
2,VIRGINIE,1971,5600
2,VIRGINIE,1972,5290
2,VIRGINIE,1973,5915
2,VIRGINIE,1974,10540
2,VIRGINIE,1975,10150
2,VIRGINIE,1976,9195
2,VIRGINIE,1977,9640
2,VIRGINIE,1978,9475
2,VIRGINIE,1979,8825
2,VIRGINIE,1980,9950
2,VIRGINIE,1981,8895
2,VIRGINIE,1982,7895
2,VIRGINIE,1983,6585
2,VIRGINIE,1984,5695
2,VIRGINIE,1985,5265
2,VIRGINIE,1986,4585
2,VIRGINIE,1987,3750
2,VIRGINIE,1988,3075
2,VIRGINIE,1989,2405
2,VIRGINIE,1990,2085
2,VIRGINIE,1991,1810
2,VIRGINIE,1992,1355
2,VIRGINIE,1993,1125
2,VIRGINIE,1994,900
2,VIRGINIE,1995,670
2,VIRGINIE,1996,555
2,VIRGINIE,1997,445
2,VIRGINIE,1998,370
2,VIRGINIE,1999,295
2,VIRGINIE,2000,245
2,VIRGINIE,2001,160
2,VIRGINIE,2002,120
2,VIRGINIE,2003,95
2,VIRGINIE,2004,75
2,VIRGINIE,2005,60
2,VIVIEN,1957,5
2,VÉRONIQUE,1943,100
2,VÉRONIQUE,1945,160
2,VÉRONIQUE,1946,215
2,VÉRONIQUE,1947,330
2,VÉRONIQUE,1950,750
2,VÉRONIQUE,1951,845
2,VÉRONIQUE,1952,1225
2,VÉRONIQUE,1953,1375
2,VÉRONIQUE,1954,1885
2,VÉRONIQUE,1955,2910
2,VÉRONIQUE,1957,5320
2,VÉRONIQUE,1958,6470
2,VÉRONIQUE,1960,10215
2,VÉRONIQUE,1961,13360
2,VÉRONIQUE,1962,14665
2,VÉRONIQUE,1963,16205
2,VÉRONIQUE,1964,14980
2,VÉRONIQUE,1965,14670
2,VÉRONIQUE,1966,14360
2,VÉRONIQUE,1967,13030
2,VÉRONIQUE,1968,11840
2,VÉRONIQUE,1969,10890
2,VÉRONIQUE,1970,9745
2,VÉRONIQUE,1971,8475
2,VÉRONIQUE,1972,7380
2,VÉRONIQUE,1973,6885
2,VÉRONIQUE,1974,5285
2,VÉRONIQUE,1975,4540
2,VÉRONIQUE,1976,3655
2,VÉRONIQUE,1977,3080
2,VÉRONIQUE,1978,2555
2,VÉRONIQUE,1979,2100
2,VÉRONIQUE,1980,1895
2,VÉRONIQUE,1981,1575
2,VÉRONIQUE,1982,1260
2,VÉRONIQUE,1983,1005
2,VÉRONIQUE,1984,835
2,VÉRONIQUE,1985,670
2,VÉRONIQUE,1986,535
2,VÉRONIQUE,1987,435
2,VÉRONIQUE,1988,330
2,VÉRONIQUE,1989,255
2,VÉRONIQUE,1990,185
2,VÉRONIQUE,1991,160
2,VÉRONIQUE,1992,130
2,VÉRONIQUE,1993,115
2,VÉRONIQUE,1994,90
2,VÉRONIQUE,1995,80
2,VÉRONIQUE,1996,50
2,VÉRONIQUE,1997,60
2,VÉRONIQUE,1998,55
2,VÉRONIQUE,1999,35
2,VÉRONIQUE,2000,50
2,VÉRONIQUE,2001,45
2,VÉRONIQUE,2002,35
2,VÉRONIQUE,2003,20
2,VÉRONIQUE,2004,25
2,VÉRONIQUE,2005,25
2,WAFA,1966,5
2,WAFA,1971,5
2,WAFA,1972,5
2,WAFA,1973,5
2,WAFA,1974,10
2,WAFA,1975,5
2,WAFA,1976,10
2,WAFA,1977,15
2,WAFA,1978,15
2,WAFA,1979,30
2,WAFA,1980,35
2,WAFA,1981,25
2,WAFA,1982,35
2,WAFA,1983,30
2,WAFA,1984,35
2,WAFA,1985,25
2,WAFA,1986,65
2,WAFA,1987,70
2,WAFA,1988,55
2,WAFA,1989,55
2,WAFA,1990,50
2,WAFA,1991,60
2,WAFA,1992,45
2,WAFA,1993,50
2,WAFA,1994,50
2,WAFA,1995,35
2,WAFA,1996,45
2,WAFA,1997,40
2,WAFA,1998,35
2,WAFA,1999,25
2,WAFA,2000,40
2,WAFA,2001,35
2,WAFA,2002,25
2,WAFA,2003,25
2,WAFA,2004,35
2,WAFA,2005,40
2,WENDY,1955,10
2,WENDY,1957,5
2,WENDY,1958,5
2,WENDY,1960,5
2,WENDY,1961,10
2,WENDY,1962,10
2,WENDY,1963,5
2,WENDY,1964,5
2,WENDY,1965,5
2,WENDY,1966,5
2,WENDY,1968,5
2,WENDY,1969,5
2,WENDY,1970,10
2,WENDY,1971,5
2,WENDY,1972,5
2,WENDY,1973,10
2,WENDY,1974,10
2,WENDY,1975,20
2,WENDY,1976,25
2,WENDY,1977,30
2,WENDY,1978,35
2,WENDY,1979,50
2,WENDY,1980,55
2,WENDY,1981,45
2,WENDY,1982,45
2,WENDY,1983,70
2,WENDY,1984,120
2,WENDY,1985,125
2,WENDY,1986,130
2,WENDY,1987,135
2,WENDY,1988,230
2,WENDY,1989,280
2,WENDY,1990,310
2,WENDY,1991,320
2,WENDY,1992,425
2,WENDY,1993,360
2,WENDY,1994,1120
2,WENDY,1995,935
2,WENDY,1996,660
2,WENDY,1997,630
2,WENDY,1998,460
2,WENDY,1999,445
2,WENDY,2000,430
2,WENDY,2001,365
2,WENDY,2002,370
2,WENDY,2003,370
2,WENDY,2004,340
2,WENDY,2005,350
2,WILLIAM,1999,5
2,WILLIAM,2001,5
2,WILLIAM,2002,5
2,WILLIAM,2003,5
2,WILLIAM,2004,5
2,WILLIAM,2005,5
2,YANNICK,1943,45
2,YANNICK,1945,50
2,YANNICK,1946,65
2,YANNICK,1947,85
2,YANNICK,1950,140
2,YANNICK,1951,135
2,YANNICK,1952,145
2,YANNICK,1953,160
2,YANNICK,1954,185
2,YANNICK,1955,210
2,YANNICK,1957,170
2,YANNICK,1958,165
2,YANNICK,1960,145
2,YANNICK,1961,150
2,YANNICK,1962,150
2,YANNICK,1963,245
2,YANNICK,1964,185
2,YANNICK,1965,175
2,YANNICK,1966,175
2,YANNICK,1967,165
2,YANNICK,1968,150
2,YANNICK,1969,130
2,YANNICK,1970,120
2,YANNICK,1971,125
2,YANNICK,1972,130
2,YANNICK,1973,105
2,YANNICK,1974,85
2,YANNICK,1975,85
2,YANNICK,1976,60
2,YANNICK,1977,60
2,YANNICK,1978,55
2,YANNICK,1979,50
2,YANNICK,1980,60
2,YANNICK,1981,50
2,YANNICK,1982,45
2,YANNICK,1983,35
2,YANNICK,1984,20
2,YANNICK,1985,20
2,YANNICK,1986,15
2,YANNICK,1987,5
2,YANNICK,1988,15
2,YANNICK,1989,10
2,YANNICK,1990,10
2,YANNICK,1991,5
2,YANNICK,1992,5
2,YANNICK,1993,10
2,YANNICK,1994,5
2,YANNICK,1996,5
2,YANNICK,1997,5
2,YANNICK,1998,5
2,YVES,1950,5
2,YVES,1951,5
2,YVES,1952,5
2,YVES,1953,5
2,YVES,1954,10
2,YVES,1955,5
2,YVES,1957,5
2,YVES,1960,5
2,YVES,1961,5
2,YVES,1962,5
2,YVES,1963,5
2,YVES,1965,5
2,YVES,1966,5
2,YVES,1967,5
2,YVES,1970,5
2,YVES,1971,5
2,ÉLIANE,1943,10
2,ÉLIANE,1945,10
2,ÉLIANE,1946,10
2,ÉLIANE,1947,15
2,ÉLIANE,1950,15
2,ÉLIANE,1951,20
2,ÉLIANE,1952,20
2,ÉLIANE,1953,15
2,ÉLIANE,1954,10
2,ÉLIANE,1955,15
2,ÉLIANE,1957,10
2,ÉLIANE,1958,10
2,ÉLIANE,1960,5
2,ÉLIANE,1961,5
2,ÉLIANE,1962,10
2,ÉLIANE,1963,10
2,ÉLIANE,1964,5
2,ÉLIANE,1965,5
2,ÉLIANE,1968,5
2,ÉLIANE,1971,5
2,ÉLIANE,1973,5
2,ÉLODIE,1969,5
2,ÉLODIE,1970,5
2,ÉLODIE,1971,10
2,ÉLODIE,1972,15
2,ÉLODIE,1973,15
2,ÉLODIE,1974,25
2,ÉLODIE,1975,30
2,ÉLODIE,1976,20
2,ÉLODIE,1977,50
2,ÉLODIE,1978,60
2,ÉLODIE,1979,80
2,ÉLODIE,1980,135
2,ÉLODIE,1981,195
2,ÉLODIE,1982,235
2,ÉLODIE,1983,240
2,ÉLODIE,1984,255
2,ÉLODIE,1985,265
2,ÉLODIE,1986,240
2,ÉLODIE,1987,255
2,ÉLODIE,1988,295
2,ÉLODIE,1989,200
2,ÉLODIE,1990,170
2,ÉLODIE,1991,130
2,ÉLODIE,1992,95
2,ÉLODIE,1993,65
2,ÉLODIE,1994,45
2,ÉLODIE,1995,45
2,ÉLODIE,1996,85
2,ÉLODIE,1997,55
2,ÉLODIE,1998,95
2,ÉLODIE,1999,10
2,ÉMILIE,1971,5
2,ÉMILIE,1972,5
2,ÉMILIE,1973,5
2,ÉMILIE,1974,20
2,ÉMILIE,1975,20
2,ÉMILIE,1976,30
2,ÉMILIE,1977,40
2,ÉMILIE,1978,95
2,ÉMILIE,1979,155
2,ÉMILIE,1980,300
2,ÉMILIE,1981,310
2,ÉMILIE,1982,295
2,ÉMILIE,1983,360
2,ÉMILIE,1984,300
2,ÉMILIE,1985,305
2,ÉMILIE,1986,265
2,ÉMILIE,1987,185
2,ÉMILIE,1988,155
2,ÉMILIE,1989,125
2,ÉMILIE,1990,95
2,ÉMILIE,1991,80
2,ÉMILIE,1992,60
2,ÉMILIE,1993,50
2,ÉMILIE,1994,40
2,ÉMILIE,1995,40
2,ÉMILIE,1996,80
2,ÉMILIE,1997,75
2,ÉMILIE,1998,90
2,ÉMILIE,1999,20
2,ÉMMANUELLE,1979,5
